t_ms,pitch_deg,roll_deg,height_mm
0.000,10.0000,-10.1511,49.9999
0.100,9.9997,-10.1511,49.9997
0.200,9.9992,-10.1511,49.9994
0.300,9.9986,-10.1510,49.9990
0.400,9.9981,-10.1510,49.9985
0.500,9.9982,-10.1510,49.9979
0.600,9.9991,-10.1510,49.9972
0.700,10.0015,-10.1511,49.9965
0.800,10.0056,-10.1512,49.9957
0.900,10.0122,-10.1514,49.9949
1.000,10.0218,-10.1517,49.9940
1.100,10.0347,-10.1520,49.9931
1.200,10.0517,-10.1525,49.9921
1.300,10.0730,-10.1531,49.9912
1.400,10.0991,-10.1538,49.9902
1.500,10.1305,-10.1547,49.9893
1.600,10.1672,-10.1557,49.9884
1.700,10.2096,-10.1568,49.9876
1.800,10.2578,-10.1582,49.9868
1.900,10.3118,-10.1596,49.9860
2.000,10.3716,-10.1613,49.9854
2.100,10.4369,-10.1630,49.9848
2.200,10.5075,-10.1650,49.9842
2.300,10.5832,-10.1670,49.9838
2.400,10.6633,-10.1692,49.9835
2.500,10.7474,-10.1714,49.9833
2.600,10.8347,-10.1738,49.9832
2.700,10.9247,-10.1762,49.9832
2.800,11.0165,-10.1787,49.9834
2.900,11.1093,-10.1812,49.9836
3.000,11.2023,-10.1838,49.9840
3.100,11.2946,-10.1863,49.9845
3.200,11.3854,-10.1888,49.9851
3.300,11.4738,-10.1912,49.9858
3.400,11.5593,-10.1936,49.9867
3.500,11.6409,-10.1959,49.9876
3.600,11.7182,-10.1981,49.9886
3.700,11.7906,-10.2002,49.9897
3.800,11.8578,-10.2022,49.9909
3.900,11.9193,-10.2041,49.9922
4.000,11.9750,-10.2058,49.9935
4.100,12.0248,-10.2074,49.9949
4.200,12.0686,-10.2089,49.9963
4.300,12.1067,-10.2103,49.9977
4.400,12.1392,-10.2115,49.9992
4.500,12.1663,-10.2127,50.0006
4.600,12.1884,-10.2137,50.0021
4.700,12.2059,-10.2147,50.0035
4.800,12.2192,-10.2156,50.0049
4.900,12.2287,-10.2164,50.0063
5.000,12.2348,-10.2172,50.0076
5.100,12.2381,-10.2179,50.0089
5.200,12.2389,-10.2185,50.0101
5.300,12.2377,-10.2192,50.0113
5.400,12.2347,-10.2198,50.0123
5.500,12.2304,-10.2204,50.0133
5.600,12.2251,-10.2211,50.0142
5.700,12.2191,-10.2217,50.0150
5.800,12.2127,-10.2224,50.0158
5.900,12.2061,-10.2230,50.0164
6.000,12.1996,-10.2238,50.0169
6.100,12.1934,-10.2245,50.0173
6.200,12.1874,-10.2253,50.0177
6.300,12.1818,-10.2261,50.0179
6.400,12.1764,-10.2269,50.0180
6.500,12.1712,-10.2277,50.0180
6.600,12.1660,-10.2286,50.0179
6.700,12.1605,-10.2294,50.0178
6.800,12.1542,-10.2302,50.0175
6.900,12.1469,-10.2310,50.0171
7.000,12.1380,-10.2316,50.0167
7.100,12.1270,-10.2322,50.0162
7.200,12.1133,-10.2327,50.0157
7.300,12.0965,-10.2329,50.0151
7.400,12.0760,-10.2331,50.0145
7.500,12.0514,-10.2330,50.0138
7.600,12.0222,-10.2327,50.0131
7.700,11.9881,-10.2322,50.0124
7.800,11.9488,-10.2314,50.0117
7.900,11.9040,-10.2303,50.0110
8.000,11.8535,-10.2290,50.0103
8.100,11.7973,-10.2274,50.0096
8.200,11.7354,-10.2256,50.0089
8.300,11.6679,-10.2235,50.0083
8.400,11.5951,-10.2211,50.0077
8.500,11.5173,-10.2185,50.0072
8.600,11.4348,-10.2156,50.0067
8.700,11.3482,-10.2126,50.0063
8.800,11.2582,-10.2095,50.0060
8.900,11.1653,-10.2062,50.0057
9.000,11.0703,-10.2028,50.0055
9.100,10.9741,-10.1993,50.0053
9.200,10.8774,-10.1959,50.0053
9.300,10.7812,-10.1925,50.0053
9.400,10.6862,-10.1892,50.0054
9.500,10.5932,-10.1861,50.0056
9.600,10.5032,-10.1831,50.0058
9.700,10.4167,-10.1802,50.0062
9.800,10.3344,-10.1777,50.0066
9.900,10.2569,-10.1754,50.0070
10.000,10.1846,-10.1734,50.0075
10.100,10.1179,-10.1717,50.0081
10.200,10.0571,-10.1703,50.0088
10.300,10.0023,-10.1692,50.0094
10.400,9.9535,-10.1685,50.0101
10.500,9.9107,-10.1681,50.0109
10.600,9.8737,-10.1681,50.0116
10.700,9.8423,-10.1683,50.0124
10.800,9.8161,-10.1689,50.0131
10.900,9.7948,-10.1697,50.0139
11.000,9.7780,-10.1707,50.0146
11.100,9.7652,-10.1721,50.0153
11.200,9.7561,-10.1736,50.0160
11.300,9.7501,-10.1753,50.0166
11.400,9.7467,-10.1772,50.0172
11.500,9.7457,-10.1793,50.0177
11.600,9.7466,-10.1815,50.0181
11.700,9.7490,-10.1838,50.0185
11.800,9.7526,-10.1862,50.0188
11.900,9.7570,-10.1888,50.0190
12.000,9.7621,-10.1914,50.0191
12.100,9.7674,-10.1940,50.0191
12.200,9.7727,-10.1968,50.0191
12.300,9.7778,-10.1996,50.0189
12.400,9.7827,-10.2024,50.0186
12.500,9.7872,-10.2052,50.0182
12.600,9.7914,-10.2081,50.0178
12.700,9.7954,-10.2110,50.0172
12.800,9.7993,-10.2139,50.0165
12.900,9.8034,-10.2168,50.0157
13.000,9.8079,-10.2197,50.0149
13.100,9.8134,-10.2227,50.0139
13.200,9.8202,-10.2256,50.0129
13.300,9.8289,-10.2285,50.0118
13.400,9.8400,-10.2314,50.0107
13.500,9.8541,-10.2343,50.0095
13.600,9.8716,-10.2372,50.0083
13.700,9.8931,-10.2401,50.0071
13.800,9.9191,-10.2430,50.0059
13.900,9.9499,-10.2459,50.0047
14.000,9.9859,-10.2488,50.0035
14.100,10.0274,-10.2517,50.0023
14.200,10.0745,-10.2546,50.0012
14.300,10.1275,-10.2575,50.0001
14.400,10.1863,-10.2604,49.9991
14.500,10.2510,-10.2633,49.9982
14.600,10.3212,-10.2662,49.9973
14.700,10.3969,-10.2691,49.9965
14.800,10.4775,-10.2721,49.9958
14.900,10.5627,-10.2750,49.9953
15.000,10.6518,-10.2780,49.9948
15.100,10.7443,-10.2809,49.9944
15.200,10.8394,-10.2839,49.9942
15.300,10.9364,-10.2869,49.9941
15.400,11.0343,-10.2900,49.9941
15.500,11.1324,-10.2930,49.9942
15.600,11.2299,-10.2961,49.9945
15.700,11.3258,-10.2993,49.9948
15.800,11.4194,-10.3024,49.9953
15.900,11.5099,-10.3056,49.9959
16.000,11.5966,-10.3089,49.9966
16.100,11.6790,-10.3122,49.9974
16.200,11.7564,-10.3155,49.9982
16.300,11.8284,-10.3189,49.9992
16.400,11.8948,-10.3224,50.0002
16.500,11.9553,-10.3259,50.0013
16.600,12.0098,-10.3294,50.0025
16.700,12.0584,-10.3330,50.0036
16.800,12.1012,-10.3366,50.0048
16.900,12.1383,-10.3403,50.0061
17.000,12.1700,-10.3440,50.0073
17.100,12.1966,-10.3478,50.0085
17.200,12.2186,-10.3517,50.0097
17.300,12.2363,-10.3556,50.0109
17.400,12.2502,-10.3596,50.0120
17.500,12.2608,-10.3636,50.0131
17.600,12.2684,-10.3676,50.0142
17.700,12.2735,-10.3718,50.0152
17.800,12.2766,-10.3760,50.0161
17.900,12.2780,-10.3802,50.0169
18.000,12.2779,-10.3846,50.0177
18.100,12.2769,-10.3890,50.0184
18.200,12.2751,-10.3935,50.0190
18.300,12.2729,-10.3981,50.0195
18.400,12.2706,-10.4027,50.0199
18.500,12.2683,-10.4074,50.0202
18.600,12.2663,-10.4123,50.0204
18.700,12.2645,-10.4172,50.0205
18.800,12.2631,-10.4221,50.0205
18.900,12.2619,-10.4271,50.0204
19.000,12.2609,-10.4322,50.0202
19.100,12.2598,-10.4373,50.0199
19.200,12.2584,-10.4423,50.0195
19.300,12.2564,-10.4473,50.0190
19.400,12.2533,-10.4522,50.0185
19.500,12.2485,-10.4570,50.0178
19.600,12.2417,-10.4616,50.0171
19.700,12.2323,-10.4659,50.0163
19.800,12.2197,-10.4701,50.0155
19.900,12.2035,-10.4739,50.0147
20.000,12.1832,-10.4774,50.0138
20.100,12.1583,-10.4806,50.0128
20.200,12.1285,-10.4833,50.0119
20.300,12.0936,-10.4857,50.0110
20.400,12.0532,-10.4876,50.0100
20.500,12.0072,-10.4891,50.0091
20.600,11.9555,-10.4902,50.0082
20.700,11.8982,-10.4908,50.0073
20.800,11.8353,-10.4910,50.0065
20.900,11.7671,-10.4907,50.0057
21.000,11.6939,-10.4901,50.0049
21.100,11.6162,-10.4891,50.0042
21.200,11.5343,-10.4878,50.0035
21.300,11.4490,-10.4863,50.0029
21.400,11.3609,-10.4845,50.0024
21.500,11.2708,-10.4826,50.0020
21.600,11.1794,-10.4807,50.0016
21.700,11.0876,-10.4787,50.0013
21.800,10.9961,-10.4768,50.0010
21.900,10.9059,-10.4750,50.0009
22.000,10.8178,-10.4734,50.0008
22.100,10.7325,-10.4721,50.0008
22.200,10.6507,-10.4710,50.0008
22.300,10.5731,-10.4704,50.0010
22.400,10.5003,-10.4701,50.0011
22.500,10.4326,-10.4703,50.0014
22.600,10.3705,-10.4710,50.0017
22.700,10.3142,-10.4721,50.0021
22.800,10.2638,-10.4738,50.0025
22.900,10.2194,-10.4760,50.0029
23.000,10.1810,-10.4787,50.0033
23.100,10.1483,-10.4818,50.0038
23.200,10.1211,-10.4855,50.0043
23.300,10.0991,-10.4896,50.0047
23.400,10.0819,-10.4942,50.0052
23.500,10.0692,-10.4991,50.0056
23.600,10.0605,-10.5044,50.0061
23.700,10.0554,-10.5101,50.0064
23.800,10.0534,-10.5161,50.0067
23.900,10.0540,-10.5223,50.0070
24.000,10.0570,-10.5288,50.0072
24.100,10.0617,-10.5355,50.0074
24.200,10.0680,-10.5425,50.0075
24.300,10.0755,-10.5496,50.0075
24.400,10.0838,-10.5569,50.0074
24.500,10.0926,-10.5643,50.0072
24.600,10.1017,-10.5718,50.0069
24.700,10.1108,-10.5795,50.0066
24.800,10.1197,-10.5873,50.0061
24.900,10.1283,-10.5951,50.0055
25.000,10.1365,-10.6030,50.0048
25.100,10.1445,-10.6110,50.0041
25.200,10.1522,-10.6191,50.0032
25.300,10.1598,-10.6271,50.0022
25.400,10.1676,-10.6352,50.0011
25.500,10.1758,-10.6432,50.0000
25.600,10.1850,-10.6512,49.9987
25.700,10.1955,-10.6592,49.9974
25.800,10.2079,-10.6671,49.9960
25.900,10.2228,-10.6749,49.9946
26.000,10.2406,-10.6826,49.9932
26.100,10.2619,-10.6902,49.9917
26.200,10.2873,-10.6977,49.9902
26.300,10.3171,-10.7051,49.9886
26.400,10.3517,-10.7123,49.9871
26.500,10.3916,-10.7194,49.9857
26.600,10.4371,-10.7263,49.9842
26.700,10.4883,-10.7330,49.9828
26.800,10.5453,-10.7396,49.9814
26.900,10.6082,-10.7461,49.9801
27.000,10.6770,-10.7523,49.9789
27.100,10.7515,-10.7585,49.9777
27.200,10.8314,-10.7644,49.9767
27.300,10.9163,-10.7703,49.9757
27.400,11.0058,-10.7760,49.9748
27.500,11.0994,-10.7816,49.9741
27.600,11.1963,-10.7872,49.9735
27.700,11.2958,-10.7927,49.9729
27.800,11.3972,-10.7982,49.9726
27.900,11.4996,-10.8037,49.9723
28.000,11.6022,-10.8092,49.9722
28.100,11.7041,-10.8148,49.9721
28.200,11.8045,-10.8205,49.9722
28.300,11.9025,-10.8263,49.9725
28.400,11.9974,-10.8322,49.9728
28.500,12.0885,-10.8383,49.9732
28.600,12.1751,-10.8446,49.9738
28.700,12.2567,-10.8510,49.9744
28.800,12.3330,-10.8577,49.9751
28.900,12.4035,-10.8645,49.9759
29.000,12.4682,-10.8716,49.9767
29.100,12.5267,-10.8789,49.9776
29.200,12.5793,-10.8864,49.9785
29.300,12.6260,-10.8942,49.9795
29.400,12.6670,-10.9022,49.9805
29.500,12.7025,-10.9103,49.9815
29.600,12.7329,-10.9187,49.9825
29.700,12.7586,-10.9273,49.9834
29.800,12.7801,-10.9361,49.9844
29.900,12.7977,-10.9450,49.9853
30.000,12.8118,-10.9541,49.9861
30.100,12.8231,-10.9634,49.9869
30.200,12.8318,-10.9729,49.9877
30.300,12.8385,-10.9825,49.9884
30.400,12.8433,-10.9922,49.9890
30.500,12.8469,-11.0021,49.9895
30.600,12.8493,-11.0122,49.9900
30.700,12.8510,-11.0224,49.9903
30.800,12.8523,-11.0327,49.9906
30.900,12.8535,-11.0432,49.9908
31.000,12.8547,-11.0539,49.9908
31.100,12.8561,-11.0646,49.9908
31.200,12.8578,-11.0755,49.9907
31.300,12.8598,-11.0865,49.9904
31.400,12.8620,-11.0976,49.9901
31.500,12.8644,-11.1087,49.9897
31.600,12.8668,-11.1198,49.9891
31.700,12.8689,-11.1310,49.9885
31.800,12.8703,-11.1420,49.9878
31.900,12.8706,-11.1529,49.9870
32.000,12.8693,-11.1636,49.9861
32.100,12.8659,-11.1740,49.9852
32.200,12.8600,-11.1841,49.9841
32.300,12.8509,-11.1939,49.9831
32.400,12.8381,-11.2032,49.9820
32.500,12.8213,-11.2121,49.9809
32.600,12.8000,-11.2204,49.9797
32.700,12.7738,-11.2282,49.9785
32.800,12.7425,-11.2354,49.9774
32.900,12.7057,-11.2420,49.9762
33.000,12.6634,-11.2479,49.9750
33.100,12.6154,-11.2532,49.9739
33.200,12.5618,-11.2578,49.9727
33.300,12.5027,-11.2618,49.9716
33.400,12.4383,-11.2652,49.9705
33.500,12.3689,-11.2681,49.9695
33.600,12.2950,-11.2704,49.9685
33.700,12.2170,-11.2722,49.9676
33.800,12.1356,-11.2737,49.9667
33.900,12.0514,-11.2749,49.9659
34.000,11.9652,-11.2758,49.9652
34.100,11.8777,-11.2766,49.9645
34.200,11.7898,-11.2774,49.9639
34.300,11.7023,-11.2782,49.9634
34.400,11.6161,-11.2792,49.9629
34.500,11.5318,-11.2805,49.9626
34.600,11.4504,-11.2821,49.9622
34.700,11.3725,-11.2841,49.9620
34.800,11.2987,-11.2866,49.9618
34.900,11.2296,-11.2897,49.9617
35.000,11.1657,-11.2934,49.9616
35.100,11.1073,-11.2978,49.9616
35.200,11.0547,-11.3028,49.9616
35.300,11.0079,-11.3085,49.9617
35.400,10.9671,-11.3149,49.9618
35.500,10.9322,-11.3221,49.9619
35.600,10.9030,-11.3299,49.9620
35.700,10.8792,-11.3384,49.9622
35.800,10.8607,-11.3475,49.9623
35.900,10.8469,-11.3572,49.9624
36.000,10.8376,-11.3675,49.9625
36.100,10.8322,-11.3783,49.9626
36.200,10.8304,-11.3895,49.9626
36.300,10.8316,-11.4012,49.9626
36.400,10.8355,-11.4133,49.9625
36.500,10.8416,-11.4258,49.9624
36.600,10.8496,-11.4386,49.9622
36.700,10.8591,-11.4516,49.9619
36.800,10.8697,-11.4650,49.9615
36.900,10.8811,-11.4785,49.9611
37.000,10.8930,-11.4923,49.9606
37.100,10.9052,-11.5063,49.9600
37.200,10.9174,-11.5205,49.9592
37.300,10.9293,-11.5348,49.9584
37.400,10.9409,-11.5492,49.9575
37.500,10.9522,-11.5637,49.9565
37.600,10.9632,-11.5783,49.9553
37.700,10.9739,-11.5931,49.9541
37.800,10.9845,-11.6078,49.9528
37.900,10.9953,-11.6225,49.9513
38.000,11.0065,-11.6372,49.9498
38.100,11.0187,-11.6519,49.9482
38.200,11.0322,-11.6664,49.9466
38.300,11.0477,-11.6808,49.9448
38.400,11.0656,-11.6951,49.9431
38.500,11.0865,-11.7091,49.9413
38.600,11.1109,-11.7230,49.9394
38.700,11.1394,-11.7366,49.9376
38.800,11.1724,-11.7499,49.9357
38.900,11.2103,-11.7629,49.9338
39.000,11.2535,-11.7757,49.9320
39.100,11.3022,-11.7881,49.9302
39.200,11.3568,-11.8002,49.9284
39.300,11.4173,-11.8120,49.9267
39.400,11.4837,-11.8234,49.9251
39.500,11.5561,-11.8346,49.9235
39.600,11.6342,-11.8453,49.9220
39.700,11.7178,-11.8558,49.9206
39.800,11.8064,-11.8660,49.9193
39.900,11.8998,-11.8760,49.9181
40.000,11.9971,-11.8858,49.9170
40.100,12.0979,-11.8953,49.9161
40.200,12.2013,-11.9048,49.9152
40.300,12.3067,-11.9142,49.9145
40.400,12.4130,-11.9236,49.9139
40.500,12.5196,-11.9330,49.9135
40.600,12.6254,-11.9424,49.9131
40.700,12.7297,-11.9521,49.9129
40.800,12.8316,-11.9619,49.9128
40.900,12.9304,-11.9719,49.9128
41.000,13.0252,-11.9822,49.9130
41.100,13.1156,-11.9928,49.9132
41.200,13.2010,-12.0037,49.9135
41.300,13.2809,-12.0150,49.9139
41.400,13.3550,-12.0267,49.9144
41.500,13.4232,-12.0387,49.9149
41.600,13.4852,-12.0512,49.9155
41.700,13.5412,-12.0640,49.9162
41.800,13.5912,-12.0772,49.9168
41.900,13.6354,-12.0908,49.9175
42.000,13.6742,-12.1048,49.9182
42.100,13.7077,-12.1192,49.9189
42.200,13.7365,-12.1339,49.9196
42.300,13.7610,-12.1489,49.9202
42.400,13.7816,-12.1642,49.9208
42.500,13.7988,-12.1798,49.9214
42.600,13.8130,-12.1957,49.9219
42.700,13.8247,-12.2119,49.9224
42.800,13.8342,-12.2283,49.9228
42.900,13.8420,-12.2449,49.9231
43.000,13.8483,-12.2618,49.9233
43.100,13.8536,-12.2789,49.9235
43.200,13.8582,-12.2962,49.9235
43.300,13.8623,-12.3137,49.9235
43.400,13.8663,-12.3315,49.9234
43.500,13.8703,-12.3494,49.9232
43.600,13.8745,-12.3675,49.9229
43.700,13.8790,-12.3858,49.9224
43.800,13.8838,-12.4042,49.9219
43.900,13.8889,-12.4228,49.9213
44.000,13.8941,-12.4414,49.9205
44.100,13.8992,-12.4601,49.9197
44.200,13.9041,-12.4787,49.9188
44.300,13.9082,-12.4972,49.9178
44.400,13.9113,-12.5155,49.9167
44.500,13.9128,-12.5335,49.9155
44.600,13.9123,-12.5512,49.9143
44.700,13.9091,-12.5685,49.9130
44.800,13.9028,-12.5852,49.9116
44.900,13.8929,-12.6014,49.9102
45.000,13.8790,-12.6169,49.9088
45.100,13.8605,-12.6317,49.9073
45.200,13.8372,-12.6457,49.9059
45.300,13.8087,-12.6590,49.9044
45.400,13.7749,-12.6713,49.9029
45.500,13.7354,-12.6828,49.9014
45.600,13.6904,-12.6935,49.8999
45.700,13.6397,-12.7032,49.8985
45.800,13.5836,-12.7120,49.8971
45.900,13.5222,-12.7200,49.8957
46.000,13.4558,-12.7273,49.8943
46.100,13.3849,-12.7338,49.8930
46.200,13.3100,-12.7396,49.8917
46.300,13.2317,-12.7450,49.8905
46.400,13.1506,-12.7499,49.8894
46.500,13.0674,-12.7544,49.8883
46.600,12.9830,-12.7588,49.8872
46.700,12.8982,-12.7631,49.8863
46.800,12.8138,-12.7675,49.8854
46.900,12.7305,-12.7720,49.8845
47.000,12.6494,-12.7769,49.8838
47.100,12.5710,-12.7822,49.8830
47.200,12.4961,-12.7881,49.8824
47.300,12.4253,-12.7946,49.8818
47.400,12.3592,-12.8018,49.8813
47.500,12.2982,-12.8098,49.8808
47.600,12.2428,-12.8187,49.8804
47.700,12.1930,-12.8285,49.8800
47.800,12.1491,-12.8392,49.8796
47.900,12.1112,-12.8508,49.8793
48.000,12.0790,-12.8634,49.8790
48.100,12.0526,-12.8768,49.8787
48.200,12.0316,-12.8912,49.8784
48.300,12.0158,-12.9063,49.8781
48.400,12.0047,-12.9223,49.8777
48.500,11.9981,-12.9390,49.8774
48.600,11.9954,-12.9564,49.8770
48.700,11.9962,-12.9745,49.8766
48.800,12.0000,-12.9931,49.8761
48.900,12.0065,-13.0122,49.8756
49.000,12.0152,-13.0319,49.8750
49.100,12.0258,-13.0519,49.8744
49.200,12.0378,-13.0723,49.8736
49.300,12.0509,-13.0931,49.8728
49.400,12.0649,-13.1142,49.8719
49.500,12.0793,-13.1356,49.8710
49.600,12.0939,-13.1573,49.8699
49.700,12.1085,-13.1792,49.8687
49.800,12.1229,-13.2013,49.8675
49.900,12.1369,-13.2236,49.8661
50.000,12.1506,-13.2460,49.8646
50.100,12.1640,-13.2685,49.8630
50.200,12.1771,-13.2912,49.8613
50.300,12.1901,-13.3139,49.8596
50.400,12.2033,-13.3366,49.8577
50.500,12.2169,-13.3592,49.8557
50.600,12.2315,-13.3818,49.8537
50.700,12.2474,-13.4042,49.8515
50.800,12.2653,-13.4263,49.8494
50.900,12.2856,-13.4483,49.8471
51.000,12.3090,-13.4699,49.8449
51.100,12.3360,-13.4913,49.8426
51.200,12.3670,-13.5122,49.8403
51.300,12.4026,-13.5328,49.8380
51.400,12.4432,-13.5529,49.8357
51.500,12.4891,-13.5726,49.8334
51.600,12.5407,-13.5918,49.8311
51.700,12.5982,-13.6105,49.8289
51.800,12.6616,-13.6287,49.8268
51.900,12.7311,-13.6464,49.8247
52.000,12.8066,-13.6635,49.8226
52.100,12.8879,-13.6802,49.8207
52.200,12.9748,-13.6965,49.8189
52.300,13.0668,-13.7123,49.8171
52.400,13.1636,-13.7277,49.8155
52.500,13.2644,-13.7428,49.8140
52.600,13.3687,-13.7576,49.8126
52.700,13.4757,-13.7722,49.8113
52.800,13.5847,-13.7867,49.8102
52.900,13.6946,-13.8012,49.8092
53.000,13.8048,-13.8157,49.8083
53.100,13.9142,-13.8303,49.8075
53.200,14.0221,-13.8450,49.8069
53.300,14.1276,-13.8601,49.8064
53.400,14.2298,-13.8754,49.8060
53.500,14.3282,-13.8911,49.8057
53.600,14.4220,-13.9073,49.8055
53.700,14.5106,-13.9239,49.8054
53.800,14.5938,-13.9410,49.8054
53.900,14.6711,-13.9587,49.8055
54.000,14.7423,-13.9770,49.8056
54.100,14.8074,-13.9958,49.8058
54.200,14.8663,-14.0151,49.8060
54.300,14.9191,-14.0351,49.8063
54.400,14.9661,-14.0556,49.8065
54.500,15.0076,-14.0766,49.8068
54.600,15.0438,-14.0982,49.8071
54.700,15.0752,-14.1202,49.8074
54.800,15.1022,-14.1427,49.8076
54.900,15.1252,-14.1657,49.8078
55.000,15.1448,-14.1890,49.8080
55.100,15.1614,-14.2128,49.8081
55.200,15.1754,-14.2369,49.8081
55.300,15.1873,-14.2613,49.8081
55.400,15.1974,-14.2861,49.8080
55.500,15.2060,-14.3112,49.8079
55.600,15.2136,-14.3366,49.8076
55.700,15.2205,-14.3623,49.8073
55.800,15.2269,-14.3883,49.8068
55.900,15.2331,-14.4146,49.8063
56.000,15.2394,-14.4411,49.8057
56.100,15.2458,-14.4679,49.8050
56.200,15.2526,-14.4949,49.8041
56.300,15.2597,-14.5221,49.8032
56.400,15.2670,-14.5495,49.8022
56.500,15.2744,-14.5770,49.8010
56.600,15.2818,-14.6045,49.7998
56.700,15.2889,-14.6319,49.7985
56.800,15.2953,-14.6592,49.7971
56.900,15.3006,-14.6862,49.7956
57.000,15.3044,-14.7128,49.7940
57.100,15.3061,-14.7390,49.7923
57.200,15.3051,-14.7647,49.7906
57.300,15.3011,-14.7896,49.7889
57.400,15.2935,-14.8138,49.7871
57.500,15.2817,-14.8371,49.7852
57.600,15.2655,-14.8595,49.7834
57.700,15.2444,-14.8809,49.7815
57.800,15.2182,-14.9012,49.7796
57.900,15.1865,-14.9204,49.7776
58.000,15.1493,-14.9384,49.7757
58.100,15.1065,-14.9552,49.7738
58.200,15.0581,-14.9708,49.7719
58.300,15.0042,-14.9853,49.7701
58.400,14.9450,-14.9987,49.7682
58.500,14.8808,-15.0110,49.7664
58.600,14.8122,-15.0223,49.7646
58.700,14.7395,-15.0328,49.7629
58.800,14.6633,-15.0426,49.7612
58.900,14.5844,-15.0517,49.7596
59.000,14.5035,-15.0604,49.7580
59.100,14.4213,-15.0688,49.7565
59.200,14.3387,-15.0771,49.7550
59.300,14.2565,-15.0855,49.7536
59.400,14.1755,-15.0941,49.7522
59.500,14.0965,-15.1031,49.7509
59.600,14.0203,-15.1126,49.7497
59.700,13.9475,-15.1228,49.7485
59.800,13.8789,-15.1338,49.7473
59.900,13.8150,-15.1458,49.7463
60.000,13.7562,-15.1588,49.7452
60.100,13.7029,-15.1729,49.7442
60.200,13.6553,-15.1881,49.7433
60.300,13.6135,-15.2045,49.7423
60.400,13.5777,-15.2221,49.7414
60.500,13.5477,-15.2410,49.7405
60.600,13.5234,-15.2609,49.7396
60.700,13.5045,-15.2821,49.7387
60.800,13.4908,-15.3043,49.7378
60.900,13.4818,-15.3275,49.7369
61.000,13.4773,-15.3517,49.7360
61.100,13.4766,-15.3768,49.7350
61.200,13.4795,-15.4027,49.7340
61.300,13.4855,-15.4293,49.7329
61.400,13.4940,-15.4566,49.7318
61.500,13.5048,-15.4846,49.7306
61.600,13.5174,-15.5131,49.7293
61.700,13.5314,-15.5421,49.7280
61.800,13.5466,-15.5715,49.7266
61.900,13.5625,-15.6014,49.7251
62.000,13.5789,-15.6317,49.7235
62.100,13.5955,-15.6623,49.7218
62.200,13.6120,-15.6932,49.7200
62.300,13.6283,-15.7243,49.7181
62.400,13.6443,-15.7557,49.7162
62.500,13.6598,-15.7872,49.7141
62.600,13.6751,-15.8190,49.7119
62.700,13.6900,-15.8509,49.7096
62.800,13.7049,-15.8828,49.7072
62.900,13.7199,-15.9147,49.7047
63.000,13.7354,-15.9465,49.7021
63.100,13.7518,-15.9782,49.6995
63.200,13.7697,-16.0097,49.6967
63.300,13.7894,-16.0410,49.6939
63.400,13.8118,-16.0719,49.6911
63.500,13.8371,-16.1024,49.6882
63.600,13.8661,-16.1324,49.6853
63.700,13.8993,-16.1620,49.6824
63.800,13.9371,-16.1911,49.6795
63.900,13.9799,-16.2195,49.6766
64.000,14.0283,-16.2474,49.6737
64.100,14.0823,-16.2746,49.6708
64.200,14.1423,-16.3011,49.6680
64.300,14.2085,-16.3270,49.6652
64.400,14.2807,-16.3521,49.6625
64.500,14.3591,-16.3766,49.6599
64.600,14.4434,-16.4005,49.6574
64.700,14.5334,-16.4237,49.6549
64.800,14.6286,-16.4463,49.6526
64.900,14.7286,-16.4684,49.6503
65.000,14.8328,-16.4901,49.6482
65.100,14.9405,-16.5114,49.6462
65.200,15.0510,-16.5325,49.6443
65.300,15.1634,-16.5534,49.6426
65.400,15.2769,-16.5742,49.6410
65.500,15.3906,-16.5950,49.6395
65.600,15.5036,-16.6160,49.6381
65.700,15.6150,-16.6371,49.6369
65.800,15.7239,-16.6587,49.6358
65.900,15.8296,-16.6806,49.6348
66.000,15.9312,-16.7030,49.6339
66.100,16.0283,-16.7260,49.6332
66.200,16.1201,-16.7496,49.6325
66.300,16.2063,-16.7739,49.6319
66.400,16.2866,-16.7988,49.6314
66.500,16.3606,-16.8245,49.6309
66.600,16.4284,-16.8510,49.6305
66.700,16.4900,-16.8782,49.6301
66.800,16.5454,-16.9061,49.6298
66.900,16.5948,-16.9348,49.6295
67.000,16.6386,-16.9642,49.6292
67.100,16.6771,-16.9942,49.6289
67.200,16.7106,-17.0249,49.6286
67.300,16.7397,-17.0562,49.6282
67.400,16.7649,-17.0880,49.6278
67.500,16.7865,-17.1204,49.6274
67.600,16.8050,-17.1533,49.6269
67.700,16.8209,-17.1867,49.6264
67.800,16.8346,-17.2205,49.6258
67.900,16.8466,-17.2547,49.6251
68.000,16.8571,-17.2894,49.6243
68.100,16.8665,-17.3244,49.6235
68.200,16.8752,-17.3599,49.6226
68.300,16.8834,-17.3957,49.6215
68.400,16.8914,-17.4318,49.6204
68.500,16.8995,-17.4683,49.6192
68.600,16.9079,-17.5051,49.6179
68.700,16.9165,-17.5422,49.6165
68.800,16.9254,-17.5796,49.6149
68.900,16.9345,-17.6171,49.6133
69.000,16.9438,-17.6548,49.6116
69.100,16.9530,-17.6925,49.6098
69.200,16.9619,-17.7302,49.6079
69.300,16.9701,-17.7676,49.6058
69.400,16.9772,-17.8047,49.6038
69.500,16.9828,-17.8414,49.6016
69.600,16.9863,-17.8774,49.5994
69.700,16.9872,-17.9127,49.5971
69.800,16.9849,-17.9472,49.5947
69.900,16.9790,-17.9806,49.5923
70.000,16.9690,-18.0130,49.5898
70.100,16.9545,-18.0441,49.5874
70.200,16.9351,-18.0739,49.5849
70.300,16.9105,-18.1022,49.5823
70.400,16.8804,-18.1292,49.5798
70.500,16.8448,-18.1546,49.5773
70.600,16.8035,-18.1784,49.5747
70.700,16.7566,-18.2007,49.5722
70.800,16.7041,-18.2215,49.5697
70.900,16.6463,-18.2409,49.5672
71.000,16.5836,-18.2588,49.5647
71.100,16.5163,-18.2756,49.5623
71.200,16.4449,-18.2911,49.5599
71.300,16.3701,-18.3057,49.5575
71.400,16.2925,-18.3195,49.5552
71.500,16.2129,-18.3327,49.5529
71.600,16.1319,-18.3456,49.5507
71.700,16.0506,-18.3582,49.5485
71.800,15.9696,-18.3709,49.5463
71.900,15.8899,-18.3839,49.5443
72.000,15.8121,-18.3973,49.5422
72.100,15.7372,-18.4114,49.5402
72.200,15.6658,-18.4264,49.5383
72.300,15.5985,-18.4424,49.5364
72.400,15.5358,-18.4596,49.5345
72.500,15.4784,-18.4781,49.5327
72.600,15.4264,-18.4979,49.5309
72.700,15.3802,-18.5193,49.5291
72.800,15.3399,-18.5421,49.5274
72.900,15.3055,-18.5665,49.5257
73.000,15.2769,-18.5924,49.5240
73.100,15.2541,-18.6198,49.5222
73.200,15.2368,-18.6486,49.5205
73.300,15.2246,-18.6788,49.5188
73.400,15.2172,-18.7103,49.5170
73.500,15.2142,-18.7430,49.5153
73.600,15.2152,-18.7769,49.5134
73.700,15.2198,-18.8119,49.5116
73.800,15.2273,-18.8477,49.5097
73.900,15.2375,-18.8845,49.5077
74.000,15.2500,-18.9220,49.5057
74.100,15.2642,-18.9602,49.5035
74.200,15.2799,-18.9991,49.5014
74.300,15.2966,-19.0385,49.4991
74.400,15.3142,-19.0785,49.4968
74.500,15.3322,-19.1189,49.4943
74.600,15.3503,-19.1598,49.4918
74.700,15.3684,-19.2010,49.4892
74.800,15.3862,-19.2425,49.4864
74.900,15.4036,-19.2844,49.4836
75.000,15.4207,-19.3264,49.4807
75.100,15.4374,-19.3687,49.4776
75.200,15.4538,-19.4112,49.4745
75.300,15.4701,-19.4537,49.4712
75.400,15.4865,-19.4962,49.4679
75.500,15.5035,-19.5386,49.4645
75.600,15.5214,-19.5808,49.4610
75.700,15.5407,-19.6228,49.4574
75.800,15.5620,-19.6644,49.4537
75.900,15.5859,-19.7056,49.4500
76.000,15.6129,-19.7464,49.4463
76.100,15.6437,-19.7865,49.4426
76.200,15.6787,-19.8261,49.4388
76.300,15.7184,-19.8650,49.4350
76.400,15.7633,-19.9032,49.4313
76.500,15.8138,-19.9406,49.4275
76.600,15.8702,-19.9772,49.4238
76.700,15.9326,-20.0129,49.4201
76.800,16.0014,-20.0478,49.4165
76.900,16.0764,-20.0819,49.4129
77.000,16.1577,-20.1151,49.4095
77.100,16.2451,-20.1474,49.4061
77.200,16.3383,-20.1790,49.4028
77.300,16.4368,-20.2099,49.3996
77.400,16.5403,-20.2402,49.3965
77.500,16.6481,-20.2699,49.3935
77.600,16.7594,-20.2991,49.3906
77.700,16.8737,-20.3280,49.3879
77.800,16.9899,-20.3567,49.3853
77.900,17.1072,-20.3853,49.3828
78.000,17.2247,-20.4139,49.3805
78.100,17.3415,-20.4427,49.3783
78.200,17.4567,-20.4717,49.3762
78.300,17.5693,-20.5012,49.3742
78.400,17.6786,-20.5311,49.3723
78.500,17.7839,-20.5617,49.3706
78.600,17.8843,-20.5929,49.3690
78.700,17.9795,-20.6249,49.3674
78.800,18.0689,-20.6578,49.3659
78.900,18.1522,-20.6915,49.3646
79.000,18.2291,-20.7261,49.3632
79.100,18.2997,-20.7616,49.3620
79.200,18.3638,-20.7980,49.3607
79.300,18.4217,-20.8354,49.3595
79.400,18.4735,-20.8736,49.3584
79.500,18.5195,-20.9127,49.3572
79.600,18.5600,-20.9526,49.3560
79.700,18.5956,-20.9933,49.3548
79.800,18.6266,-21.0348,49.3536
79.900,18.6535,-21.0769,49.3523
80.000,18.6768,-21.1197,49.3510
80.100,18.6970,-21.1631,49.3497
80.200,18.7145,-21.2071,49.3482
80.300,18.7299,-21.2517,49.3468
80.400,18.7433,-21.2968,49.3452
80.500,18.7554,-21.3424,49.3436
80.600,18.7663,-21.3885,49.3418
80.700,18.7765,-21.4351,49.3400
80.800,18.7863,-21.4821,49.3381
80.900,18.7959,-21.5296,49.3361
81.000,18.8055,-21.5775,49.3340
81.100,18.8155,-21.6257,49.3318
81.200,18.8256,-21.6743,49.3295
81.300,18.8361,-21.7233,49.3271
81.400,18.8468,-21.7725,49.3246
81.500,18.8577,-21.8219,49.3220
81.600,18.8685,-21.8713,49.3193
81.700,18.8790,-21.9206,49.3165
81.800,18.8888,-21.9697,49.3137
81.900,18.8975,-22.0184,49.3107
82.000,18.9046,-22.0664,49.3077
82.100,18.9096,-22.1137,49.3045
82.200,18.9120,-22.1601,49.3014
82.300,18.9111,-22.2053,49.2981
82.400,18.9066,-22.2493,49.2948
82.500,18.8980,-22.2918,49.2915
82.600,18.8847,-22.3328,49.2881
82.700,18.8665,-22.3721,49.2847
82.800,18.8430,-22.4096,49.2813
82.900,18.8140,-22.4453,49.2778
83.000,18.7792,-22.4789,49.2744
83.100,18.7388,-22.5106,49.2709
83.200,18.6926,-22.5404,49.2675
83.300,18.6408,-22.5681,49.2640
83.400,18.5836,-22.5941,49.2606
83.500,18.5213,-22.6182,49.2571
83.600,18.4544,-22.6407,49.2537
83.700,18.3834,-22.6618,49.2504
83.800,18.3089,-22.6816,49.2470
83.900,18.2315,-22.7003,49.2437
84.000,18.1520,-22.7183,49.2404
84.100,18.0713,-22.7358,49.2371
84.200,17.9900,-22.7530,49.2339
84.300,17.9092,-22.7703,49.2307
84.400,17.8296,-22.7879,49.2276
84.500,17.7521,-22.8060,49.2244
84.600,17.6773,-22.8250,49.2214
84.700,17.6061,-22.8451,49.2183
84.800,17.5391,-22.8664,49.2153
84.900,17.4769,-22.8893,49.2124
85.000,17.4198,-22.9137,49.2094
85.100,17.3684,-22.9400,49.2065
85.200,17.3227,-22.9680,49.2036
85.300,17.2831,-22.9980,49.2007
85.400,17.2494,-23.0298,49.1978
85.500,17.2217,-23.0636,49.1950
85.600,17.1998,-23.0993,49.1921
85.700,17.1835,-23.1367,49.1892
85.800,17.1724,-23.1760,49.1863
85.900,17.1661,-23.2168,49.1834
86.000,17.1644,-23.2592,49.1804
86.100,17.1666,-23.3031,49.1774
86.200,17.1725,-23.3482,49.1743
86.300,17.1814,-23.3946,49.1712
86.400,17.1930,-23.4420,49.1681
86.500,17.2068,-23.4904,49.1649
86.600,17.2224,-23.5396,49.1616
86.700,17.2395,-23.5897,49.1582
86.800,17.2577,-23.6405,49.1547
86.900,17.2766,-23.6919,49.1512
87.000,17.2960,-23.7439,49.1475
87.100,17.3155,-23.7964,49.1438
87.200,17.3349,-23.8494,49.1400
87.300,17.3540,-23.9027,49.1361
87.400,17.3727,-23.9563,49.1320
87.500,17.3910,-24.0103,49.1279
87.600,17.4089,-24.0645,49.1236
87.700,17.4265,-24.1190,49.1193
87.800,17.4441,-24.1735,49.1148
87.900,17.4617,-24.2280,49.1103
88.000,17.4799,-24.2824,49.1057
88.100,17.4990,-24.3365,49.1010
88.200,17.5196,-24.3904,49.0962
88.300,17.5423,-24.4438,49.0913
88.400,17.5676,-24.4967,49.0865
88.500,17.5962,-24.5491,49.0815
88.600,17.6285,-24.6008,49.0766
88.700,17.6653,-24.6517,49.0716
88.800,17.7070,-24.7019,49.0666
88.900,17.7540,-24.7512,49.0616
89.000,17.8068,-24.7996,49.0567
89.100,17.8656,-24.8471,49.0518
89.200,17.9308,-24.8935,49.0469
89.300,18.0025,-24.9389,49.0420
89.400,18.0807,-24.9834,49.0373
89.500,18.1654,-25.0268,49.0326
89.600,18.2563,-25.0693,49.0279
89.700,18.3533,-25.1108,49.0234
89.800,18.4559,-25.1515,49.0190
89.900,18.5635,-25.1915,49.0147
90.000,18.6756,-25.2308,49.0104
90.100,18.7915,-25.2695,49.0063
90.200,18.9103,-25.3079,49.0024
90.300,19.0312,-25.3460,48.9985
90.400,19.1532,-25.3840,48.9948
90.500,19.2755,-25.4220,48.9912
90.600,19.3970,-25.4602,48.9877
90.700,19.5168,-25.4987,48.9844
90.800,19.6340,-25.5377,48.9812
90.900,19.7478,-25.5773,48.9780
91.000,19.8573,-25.6176,48.9750
91.100,19.9619,-25.6587,48.9721
91.200,20.0611,-25.7006,48.9693
91.300,20.1543,-25.7436,48.9666
91.400,20.2412,-25.7875,48.9639
91.500,20.3215,-25.8325,48.9613
91.600,20.3953,-25.8786,48.9587
91.700,20.4624,-25.9257,48.9562
91.800,20.5230,-25.9739,48.9537
91.900,20.5774,-26.0231,48.9513
92.000,20.6257,-26.0733,48.9488
92.100,20.6685,-26.1245,48.9463
92.200,20.7062,-26.1765,48.9438
92.300,20.7391,-26.2295,48.9413
92.400,20.7678,-26.2833,48.9388
92.500,20.7929,-26.3378,48.9362
92.600,20.8147,-26.3931,48.9335
92.700,20.8338,-26.4490,48.9308
92.800,20.8507,-26.5056,48.9280
92.900,20.8657,-26.5629,48.9251
93.000,20.8792,-26.6207,48.9222
93.100,20.8916,-26.6791,48.9192
93.200,20.9033,-26.7381,48.9161
93.300,20.9145,-26.7977,48.9129
93.400,20.9256,-26.8578,48.9096
93.500,20.9369,-26.9184,48.9061
93.600,20.9484,-26.9794,48.9026
93.700,20.9602,-27.0409,48.8990
93.800,20.9722,-27.1028,48.8953
93.900,20.9846,-27.1650,48.8915
94.000,20.9971,-27.2274,48.8876
94.100,21.0095,-27.2899,48.8836
94.200,21.0216,-27.3522,48.8795
94.300,21.0330,-27.4143,48.8754
94.400,21.0433,-27.4758,48.8711
94.500,21.0520,-27.5366,48.8667
94.600,21.0585,-27.5964,48.8623
94.700,21.0623,-27.6550,48.8578
94.800,21.0628,-27.7123,48.8533
94.900,21.0595,-27.7679,48.8487
95.000,21.0519,-27.8218,48.8440
95.100,21.0397,-27.8737,48.8393
95.200,21.0223,-27.9235,48.8346
95.300,20.9994,-27.9710,48.8298
95.400,20.9709,-28.0161,48.8250
95.500,20.9365,-28.0588,48.8202
95.600,20.8961,-28.0990,48.8154
95.700,20.8498,-28.1368,48.8106
95.800,20.7978,-28.1721,48.8057
95.900,20.7402,-28.2050,48.8009
96.000,20.6773,-28.2357,48.7961
96.100,20.6096,-28.2643,48.7912
96.200,20.5377,-28.2911,48.7864
96.300,20.4622,-28.3163,48.7816
96.400,20.3837,-28.3402,48.7768
96.500,20.3030,-28.3631,48.7721
96.600,20.2210,-28.3853,48.7673
96.700,20.1385,-28.4073,48.7626
96.800,20.0564,-28.4292,48.7579
96.900,19.9755,-28.4515,48.7532
97.000,19.8967,-28.4745,48.7486
97.100,19.8208,-28.4985,48.7440
97.200,19.7486,-28.5239,48.7394
97.300,19.6806,-28.5508,48.7348
97.400,19.6176,-28.5796,48.7302
97.500,19.5599,-28.6104,48.7257
97.600,19.5079,-28.6434,48.7211
97.700,19.4620,-28.6786,48.7166
97.800,19.4221,-28.7162,48.7121
97.900,19.3885,-28.7561,48.7076
98.000,19.3610,-28.7985,48.7031
98.100,19.3395,-28.8431,48.6985
98.200,19.3237,-28.8900,48.6940
98.300,19.3133,-28.9391,48.6894
98.400,19.3079,-28.9902,48.6848
98.500,19.3071,-29.0433,48.6801
98.600,19.3105,-29.0980,48.6754
98.700,19.3175,-29.1544,48.6707
98.800,19.3278,-29.2123,48.6659
98.900,19.3407,-29.2715,48.6611
99.000,19.3560,-29.3319,48.6561
99.100,19.3731,-29.3933,48.6511
99.200,19.3917,-29.4557,48.6461
99.300,19.4113,-29.5190,48.6409
99.400,19.4318,-29.5830,48.6357
99.500,19.4526,-29.6477,48.6303
99.600,19.4736,-29.7130,48.6249
99.700,19.4943,-29.7788,48.6194
99.800,19.5148,-29.8451,48.6137
99.900,19.5348,-29.9117,48.6080
100.000,19.5544,-29.9787,48.6021
100.100,19.5736,-30.0460,48.5962
100.200,19.5925,-30.1135,48.5901
100.300,19.6113,-30.1812,48.5840
100.400,19.6302,-30.2488,48.5777
100.500,19.6496,-30.3163,48.5714
100.600,19.6700,-30.3835,48.5650
100.700,19.6920,-30.4504,48.5585
100.800,19.7161,-30.5168,48.5520
100.900,19.7430,-30.5826,48.5454
101.000,19.7733,-30.6477,48.5387
101.100,19.8075,-30.7121,48.5321
101.200,19.8464,-30.7757,48.5254
101.300,19.8904,-30.8383,48.5187
101.400,19.9401,-30.9000,48.5120
101.500,19.9957,-30.9607,48.5053
101.600,20.0578,-31.0203,48.4986
101.700,20.1266,-31.0787,48.4920
101.800,20.2021,-31.1361,48.4855
101.900,20.2845,-31.1923,48.4789
102.000,20.3738,-31.2474,48.4725
102.100,20.4696,-31.3014,48.4661
102.200,20.5718,-31.3543,48.4598
102.300,20.6799,-31.4063,48.4536
102.400,20.7933,-31.4575,48.4475
102.500,20.9115,-31.5080,48.4415
102.600,21.0335,-31.5578,48.4357
102.700,21.1587,-31.6072,48.4299
102.800,21.2861,-31.6563,48.4243
102.900,21.4148,-31.7053,48.4187
103.000,21.5436,-31.7543,48.4133
103.100,21.6717,-31.8035,48.4080
103.200,21.7980,-31.8531,48.4029
103.300,21.9216,-31.9031,48.3978
103.400,22.0416,-31.9539,48.3928
103.500,22.1571,-32.0054,48.3880
103.600,22.2675,-32.0578,48.3832
103.700,22.3722,-32.1111,48.3785
103.800,22.4706,-32.1655,48.3739
103.900,22.5625,-32.2211,48.3694
104.000,22.6474,-32.2777,48.3649
104.100,22.7255,-32.3356,48.3605
104.200,22.7966,-32.3945,48.3561
104.300,22.8609,-32.4547,48.3517
104.400,22.9187,-32.5160,48.3474
104.500,22.9702,-32.5783,48.3430
104.600,23.0159,-32.6418,48.3386
104.700,23.0562,-32.7062,48.3342
104.800,23.0916,-32.7716,48.3298
104.900,23.1226,-32.8378,48.3253
105.000,23.1498,-32.9050,48.3208
105.100,23.1737,-32.9729,48.3162
105.200,23.1947,-33.0417,48.3116
105.300,23.2134,-33.1111,48.3069
105.400,23.2302,-33.1813,48.3021
105.500,23.2456,-33.2521,48.2973
105.600,23.2598,-33.3236,48.2923
105.700,23.2733,-33.3958,48.2873
105.800,23.2864,-33.4686,48.2821
105.900,23.2994,-33.5421,48.2769
106.000,23.3126,-33.6161,48.2716
106.100,23.3262,-33.6907,48.2662
106.200,23.3401,-33.7657,48.2606
106.300,23.3543,-33.8412,48.2550
106.400,23.3687,-33.9172,48.2493
106.500,23.3833,-33.9934,48.2435
106.600,23.3979,-34.0696,48.2376
106.700,23.4122,-34.1458,48.2315
106.800,23.4257,-34.2215,48.2254
106.900,23.4381,-34.2967,48.2193
107.000,23.4488,-34.3709,48.2130
107.100,23.4572,-34.4439,48.2066
107.200,23.4628,-34.5155,48.2002
107.300,23.4649,-34.5854,48.1937
107.400,23.4630,-34.6534,48.1872
107.500,23.4567,-34.7191,48.1806
107.600,23.4453,-34.7824,48.1740
107.700,23.4286,-34.8431,48.1673
107.800,23.4061,-34.9011,48.1606
107.900,23.3776,-34.9561,48.1538
108.000,23.3429,-35.0081,48.1470
108.100,23.3019,-35.0571,48.1402
108.200,23.2547,-35.1030,48.1334
108.300,23.2013,-35.1460,48.1265
108.400,23.1420,-35.1860,48.1196
108.500,23.0772,-35.2233,48.1128
108.600,23.0073,-35.2580,48.1059
108.700,22.9328,-35.2905,48.0990
108.800,22.8545,-35.3210,48.0921
108.900,22.7731,-35.3499,48.0852
109.000,22.6893,-35.3776,48.0783
109.100,22.6041,-35.4044,48.0714
109.200,22.5184,-35.4308,48.0646
109.300,22.4330,-35.4572,48.0577
109.400,22.3489,-35.4841,48.0508
109.500,22.2670,-35.5118,48.0440
109.600,22.1882,-35.5407,48.0371
109.700,22.1131,-35.5713,48.0303
109.800,22.0426,-35.6037,48.0234
109.900,21.9772,-35.6384,48.0166
110.000,21.9174,-35.6755,48.0098
110.100,21.8637,-35.7152,48.0029
110.200,21.8164,-35.7577,47.9961
110.300,21.7754,-35.8030,47.9893
110.400,21.7411,-35.8512,47.9824
110.500,21.7132,-35.9023,47.9755
110.600,21.6915,-35.9562,47.9686
110.700,21.6760,-36.0129,47.9617
110.800,21.6661,-36.0721,47.9547
110.900,21.6615,-36.1338,47.9478
111.000,21.6618,-36.1978,47.9407
111.100,21.6665,-36.2639,47.9336
111.200,21.6750,-36.3319,47.9265
111.300,21.6869,-36.4017,47.9193
111.400,21.7017,-36.4731,47.9121
111.500,21.7188,-36.5459,47.9047
111.600,21.7380,-36.6199,47.8973
111.700,21.7586,-36.6951,47.8898
111.800,21.7804,-36.7712,47.8823
111.900,21.8029,-36.8483,47.8746
112.000,21.8258,-36.9261,47.8669
112.100,21.8488,-37.0046,47.8590
112.200,21.8715,-37.0836,47.8511
112.300,21.8939,-37.1631,47.8430
112.400,21.9158,-37.2429,47.8348
112.500,21.9372,-37.3233,47.8266
112.600,21.9582,-37.4040,47.8182
112.700,21.9788,-37.4849,47.8097
112.800,21.9994,-37.5660,47.8012
112.900,22.0200,-37.6471,47.7925
113.000,22.0413,-37.7279,47.7838
113.100,22.0635,-37.8085,47.7749
113.200,22.0875,-37.8887,47.7660
113.300,22.1137,-37.9683,47.7571
113.400,22.1428,-38.0473,47.7481
113.500,22.1756,-38.1256,47.7390
113.600,22.2126,-38.2031,47.7299
113.700,22.2546,-38.2797,47.7208
113.800,22.3021,-38.3553,47.7116
113.900,22.3557,-38.4299,47.7025
114.000,22.4158,-38.5034,47.6934
114.100,22.4827,-38.5757,47.6843
114.200,22.5568,-38.6469,47.6752
114.300,22.6383,-38.7168,47.6661
114.400,22.7272,-38.7856,47.6571
114.500,22.8234,-38.8531,47.6482
114.600,22.9268,-38.9195,47.6393
114.700,23.0370,-38.9848,47.6305
114.800,23.1535,-39.0491,47.6218
114.900,23.2759,-39.1125,47.6132
115.000,23.4034,-39.1752,47.6047
115.100,23.5351,-39.2372,47.5962
115.200,23.6702,-39.2987,47.5879
115.300,23.8076,-39.3599,47.5797
115.400,23.9464,-39.4210,47.5715
115.500,24.0855,-39.4820,47.5635
115.600,24.2238,-39.5433,47.5556
115.700,24.3602,-39.6050,47.5478
115.800,24.4936,-39.6671,47.5401
115.900,24.6232,-39.7299,47.5325
116.000,24.7481,-39.7935,47.5250
116.100,24.8675,-39.8580,47.5176
116.200,24.9807,-39.9235,47.5102
116.300,25.0872,-39.9901,47.5029
116.400,25.1867,-40.0577,47.4957
116.500,25.2788,-40.1266,47.4885
116.600,25.3635,-40.1966,47.4813
116.700,25.4408,-40.2678,47.4742
116.800,25.5109,-40.3401,47.4671
116.900,25.5740,-40.4136,47.4600
117.000,25.6303,-40.4882,47.4528
117.100,25.6805,-40.5638,47.4457
117.200,25.7249,-40.6405,47.4386
117.300,25.7642,-40.7182,47.4314
117.400,25.7988,-40.7968,47.4241
117.500,25.8293,-40.8763,47.4168
117.600,25.8563,-40.9566,47.4095
117.700,25.8804,-41.0377,47.4021
117.800,25.9020,-41.1196,47.3946
117.900,25.9217,-41.2023,47.3870
118.000,25.9399,-41.2857,47.3794
118.100,25.9569,-41.3699,47.3717
118.200,25.9734,-41.4547,47.3638
118.300,25.9895,-41.5403,47.3559
118.400,26.0056,-41.6266,47.3479
118.500,26.0220,-41.7135,47.3398
118.600,26.0389,-41.8010,47.3316
118.700,26.0562,-41.8890,47.3233
118.800,26.0738,-41.9776,47.3148
118.900,26.0918,-42.0667,47.3063
119.000,26.1100,-42.1561,47.2977
119.100,26.1281,-42.2456,47.2890
119.200,26.1459,-42.3349,47.2802
119.300,26.1630,-42.4238,47.2714
119.400,26.1789,-42.5120,47.2624
119.500,26.1929,-42.5991,47.2533
119.600,26.2045,-42.6848,47.2442
119.700,26.2130,-42.7688,47.2350
119.800,26.2178,-42.8507,47.2257
119.900,26.2183,-42.9304,47.2164
120.000,26.2138,-43.0074,47.2070
120.100,26.2039,-43.0816,47.1975
120.200,26.1881,-43.1527,47.1880
120.300,26.1660,-43.2204,47.1784
120.400,26.1374,-43.2847,47.1688
120.500,26.1019,-43.3455,47.1592
120.600,26.0595,-43.4026,47.1495
120.700,26.0103,-43.4561,47.1398
120.800,25.9543,-43.5061,47.1300
120.900,25.8918,-43.5526,47.1202
121.000,25.8232,-43.5958,47.1104
121.100,25.7489,-43.6361,47.1006
121.200,25.6697,-43.6736,47.0907
121.300,25.5862,-43.7088,47.0809
121.400,25.4992,-43.7421,47.0710
121.500,25.4096,-43.7739,47.0610
121.600,25.3183,-43.8047,47.0511
121.700,25.2265,-43.8350,47.0411
121.800,25.1349,-43.8652,47.0312
121.900,25.0448,-43.8960,47.0212
122.000,24.9570,-43.9278,47.0112
122.100,24.8725,-43.9610,47.0012
122.200,24.7921,-43.9960,46.9912
122.300,24.7167,-44.0333,46.9811
122.400,24.6468,-44.0732,46.9711
122.500,24.5831,-44.1160,46.9610
122.600,24.5260,-44.1618,46.9509
122.700,24.4758,-44.2108,46.9408
122.800,24.4327,-44.2632,46.9307
122.900,24.3968,-44.3190,46.9205
123.000,24.3679,-44.3781,46.9103
123.100,24.3459,-44.4405,46.9001
123.200,24.3305,-44.5061,46.8899
123.300,24.3214,-44.5747,46.8796
123.400,24.3181,-44.6462,46.8692
123.500,24.3202,-44.7203,46.8588
123.600,24.3270,-44.7969,46.8484
123.700,24.3381,-44.8758,46.8379
123.800,24.3528,-44.9566,46.8273
123.900,24.3707,-45.0393,46.8167
124.000,24.3912,-45.1235,46.8060
124.100,24.4138,-45.2092,46.7952
124.200,24.4380,-45.2961,46.7843
124.300,24.4634,-45.3841,46.7733
124.400,24.4896,-45.4730,46.7623
124.500,24.5162,-45.5628,46.7511
124.600,24.5428,-45.6533,46.7399
124.700,24.5691,-45.7443,46.7286
124.800,24.5949,-45.8357,46.7171
124.900,24.6201,-45.9277,46.7056
125.000,24.6449,-46.0200,46.6939
125.100,24.6691,-46.1128,46.6821
125.200,24.6931,-46.2058,46.6703
125.300,24.7168,-46.2990,46.6583
125.400,24.7407,-46.3922,46.6463
125.500,24.7652,-46.4851,46.6341
125.600,24.7908,-46.5777,46.6219
125.700,24.8183,-46.6699,46.6096
125.800,24.8482,-46.7616,46.5972
125.900,24.8814,-46.8526,46.5848
126.000,24.9186,-46.9428,46.5723
126.100,24.9606,-47.0322,46.5598
126.200,25.0080,-47.1207,46.5473
126.300,25.0616,-47.2083,46.5347
126.400,25.1220,-47.2948,46.5222
126.500,25.1896,-47.3802,46.5096
126.600,25.2649,-47.4645,46.4970
126.700,25.3482,-47.5475,46.4845
126.800,25.4397,-47.6294,46.4720
126.900,25.5395,-47.7101,46.4595
127.000,25.6476,-47.7897,46.4470
127.100,25.7636,-47.8680,46.4346
127.200,25.8874,-47.9453,46.4223
127.300,26.0182,-48.0217,46.4100
127.400,26.1556,-48.0971,46.3978
127.500,26.2987,-48.1717,46.3857
127.600,26.4466,-48.2458,46.3736
127.700,26.5983,-48.3193,46.3617
127.800,26.7527,-48.3925,46.3498
127.900,26.9086,-48.4655,46.3380
128.000,27.0648,-48.5386,46.3263
128.100,27.2202,-48.6118,46.3147
128.200,27.3735,-48.6853,46.3032
128.300,27.5236,-48.7592,46.2918
128.400,27.6694,-48.8338,46.2804
128.500,27.8099,-48.9090,46.2691
128.600,27.9444,-48.9851,46.2579
128.700,28.0721,-49.0620,46.2467
128.800,28.1923,-49.1399,46.2356
128.900,28.3048,-49.2188,46.2245
129.000,28.4091,-49.2988,46.2135
129.100,28.5053,-49.3798,46.2025
129.200,28.5933,-49.4618,46.1915
129.300,28.6733,-49.5450,46.1805
129.400,28.7455,-49.6291,46.1695
129.500,28.8105,-49.7143,46.1584
129.600,28.8686,-49.8004,46.1474
129.700,28.9204,-49.8875,46.1363
129.800,28.9665,-49.9755,46.1252
129.900,29.0075,-50.0644,46.1140
130.000,29.0442,-50.1541,46.1028
130.100,29.0771,-50.2446,46.0915
130.200,29.1068,-50.3359,46.0802
130.300,29.1339,-50.4280,46.0687
130.400,29.1591,-50.5208,46.0572
130.500,29.1827,-50.6143,46.0456
130.600,29.2053,-50.7087,46.0339
130.700,29.2273,-50.8037,46.0221
130.800,29.2492,-50.8995,46.0103
130.900,29.2713,-50.9961,45.9983
131.000,29.2939,-51.0933,45.9862
131.100,29.3171,-51.1912,45.9740
131.200,29.3409,-51.2896,45.9618
131.300,29.3653,-51.3887,45.9494
131.400,29.3900,-51.4883,45.9370
131.500,29.4151,-51.5882,45.9244
131.600,29.4402,-51.6883,45.9118
131.700,29.4650,-51.7882,45.8990
131.800,29.4891,-51.8876,45.8862
131.900,29.5117,-51.9862,45.8733
132.000,29.5324,-52.0836,45.8603
132.100,29.5503,-52.1794,45.8472
132.200,29.5648,-52.2733,45.8340
132.300,29.5750,-52.3649,45.8208
132.400,29.5803,-52.4539,45.8074
132.500,29.5799,-52.5399,45.7941
132.600,29.5733,-52.6226,45.7806
132.700,29.5599,-52.7019,45.7671
132.800,29.5392,-52.7774,45.7535
132.900,29.5109,-52.8489,45.7399
133.000,29.4747,-52.9165,45.7262
133.100,29.4305,-52.9799,45.7124
133.200,29.3782,-53.0392,45.6986
133.300,29.3181,-53.0945,45.6848
133.400,29.2504,-53.1458,45.6709
133.500,29.1755,-53.1935,45.6569
133.600,29.0941,-53.2377,45.6429
133.700,29.0067,-53.2789,45.6289
133.800,28.9143,-53.3175,45.6148
133.900,28.8177,-53.3538,45.6007
134.000,28.7181,-53.3885,45.5865
134.100,28.6165,-53.4220,45.5723
134.200,28.5140,-53.4549,45.5580
134.300,28.4118,-53.4878,45.5438
134.400,28.3112,-53.5213,45.5294
134.500,28.2132,-53.5558,45.5150
134.600,28.1189,-53.5919,45.5006
134.700,28.0293,-53.6301,45.4862
134.800,27.9454,-53.6709,45.4717
134.900,27.8680,-53.7145,45.4572
135.000,27.7976,-53.7613,45.4426
135.100,27.7348,-53.8115,45.4280
135.200,27.6801,-53.8654,45.4134
135.300,27.6335,-53.9230,45.3987
135.400,27.5953,-53.9843,45.3840
135.500,27.5652,-54.0494,45.3692
135.600,27.5432,-54.1182,45.3544
135.700,27.5288,-54.1905,45.3396
135.800,27.5218,-54.2662,45.3246
135.900,27.5214,-54.3451,45.3097
136.000,27.5273,-54.4269,45.2946
136.100,27.5388,-54.5114,45.2795
136.200,27.5552,-54.5984,45.2644
136.300,27.5759,-54.6875,45.2492
136.400,27.6002,-54.7786,45.2338
136.500,27.6275,-54.8714,45.2185
136.600,27.6573,-54.9657,45.2030
136.700,27.6889,-55.0614,45.1875
136.800,27.7219,-55.1581,45.1718
136.900,27.7557,-55.2558,45.1561
137.000,27.7898,-55.3543,45.1403
137.100,27.8240,-55.4534,45.1243
137.200,27.8576,-55.5531,45.1083
137.300,27.8907,-55.6532,45.0922
137.400,27.9232,-55.7537,45.0759
137.500,27.9550,-55.8546,45.0596
137.600,27.9863,-55.9559,45.0432
137.700,28.0172,-56.0575,45.0266
137.800,28.0480,-56.1593,45.0100
137.900,28.0789,-56.2610,44.9932
138.000,28.1104,-56.3625,44.9764
138.100,28.1433,-56.4637,44.9595
138.200,28.1782,-56.5644,44.9425
138.300,28.2161,-56.6646,44.9255
138.400,28.2577,-56.7642,44.9084
138.500,28.3040,-56.8630,44.8912
138.600,28.3560,-56.9611,44.8740
138.700,28.4143,-57.0583,44.8567
138.800,28.4799,-57.1546,44.8394
138.900,28.5534,-57.2500,44.8221
139.000,28.6355,-57.3444,44.8048
139.100,28.7267,-57.4377,44.7874
139.200,28.8274,-57.5300,44.7701
139.300,28.9378,-57.6212,44.7528
139.400,29.0581,-57.7113,44.7355
139.500,29.1882,-57.8004,44.7182
139.600,29.3277,-57.8884,44.7009
139.700,29.4764,-57.9755,44.6837
139.800,29.6336,-58.0616,44.6665
139.900,29.7985,-58.1470,44.6494
140.000,29.9703,-58.2316,44.6323
140.100,30.1477,-58.3157,44.6153
140.200,30.3297,-58.3993,44.5984
140.300,30.5149,-58.4825,44.5815
140.400,30.7020,-58.5656,44.5646
140.500,30.8895,-58.6486,44.5478
140.600,31.0760,-58.7316,44.5311
140.700,31.2601,-58.8149,44.5145
140.800,31.4405,-58.8984,44.4979
140.900,31.6160,-58.9824,44.4813
141.000,31.7853,-59.0669,44.4648
141.100,31.9476,-59.1520,44.4484
141.200,32.1019,-59.2378,44.4320
141.300,32.2476,-59.3242,44.4156
141.400,32.3843,-59.4114,44.3992
141.500,32.5116,-59.4994,44.3829
141.600,32.6294,-59.5882,44.3665
141.700,32.7377,-59.6778,44.3502
141.800,32.8368,-59.7682,44.3338
141.900,32.9270,-59.8593,44.3174
142.000,33.0087,-59.9513,44.3010
142.100,33.0826,-60.0440,44.2846
142.200,33.1494,-60.1375,44.2681
142.300,33.2096,-60.2316,44.2515
142.400,33.2641,-60.3265,44.2349
142.500,33.3137,-60.4222,44.2183
142.600,33.3592,-60.5184,44.2016
142.700,33.4011,-60.6154,44.1848
142.800,33.4404,-60.7131,44.1679
142.900,33.4775,-60.8115,44.1509
143.000,33.5132,-60.9106,44.1339
143.100,33.5481,-61.0104,44.1167
143.200,33.5826,-61.1110,44.0995
143.300,33.6174,-61.2123,44.0822
143.400,33.6528,-61.3143,44.0647
143.500,33.6891,-61.4171,44.0472
143.600,33.7265,-61.5204,44.0296
143.700,33.7648,-61.6244,44.0119
143.800,33.8040,-61.7290,43.9940
143.900,33.8439,-61.8342,43.9761
144.000,33.8844,-61.9398,43.9581
144.100,33.9251,-62.0455,43.9400
144.200,33.9656,-62.1511,43.9219
144.300,34.0054,-62.2561,43.9036
144.400,34.0436,-62.3603,43.8852
144.500,34.0795,-62.4633,43.8668
144.600,34.1121,-62.5646,43.8482
144.700,34.1406,-62.6638,43.8296
144.800,34.1639,-62.7606,43.8109
144.900,34.1811,-62.8545,43.7921
145.000,34.1914,-62.9453,43.7732
145.100,34.1939,-63.0326,43.7543
145.200,34.1879,-63.1161,43.7352
145.300,34.1728,-63.1956,43.7161
145.400,34.1482,-63.2709,43.6970
145.500,34.1135,-63.3419,43.6777
145.600,34.0687,-63.4084,43.6584
145.700,34.0137,-63.4705,43.6390
145.800,33.9487,-63.5283,43.6196
145.900,33.8740,-63.5819,43.6000
146.000,33.7900,-63.6316,43.5804
146.100,33.6976,-63.6775,43.5607
146.200,33.5975,-63.7202,43.5410
146.300,33.4908,-63.7600,43.5212
146.400,33.3787,-63.7975,43.5013
146.500,33.2624,-63.8331,43.4813
146.600,33.1435,-63.8675,43.4613
146.700,33.0232,-63.9013,43.4412
146.800,32.9032,-63.9350,43.4210
146.900,32.7849,-63.9692,43.4008
147.000,32.6698,-64.0046,43.3805
147.100,32.5592,-64.0417,43.3601
147.200,32.4545,-64.0810,43.3397
147.300,32.3568,-64.1230,43.3192
147.400,32.2672,-64.1680,43.2986
147.500,32.1865,-64.2164,43.2780
147.600,32.1155,-64.2684,43.2573
147.700,32.0545,-64.3243,43.2366
147.800,32.0040,-64.3841,43.2158
147.900,31.9639,-64.4479,43.1949
148.000,31.9344,-64.5157,43.1740
148.100,31.9150,-64.5873,43.1530
148.200,31.9055,-64.6627,43.1319
148.300,31.9053,-64.7416,43.1108
148.400,31.9137,-64.8238,43.0896
148.500,31.9302,-64.9091,43.0684
148.600,31.9537,-64.9972,43.0470
148.700,31.9837,-65.0879,43.0256
148.800,32.0191,-65.1807,43.0041
148.900,32.0592,-65.2756,42.9826
149.000,32.1032,-65.3722,42.9609
149.100,32.1503,-65.4702,42.9392
149.200,32.1998,-65.5695,42.9174
149.300,32.2511,-65.6699,42.8955
149.400,32.3033,-65.7712,42.8734
149.500,32.3560,-65.8732,42.8513
149.600,32.4085,-65.9757,42.8291
149.700,32.4606,-66.0786,42.8068
149.800,32.5118,-66.1818,42.7844
149.900,32.5623,-66.2854,42.7619
150.000,32.6121,-66.3894,42.7393
150.100,32.6613,-66.4937,42.7166
150.200,32.7102,-66.5983,42.6937
150.300,32.7589,-66.7031,42.6708
150.400,32.8078,-66.8078,42.6478
150.500,32.8577,-66.9123,42.6247
150.600,32.9092,-67.0165,42.6015
150.700,32.9633,-67.1202,42.5782
150.800,33.0211,-67.2235,42.5549
150.900,33.0837,-67.3261,42.5315
151.000,33.1523,-67.4282,42.5080
151.100,33.2281,-67.5296,42.4845
151.200,33.3121,-67.6303,42.4609
151.300,33.4055,-67.7303,42.4373
151.400,33.5091,-67.8295,42.4136
151.500,33.6237,-67.9280,42.3899
151.600,33.7502,-68.0256,42.3662
151.700,33.8890,-68.1223,42.3424
151.800,34.0404,-68.2182,42.3187
151.900,34.2046,-68.3133,42.2949
152.000,34.3814,-68.4075,42.2712
152.100,34.5707,-68.5009,42.2474
152.200,34.7717,-68.5936,42.2237
152.300,34.9838,-68.6855,42.1999
152.400,35.2059,-68.7767,42.1762
152.500,35.4369,-68.8674,42.1525
152.600,35.6752,-68.9576,42.1288
152.700,35.9195,-69.0473,42.1052
152.800,36.1679,-69.1368,42.0816
152.900,36.4188,-69.2260,42.0580
153.000,36.6702,-69.3150,42.0345
153.100,36.9205,-69.4040,42.0109
153.200,37.1678,-69.4930,41.9874
153.300,37.4105,-69.5821,41.9640
153.400,37.6469,-69.6714,41.9405
153.500,37.8757,-69.7609,41.9171
153.600,38.0956,-69.8506,41.8937
153.700,38.3056,-69.9407,41.8703
153.800,38.5050,-70.0310,41.8469
153.900,38.6931,-70.1218,41.8235
154.000,38.8695,-70.2129,41.8001
154.100,39.0343,-70.3044,41.7766
154.200,39.1874,-70.3964,41.7532
154.300,39.3292,-70.4887,41.7297
154.400,39.4601,-70.5815,41.7062
154.500,39.5808,-70.6747,41.6826
154.600,39.6920,-70.7684,41.6590
154.700,39.7947,-70.8625,41.6353
154.800,39.8897,-70.9571,41.6116
154.900,39.9780,-71.0522,41.5878
155.000,40.0606,-71.1477,41.5639
155.100,40.1386,-71.2438,41.5400
155.200,40.2128,-71.3404,41.5160
155.300,40.2843,-71.4376,41.4919
155.400,40.3540,-71.5355,41.4677
155.500,40.4225,-71.6339,41.4434
155.600,40.4909,-71.7330,41.4190
155.700,40.5597,-71.8328,41.3946
155.800,40.6296,-71.9333,41.3700
155.900,40.7013,-72.0346,41.3453
156.000,40.7750,-72.1365,41.3206
156.100,40.8508,-72.2390,41.2957
156.200,40.9286,-72.3422,41.2708
156.300,41.0082,-72.4460,41.2457
156.400,41.0895,-72.5503,41.2206
156.500,41.1720,-72.6551,41.1953
156.600,41.2555,-72.7601,41.1700
156.700,41.3393,-72.8650,41.1446
156.800,41.4226,-72.9694,41.1191
156.900,41.5043,-73.0730,41.0935
157.000,41.5832,-73.1753,41.0678
157.100,41.6580,-73.2760,41.0421
157.200,41.7274,-73.3746,41.0162
157.300,41.7900,-73.4708,40.9902
157.400,41.8443,-73.5641,40.9642
157.500,41.8891,-73.6543,40.9381
157.600,41.9231,-73.7409,40.9118
157.700,41.9452,-73.8237,40.8855
157.800,41.9545,-73.9025,40.8591
157.900,41.9501,-73.9770,40.8326
158.000,41.9314,-74.0471,40.8060
158.100,41.8982,-74.1128,40.7794
158.200,41.8501,-74.1740,40.7526
158.300,41.7873,-74.2308,40.7257
158.400,41.7103,-74.2834,40.6988
158.500,41.6196,-74.3319,40.6717
158.600,41.5163,-74.3768,40.6445
158.700,41.4015,-74.4183,40.6173
158.800,41.2766,-74.4569,40.5899
158.900,41.1434,-74.4932,40.5625
159.000,41.0037,-74.5275,40.5349
159.100,40.8594,-74.5606,40.5073
159.200,40.7128,-74.5931,40.4796
159.300,40.5661,-74.6254,40.4517
159.400,40.4213,-74.6583,40.4238
159.500,40.2808,-74.6924,40.3957
159.600,40.1466,-74.7281,40.3676
159.700,40.0207,-74.7660,40.3394
159.800,39.9048,-74.8066,40.3111
159.900,39.8005,-74.8503,40.2827
160.000,39.7093,-74.8973,40.2542
160.100,39.6321,-74.9480,40.2256
160.200,39.5698,-75.0025,40.1969
160.300,39.5230,-75.0609,40.1682
160.400,39.4918,-75.1233,40.1394
160.500,39.4762,-75.1897,40.1105
160.600,39.4760,-75.2599,40.0815
160.700,39.4907,-75.3338,40.0524
160.800,39.5195,-75.4112,40.0232
160.900,39.5615,-75.4919,39.9940
161.000,39.6158,-75.5756,39.9647
161.100,39.6812,-75.6621,39.9353
161.200,39.7564,-75.7509,39.9058
161.300,39.8403,-75.8420,39.8762
161.400,39.9316,-75.9349,39.8466
161.500,40.0292,-76.0294,39.8168
161.600,40.1319,-76.1253,39.7870
161.700,40.2386,-76.2224,39.7571
161.800,40.3482,-76.3203,39.7271
161.900,40.4598,-76.4190,39.6969
162.000,40.5725,-76.5182,39.6667
162.100,40.6854,-76.6178,39.6364
162.200,40.7980,-76.7176,39.6060
162.300,40.9099,-76.8176,39.5755
162.400,41.0214,-76.9179,39.5449
162.500,41.1326,-77.0185,39.5142
162.600,41.2438,-77.1194,39.4833
162.700,41.3553,-77.2205,39.4524
162.800,41.4672,-77.3217,39.4214
162.900,41.5801,-77.4229,39.3903
163.000,41.6947,-77.5238,39.3591
163.100,41.8122,-77.6245,39.3278
163.200,41.9339,-77.7248,39.2964
163.300,42.0612,-77.8247,39.2649
163.400,42.1959,-77.9242,39.2334
163.500,42.3397,-78.0231,39.2018
163.600,42.4942,-78.1216,39.1701
163.700,42.6610,-78.2197,39.1384
163.800,42.8418,-78.3172,39.1066
163.900,43.0380,-78.4142,39.0747
164.000,43.2506,-78.5107,39.0428
164.100,43.4808,-78.6067,39.0109
164.200,43.7292,-78.7022,38.9789
164.300,43.9964,-78.7971,38.9469
164.400,44.2823,-78.8916,38.9148
164.500,44.5869,-78.9855,38.8827
164.600,44.9095,-79.0789,38.8506
164.700,45.2493,-79.1718,38.8185
164.800,45.6050,-79.2642,38.7863
164.900,45.9750,-79.3562,38.7542
165.000,46.3575,-79.4478,38.7220
165.100,46.7503,-79.5391,38.6898
165.200,47.1512,-79.6299,38.6576
165.300,47.5577,-79.7205,38.6254
165.400,47.9672,-79.8109,38.5932
165.500,48.3772,-79.9010,38.5610
165.600,48.7852,-79.9908,38.5288
165.700,49.1888,-80.0805,38.4966
165.800,49.5856,-80.1700,38.4644
165.900,49.9737,-80.2594,38.4321
166.000,50.3513,-80.3486,38.3999
166.100,50.7169,-80.4377,38.3676
166.200,51.0693,-80.5267,38.3353
166.300,51.4075,-80.6155,38.3030
166.400,51.7312,-80.7043,38.2706
166.500,52.0399,-80.7929,38.2382
166.600,52.3337,-80.8815,38.2058
166.700,52.6131,-80.9700,38.1733
166.800,52.8786,-81.0585,38.1408
166.900,53.1309,-81.1470,38.1082
167.000,53.3713,-81.2355,38.0756
167.100,53.6007,-81.3241,38.0429
167.200,53.8206,-81.4128,38.0101
167.300,54.0323,-81.5017,37.9773
167.400,54.2373,-81.5908,37.9444
167.500,54.4371,-81.6801,37.9114
167.600,54.6332,-81.7698,37.8783
167.700,54.8269,-81.8598,37.8451
167.800,55.0197,-81.9503,37.8119
167.900,55.2129,-82.0412,37.7785
168.000,55.4077,-82.1327,37.7451
168.100,55.6053,-82.2248,37.7115
168.200,55.8069,-82.3175,37.6779
168.300,56.0134,-82.4110,37.6442
168.400,56.2255,-82.5051,37.6103
168.500,56.4438,-82.5999,37.5764
168.600,56.6681,-82.6952,37.5424
168.700,56.8983,-82.7912,37.5083
168.800,57.1343,-82.8878,37.4741
168.900,57.3757,-82.9849,37.4398
169.000,57.6222,-83.0825,37.4054
169.100,57.8731,-83.1803,37.3710
169.200,58.1271,-83.2781,37.3364
169.300,58.3830,-83.3755,37.3018
169.400,58.6388,-83.4721,37.2670
169.500,58.8926,-83.5677,37.2322
169.600,59.1421,-83.6617,37.1973
169.700,59.3848,-83.7537,37.1622
169.800,59.6183,-83.8435,37.1271
169.900,59.8402,-83.9306,37.0919
170.000,60.0482,-84.0147,37.0566
170.100,60.2400,-84.0955,37.0211
170.200,60.4135,-84.1726,36.9856
170.300,60.5669,-84.2459,36.9500
170.400,60.6985,-84.3151,36.9142
170.500,60.8072,-84.3801,36.8784
170.600,60.8918,-84.4409,36.8424
170.700,60.9520,-84.4974,36.8064
170.800,60.9875,-84.5497,36.7702
170.900,60.9988,-84.5979,36.7339
171.000,60.9866,-84.6423,36.6975
171.100,60.9523,-84.6832,36.6609
171.200,60.8976,-84.7209,36.6242
171.300,60.8249,-84.7558,36.5875
171.400,60.7369,-84.7884,36.5505
171.500,60.6367,-84.8192,36.5135
171.600,60.5279,-84.8488,36.4763
171.700,60.4141,-84.8778,36.4390
171.800,60.2993,-84.9066,36.4016
171.900,60.1877,-84.9360,36.3641
172.000,60.0833,-84.9665,36.3264
172.100,59.9902,-84.9985,36.2886
172.200,59.9123,-85.0326,36.2507
172.300,59.8533,-85.0693,36.2127
172.400,59.8164,-85.1088,36.1745
172.500,59.8047,-85.1515,36.1363
172.600,59.8206,-85.1977,36.0979
172.700,59.8661,-85.2476,36.0594
172.800,59.9427,-85.3011,36.0209
172.900,60.0512,-85.3584,35.9822
173.000,60.1922,-85.4195,35.9434
173.100,60.3656,-85.4841,35.9045
173.200,60.5706,-85.5523,35.8655
173.300,60.8064,-85.6237,35.8264
173.400,61.0715,-85.6982,35.7873
173.500,61.3643,-85.7754,35.7480
173.600,61.6829,-85.8552,35.7087
173.700,62.0252,-85.9373,35.6692
173.800,62.3892,-86.0212,35.6297
173.900,62.7726,-86.1069,35.5900
174.000,63.1734,-86.1939,35.5503
174.100,63.5896,-86.2821,35.5105
174.200,64.0193,-86.3712,35.4706
174.300,64.4607,-86.4611,35.4306
174.400,64.9122,-86.5514,35.3905
174.500,65.3724,-86.6421,35.3503
174.600,65.8399,-86.7330,35.3100
174.700,66.3140,-86.8240,35.2696
174.800,66.7947,-86.9149,35.2291
174.900,67.2828,-87.0060,35.1885
175.000,67.7794,-87.0973,35.1478
175.100,68.2853,-87.1889,35.1070
175.200,68.8008,-87.2806,35.0661
175.300,69.3259,-87.3724,35.0251
175.400,69.8610,-87.4640,34.9840
175.500,70.4064,-87.5555,34.9428
175.600,70.9631,-87.6468,34.9016
175.700,71.5322,-87.7377,34.8602
175.800,72.1151,-87.8283,34.8187
175.900,72.7130,-87.9187,34.7772
176.000,73.3274,-88.0087,34.7356
176.100,73.9593,-88.0985,34.6939
176.200,74.6094,-88.1881,34.6521
176.300,75.2784,-88.2774,34.6103
176.400,75.9661,-88.3666,34.5684
176.500,76.6721,-88.4556,34.5264
176.600,77.3956,-88.5444,34.4843
176.700,78.1351,-88.6331,34.4422
176.800,78.8889,-88.7216,34.4000
176.900,79.6548,-88.8100,34.3578
177.000,80.4302,-88.8983,34.3155
177.100,81.2124,-88.9864,34.2732
177.200,81.9986,-89.0743,34.2308
177.300,82.7857,-89.1621,34.1883
177.400,83.5709,-89.2498,34.1459
177.500,84.3516,-89.3372,34.1033
177.600,85.1253,-89.4244,34.0607
177.700,85.8899,-89.5114,34.0181
177.800,86.6436,-89.5982,33.9755
177.900,87.3851,-89.6847,33.9328
178.000,88.1136,-89.7708,33.8900
178.100,88.8285,-89.8566,33.8473
178.200,89.5298,-89.9420,33.8045
178.300,90.2177,-90.0270,33.7616
178.400,90.8929,-90.1115,33.7187
178.500,91.5563,-90.1955,33.6757
178.600,92.2092,-90.2789,33.6327
178.700,92.8528,-90.3618,33.5897
178.800,93.4887,-90.4441,33.5466
178.900,94.1185,-90.5258,33.5034
179.000,94.7440,-90.6069,33.4602
179.100,95.3668,-90.6875,33.4169
179.200,95.9887,-90.7676,33.3735
179.300,96.6113,-90.8472,33.3301
179.400,97.2363,-90.9263,33.2866
179.500,97.8651,-91.0051,33.2430
179.600,98.4991,-91.0835,33.1994
179.700,99.1396,-91.1618,33.1556
179.800,99.7876,-91.2398,33.1118
179.900,100.4442,-91.3179,33.0679
180.000,101.1101,-91.3959,33.0239
180.100,101.7860,-91.4741,32.9798
180.200,102.4724,-91.5525,32.9356
180.300,103.1696,-91.6312,32.8913
180.400,103.8778,-91.7102,32.8470
180.500,104.5972,-91.7898,32.8025
180.600,105.3275,-91.8698,32.7579
180.700,106.0687,-91.9505,32.7133
180.800,106.8201,-92.0318,32.6685
180.900,107.5812,-92.1137,32.6237
181.000,108.3510,-92.1963,32.5788
181.100,109.1288,-92.2796,32.5337
181.200,109.9144,-92.3633,32.4886
181.300,110.7079,-92.4477,32.4434
181.400,111.5090,-92.5326,32.3981
181.500,112.3166,-92.6179,32.3527
181.600,113.1292,-92.7034,32.3073
181.700,113.9446,-92.7890,32.2617
181.800,114.7608,-92.8743,32.2160
181.900,115.5754,-92.9590,32.1703
182.000,116.3866,-93.0428,32.1245
182.100,117.1927,-93.1252,32.0785
182.200,117.9920,-93.2060,32.0325
182.300,118.7834,-93.2847,31.9863
182.400,119.5659,-93.3610,31.9401
182.500,120.3388,-93.4346,31.8937
182.600,121.1018,-93.5052,31.8472
182.700,121.8546,-93.5726,31.8007
182.800,122.5974,-93.6364,31.7540
182.900,123.3304,-93.6966,31.7071
183.000,124.0542,-93.7529,31.6602
183.100,124.7697,-93.8054,31.6131
183.200,125.4777,-93.8540,31.5659
183.300,126.1795,-93.8988,31.5186
183.400,126.8764,-93.9399,31.4711
183.500,127.5698,-93.9776,31.4235
183.600,128.2614,-94.0120,31.3757
183.700,128.9527,-94.0434,31.3279
183.800,129.6454,-94.0724,31.2798
183.900,130.3411,-94.0992,31.2316
184.000,131.0413,-94.1245,31.1833
184.100,131.7473,-94.1486,31.1348
184.200,132.4603,-94.1721,31.0862
184.300,133.1810,-94.1955,31.0374
184.400,133.9102,-94.2194,30.9884
184.500,134.6479,-94.2442,30.9393
184.600,135.3940,-94.2706,30.8901
184.700,136.1481,-94.2988,30.8407
184.800,136.9092,-94.3292,30.7912
184.900,137.6762,-94.3624,30.7416
185.000,138.4476,-94.3984,30.6918
185.100,139.2217,-94.4376,30.6419
185.200,139.9967,-94.4801,30.5918
185.300,140.7707,-94.5259,30.5417
185.400,141.5418,-94.5752,30.4914
185.500,142.3084,-94.6278,30.4410
185.600,143.0688,-94.6837,30.3905
185.700,143.8217,-94.7427,30.3398
185.800,144.5661,-94.8047,30.2891
185.900,145.3011,-94.8693,30.2382
186.000,146.0263,-94.9365,30.1873
186.100,146.7416,-95.0058,30.1363
186.200,147.4470,-95.0771,30.0851
186.300,148.1428,-95.1501,30.0339
186.400,148.8297,-95.2244,29.9825
186.500,149.5084,-95.2999,29.9311
186.600,150.1796,-95.3763,29.8796
186.700,150.8444,-95.4534,29.8280
186.800,151.5037,-95.5310,29.7762
186.900,152.1586,-95.6089,29.7244
187.000,152.8100,-95.6869,29.6725
187.100,153.4588,-95.7649,29.6205
187.200,154.1054,-95.8428,29.5684
187.300,154.7501,-95.9206,29.5162
187.400,155.3928,-95.9983,29.4639
187.500,156.0335,-96.0762,29.4115
187.600,156.6718,-96.1542,29.3590
187.700,157.3064,-96.2322,29.3064
187.800,157.9355,-96.3102,29.2537
187.900,158.5567,-96.3881,29.2009
188.000,159.1671,-96.4659,29.1480
188.100,159.7632,-96.5434,29.0951
188.200,160.3414,-96.6207,29.0420
188.300,160.8976,-96.6978,28.9888
188.400,161.4280,-96.7747,28.9356
188.500,161.9284,-96.8516,28.8823
188.600,162.3952,-96.9284,28.8288
188.700,162.8249,-97.0052,28.7753
188.800,163.2144,-97.0821,28.7217
188.900,163.5612,-97.1592,28.6680
189.000,163.8631,-97.2364,28.6142
189.100,164.1188,-97.3138,28.5604
189.200,164.3274,-97.3915,28.5064
189.300,164.4889,-97.4694,28.4524
189.400,164.6041,-97.5476,28.3983
189.500,164.6743,-97.6260,28.3441
189.600,164.7019,-97.7046,28.2898
189.700,164.6898,-97.7834,28.2355
189.800,164.6418,-97.8624,28.1811
189.900,164.5621,-97.9415,28.1266
190.000,164.4557,-98.0207,28.0720
190.100,164.3278,-98.0998,28.0174
190.200,164.1840,-98.1789,27.9627
190.300,164.0301,-98.2577,27.9079
190.400,163.8720,-98.3363,27.8531
190.500,163.7153,-98.4145,27.7981
190.600,163.5656,-98.4923,27.7432
190.700,163.4280,-98.5695,27.6881
190.800,163.3073,-98.6460,27.6330
190.900,163.2077,-98.7217,27.5778
191.000,163.1327,-98.7966,27.5225
191.100,163.0852,-98.8706,27.4671
191.200,163.0677,-98.9437,27.4117
191.300,163.0816,-99.0157,27.3562
191.400,163.1279,-99.0868,27.3006
191.500,163.2069,-99.1568,27.2449
191.600,163.3183,-99.2259,27.1891
191.700,163.4611,-99.2940,27.1333
191.800,163.6342,-99.3612,27.0773
191.900,163.8355,-99.4276,27.0213
192.000,164.0631,-99.4932,26.9652
192.100,164.3144,-99.5583,26.9089
192.200,164.5868,-99.6228,26.8526
192.300,164.8776,-99.6868,26.7962
192.400,165.1838,-99.7506,26.7397
192.500,165.5028,-99.8143,26.6831
192.600,165.8317,-99.8778,26.6264
192.700,166.1679,-99.9415,26.5697
192.800,166.5090,-100.0053,26.5128
192.900,166.8526,-100.0694,26.4558
193.000,167.1966,-100.1339,26.3987
193.100,167.5391,-100.1989,26.3416
193.200,167.8784,-100.2645,26.2843
193.300,168.2129,-100.3306,26.2270
193.400,168.5416,-100.3975,26.1695
193.500,168.8639,-100.4649,26.1120
193.600,169.1801,-100.5330,26.0544
193.700,169.4911,-100.6016,25.9967
193.800,169.7978,-100.6708,25.9389
193.900,170.1010,-100.7404,25.8810
194.000,170.4008,-100.8104,25.8230
194.100,170.6972,-100.8807,25.7649
194.200,170.9903,-100.9511,25.7068
194.300,171.2802,-101.0213,25.6486
194.400,171.5676,-101.0910,25.5902
194.500,171.8534,-101.1600,25.5318
194.600,172.1387,-101.2279,25.4733
194.700,172.4247,-101.2944,25.4146
194.800,172.7127,-101.3591,25.3559
194.900,173.0041,-101.4218,25.2970
195.000,173.3001,-101.4822,25.2381
195.100,173.6018,-101.5400,25.1790
195.200,173.9104,-101.5949,25.1198
195.300,174.2267,-101.6468,25.0605
195.400,174.5514,-101.6954,25.0010
195.500,174.8853,-101.7408,24.9414
195.600,175.2285,-101.7827,24.8817
195.700,175.5813,-101.8213,24.8218
195.800,175.9437,-101.8565,24.7618
195.900,176.3153,-101.8885,24.7016
196.000,176.6955,-101.9174,24.6413
196.100,177.0837,-101.9435,24.5808
196.200,177.4787,-101.9670,24.5201
196.300,177.8793,-101.9883,24.4593
196.400,178.2840,-102.0078,24.3983
196.500,178.6912,-102.0259,24.3372
196.600,179.0990,-102.0429,24.2759
196.700,179.5055,-102.0595,24.2144
196.800,179.9086,-102.0760,24.1528
196.900,-179.6938,-102.0929,24.0910
197.000,-179.3037,-102.1107,24.0290
197.100,-178.9231,-102.1298,23.9669
197.200,-178.5539,-102.1506,23.9046
197.300,-178.1977,-102.1734,23.8421
197.400,-177.8560,-102.1985,23.7795
197.500,-177.5299,-102.2263,23.7168
197.600,-177.2204,-102.2568,23.6539
197.700,-176.9281,-102.2902,23.5908
197.800,-176.6531,-102.3266,23.5276
197.900,-176.3953,-102.3660,23.4643
198.000,-176.1545,-102.4084,23.4009
198.100,-175.9298,-102.4536,23.3373
198.200,-175.7205,-102.5015,23.2736
198.300,-175.5252,-102.5520,23.2098
198.400,-175.3428,-102.6048,23.1459
198.500,-175.1716,-102.6598,23.0818
198.600,-175.0102,-102.7166,23.0177
198.700,-174.8568,-102.7750,22.9535
198.800,-174.7101,-102.8349,22.8891
198.900,-174.5682,-102.8958,22.8247
199.000,-174.4299,-102.9576,22.7602
199.100,-174.2935,-103.0201,22.6955
199.200,-174.1579,-103.0831,22.6308
199.300,-174.0218,-103.1463,22.5660
199.400,-173.8840,-103.2096,22.5011
199.500,-173.7436,-103.2728,22.4361
199.600,-173.5999,-103.3359,22.3710
199.700,-173.4525,-103.3987,22.3058
199.800,-173.3015,-103.4612,22.2405
199.900,-173.1472,-103.5236,22.1751
200.000,-172.9899,-103.5860,22.1096
200.100,-172.8301,-103.6483,22.0441
200.200,-172.6684,-103.7107,21.9784
200.300,-172.5055,-103.7729,21.9126
200.400,-172.3424,-103.8350,21.8467
200.500,-172.1805,-103.8969,21.7807
200.600,-172.0215,-103.9586,21.7147
200.700,-171.8673,-104.0201,21.6485
200.800,-171.7202,-104.0816,21.5823
200.900,-171.5824,-104.1430,21.5159
201.000,-171.4560,-104.2045,21.4495
201.100,-171.3433,-104.2661,21.3829
201.200,-171.2462,-104.3280,21.3163
201.300,-171.1668,-104.3903,21.2496
201.400,-171.1065,-104.4529,21.1827
201.500,-171.0668,-104.5160,21.1158
201.600,-171.0488,-104.5797,21.0488
201.700,-171.0533,-104.6439,20.9816
201.800,-171.0807,-104.7088,20.9144
201.900,-171.1309,-104.7742,20.8471
202.000,-171.2036,-104.8402,20.7797
202.100,-171.2980,-104.9068,20.7121
202.200,-171.4129,-104.9739,20.6445
202.300,-171.5466,-105.0415,20.5768
202.400,-171.6971,-105.1094,20.5090
202.500,-171.8620,-105.1777,20.4411
202.600,-172.0386,-105.2461,20.3731
202.700,-172.2238,-105.3145,20.3050
202.800,-172.4145,-105.3828,20.2368
202.900,-172.6074,-105.4509,20.1685
203.000,-172.7992,-105.5186,20.1001
203.100,-172.9865,-105.5858,20.0317
203.200,-173.1661,-105.6523,19.9631
203.300,-173.3350,-105.7179,19.8944
203.400,-173.4905,-105.7826,19.8257
203.500,-173.6302,-105.8462,19.7568
203.600,-173.7519,-105.9086,19.6879
203.700,-173.8542,-105.9697,19.6188
203.800,-173.9357,-106.0295,19.5496
203.900,-173.9958,-106.0880,19.4804
204.000,-174.0341,-106.1451,19.4110
204.100,-174.0507,-106.2009,19.3416
204.200,-174.0461,-106.2555,19.2720
204.300,-174.0213,-106.3088,19.2024
204.400,-173.9773,-106.3610,19.1326
204.500,-173.9156,-106.4123,19.0627
204.600,-173.8379,-106.4626,18.9928
204.700,-173.7458,-106.5122,18.9227
204.800,-173.6414,-106.5611,18.8525
204.900,-173.5266,-106.6096,18.7823
205.000,-173.4031,-106.6578,18.7119
205.100,-173.2731,-106.7058,18.6414
205.200,-173.1381,-106.7538,18.5709
205.300,-173.0000,-106.8019,18.5002
205.400,-172.8602,-106.8502,18.4294
205.500,-172.7201,-106.8989,18.3586
205.600,-172.5812,-106.9480,18.2876
205.700,-172.4446,-106.9977,18.2166
205.800,-172.3111,-107.0480,18.1455
205.900,-172.1814,-107.0989,18.0742
206.000,-172.0558,-107.1505,18.0029
206.100,-171.9338,-107.2027,17.9315
206.200,-171.8149,-107.2555,17.8601
206.300,-171.6982,-107.3087,17.7885
206.400,-171.5832,-107.3624,17.7169
206.500,-171.4695,-107.4164,17.6452
206.600,-171.3572,-107.4707,17.5733
206.700,-171.2460,-107.5252,17.5014
206.800,-171.1355,-107.5795,17.4294
206.900,-171.0252,-107.6335,17.3574
207.000,-170.9143,-107.6870,17.2852
207.100,-170.8018,-107.7396,17.2129
207.200,-170.6867,-107.7910,17.1405
207.300,-170.5680,-107.8410,17.0680
207.400,-170.4447,-107.8893,16.9954
207.500,-170.3156,-107.9356,16.9226
207.600,-170.1800,-107.9798,16.8498
207.700,-170.0371,-108.0215,16.7768
207.800,-169.8862,-108.0606,16.7037
207.900,-169.7267,-108.0969,16.6304
208.000,-169.5583,-108.1304,16.5570
208.100,-169.3809,-108.1610,16.4835
208.200,-169.1944,-108.1887,16.4098
208.300,-168.9990,-108.2136,16.3360
208.400,-168.7951,-108.2356,16.2620
208.500,-168.5833,-108.2550,16.1878
208.600,-168.3642,-108.2720,16.1135
208.700,-168.1389,-108.2868,16.0390
208.800,-167.9084,-108.2997,15.9643
208.900,-167.6740,-108.3110,15.8895
209.000,-167.4371,-108.3212,15.8144
209.100,-167.1991,-108.3305,15.7392
209.200,-166.9616,-108.3394,15.6638
209.300,-166.7261,-108.3483,15.5883
209.400,-166.4941,-108.3576,15.5125
209.500,-166.2673,-108.3677,15.4366
209.600,-166.0469,-108.3789,15.3605
209.700,-165.8344,-108.3917,15.2843
209.800,-165.6309,-108.4062,15.2079
209.900,-165.4373,-108.4228,15.1313
210.000,-165.2545,-108.4417,15.0545
210.100,-165.0830,-108.4631,14.9776
210.200,-164.9232,-108.4869,14.9006
210.300,-164.7751,-108.5134,14.8234
210.400,-164.6387,-108.5426,14.7460
210.500,-164.5136,-108.5743,14.6685
210.600,-164.3994,-108.6084,14.5909
210.700,-164.2952,-108.6450,14.5132
210.800,-164.2003,-108.6837,14.4353
210.900,-164.1137,-108.7244,14.3573
211.000,-164.0343,-108.7670,14.2792
211.100,-163.9609,-108.8111,14.2010
211.200,-163.8926,-108.8565,14.1227
211.300,-163.8280,-108.9030,14.0443
211.400,-163.7660,-108.9505,13.9658
211.500,-163.7057,-108.9985,13.8872
211.600,-163.6459,-109.0471,13.8085
211.700,-163.5857,-109.0958,13.7297
211.800,-163.5242,-109.1447,13.6508
211.900,-163.4606,-109.1935,13.5719
212.000,-163.3942,-109.2420,13.4928
212.100,-163.3246,-109.2903,13.4136
212.200,-163.2514,-109.3381,13.3344
212.300,-163.1747,-109.3856,13.2550
212.400,-163.0948,-109.4329,13.1756
212.500,-163.0121,-109.4799,13.0961
212.600,-162.9269,-109.5269,13.0164
212.700,-162.8395,-109.5738,12.9367
212.800,-162.7504,-109.6205,12.8569
212.900,-162.6602,-109.6670,12.7769
213.000,-162.5699,-109.7133,12.6969
213.100,-162.4805,-109.7594,12.6168
213.200,-162.3933,-109.8054,12.5366
213.300,-162.3099,-109.8514,12.4563
213.400,-162.2318,-109.8974,12.3759
213.500,-162.1607,-109.9436,12.2954
213.600,-162.0980,-109.9901,12.2148
213.700,-162.0452,-110.0370,12.1341
213.800,-162.0038,-110.0845,12.0533
213.900,-161.9749,-110.1326,11.9724
214.000,-161.9597,-110.1813,11.8913
214.100,-161.9590,-110.2309,11.8102
214.200,-161.9734,-110.2813,11.7290
214.300,-162.0033,-110.3326,11.6476
214.400,-162.0490,-110.3847,11.5661
214.500,-162.1101,-110.4377,11.4846
214.600,-162.1864,-110.4915,11.4029
214.700,-162.2769,-110.5461,11.3211
214.800,-162.3807,-110.6014,11.2392
214.900,-162.4965,-110.6573,11.1571
215.000,-162.6225,-110.7136,11.0750
215.100,-162.7570,-110.7703,10.9928
215.200,-162.8979,-110.8271,10.9104
215.300,-163.0430,-110.8840,10.8279
215.400,-163.1899,-110.9406,10.7454
215.500,-163.3362,-110.9968,10.6627
215.600,-163.4795,-111.0525,10.5799
215.700,-163.6176,-111.1075,10.4970
215.800,-163.7482,-111.1615,10.4139
215.900,-163.8693,-111.2144,10.3308
216.000,-163.9791,-111.2660,10.2476
216.100,-164.0761,-111.3163,10.1642
216.200,-164.1590,-111.3652,10.0807
216.300,-164.2269,-111.4125,9.9971
216.400,-164.2791,-111.4583,9.9135
216.500,-164.3155,-111.5026,9.8296
216.600,-164.3361,-111.5453,9.7457
216.700,-164.3412,-111.5865,9.6617
216.800,-164.3315,-111.6264,9.5776
216.900,-164.3077,-111.6649,9.4933
217.000,-164.2710,-111.7023,9.4089
217.100,-164.2225,-111.7386,9.3245
217.200,-164.1636,-111.7740,9.2399
217.300,-164.0958,-111.8088,9.1552
217.400,-164.0204,-111.8429,9.0704
217.500,-163.9389,-111.8767,8.9855
217.600,-163.8528,-111.9102,8.9005
217.700,-163.7633,-111.9437,8.8154
217.800,-163.6718,-111.9772,8.7302
217.900,-163.5795,-112.0109,8.6450
218.000,-163.4874,-112.0450,8.5596
218.100,-163.3966,-112.0795,8.4741
218.200,-163.3079,-112.1146,8.3886
218.300,-163.2221,-112.1504,8.3029
218.400,-163.1395,-112.1868,8.2172
218.500,-163.0603,-112.2239,8.1314
218.600,-162.9842,-112.2616,8.0455
218.700,-162.9105,-112.2999,7.9595
218.800,-162.8386,-112.3386,7.8734
218.900,-162.7681,-112.3777,7.7873
219.000,-162.6985,-112.4172,7.7011
219.100,-162.6300,-112.4570,7.6148
219.200,-162.5621,-112.4970,7.5284
219.300,-162.4948,-112.5369,7.4419
219.400,-162.4274,-112.5766,7.3553
219.500,-162.3595,-112.6159,7.2687
219.600,-162.2901,-112.6545,7.1819
219.700,-162.2186,-112.6922,7.0950
219.800,-162.1440,-112.7287,7.0080
219.900,-162.0654,-112.7638,6.9209
220.000,-161.9822,-112.7972,6.8337
220.100,-161.8935,-112.8288,6.7463
220.200,-161.7988,-112.8583,6.6588
220.300,-161.6974,-112.8856,6.5712
220.400,-161.5889,-112.9106,6.4835
220.500,-161.4731,-112.9331,6.3956
220.600,-161.3498,-112.9531,6.3075
220.700,-161.2189,-112.9707,6.2193
220.800,-161.0807,-112.9857,6.1310
220.900,-160.9354,-112.9984,6.0425
221.000,-160.7835,-113.0088,5.9538
221.100,-160.6256,-113.0172,5.8649
221.200,-160.4624,-113.0237,5.7759
221.300,-160.2949,-113.0286,5.6867
221.400,-160.1241,-113.0321,5.5973
221.500,-159.9510,-113.0347,5.5077
221.600,-159.7767,-113.0366,5.4180
221.700,-159.6026,-113.0382,5.3280
221.800,-159.4299,-113.0398,5.2379
221.900,-159.2597,-113.0418,5.1476
222.000,-159.0933,-113.0446,5.0571
222.100,-158.9317,-113.0484,4.9664
222.200,-158.7760,-113.0536,4.8756
222.300,-158.6271,-113.0605,4.7846
222.400,-158.4857,-113.0692,4.6934
222.500,-158.3525,-113.0799,4.6021
222.600,-158.2278,-113.0928,4.5106
222.700,-158.1120,-113.1080,4.4189
222.800,-158.0050,-113.1255,4.3271
222.900,-157.9069,-113.1453,4.2351
223.000,-157.8172,-113.1674,4.1430
223.100,-157.7357,-113.1917,4.0508
223.200,-157.6617,-113.2180,3.9584
223.300,-157.5947,-113.2463,3.8659
223.400,-157.5337,-113.2763,3.7733
223.500,-157.4780,-113.3078,3.6806
223.600,-157.4267,-113.3407,3.5878
223.700,-157.3788,-113.3747,3.4948
223.800,-157.3335,-113.4095,3.4018
223.900,-157.2898,-113.4451,3.3087
224.000,-157.2469,-113.4811,3.2154
224.100,-157.2040,-113.5174,3.1221
224.200,-157.1603,-113.5539,3.0287
224.300,-157.1150,-113.5902,2.9352
224.400,-157.0675,-113.6264,2.8416
224.500,-157.0174,-113.6622,2.7479
224.600,-156.9641,-113.6976,2.6541
224.700,-156.9074,-113.7325,2.5603
224.800,-156.8476,-113.7670,2.4663
224.900,-156.7847,-113.8012,2.3723
225.000,-156.7191,-113.8351,2.2781
225.100,-156.6512,-113.8688,2.1839
225.200,-156.5812,-113.9023,2.0896
225.300,-156.5094,-113.9357,1.9951
225.400,-156.4363,-113.9688,1.9006
225.500,-156.3626,-114.0016,1.8060
225.600,-156.2892,-114.0343,1.7113
225.700,-156.2172,-114.0669,1.6165
225.800,-156.1477,-114.0995,1.5216
225.900,-156.0820,-114.1322,1.4266
226.000,-156.0215,-114.1651,1.3315
226.100,-155.9673,-114.1984,1.2362
226.200,-155.9207,-114.2322,1.1409
226.300,-155.8829,-114.2666,1.0455
226.400,-155.8549,-114.3018,0.9500
226.500,-155.8375,-114.3379,0.8543
226.600,-155.8316,-114.3748,0.7585
226.700,-155.8378,-114.4128,0.6626
226.800,-155.8563,-114.4517,0.5666
226.900,-155.8873,-114.4917,0.4705
227.000,-155.9308,-114.5327,0.3743
227.100,-155.9865,-114.5748,0.2779
227.200,-156.0537,-114.6177,0.1814
227.300,-156.1317,-114.6615,0.0848
227.400,-156.2194,-114.7060,-0.0119
227.500,-156.3155,-114.7512,-0.1087
227.600,-156.4186,-114.7967,-0.2057
227.700,-156.5269,-114.8425,-0.3028
227.800,-156.6387,-114.8884,-0.4000
227.900,-156.7521,-114.9342,-0.4973
228.000,-156.8651,-114.9795,-0.5947
228.100,-156.9757,-115.0244,-0.6923
228.200,-157.0821,-115.0684,-0.7900
228.300,-157.1824,-115.1115,-0.8878
228.400,-157.2750,-115.1535,-0.9857
228.500,-157.3583,-115.1942,-1.0838
228.600,-157.4311,-115.2334,-1.1820
228.700,-157.4923,-115.2711,-1.2802
228.800,-157.5413,-115.3073,-1.3787
228.900,-157.5774,-115.3417,-1.4772
229.000,-157.6004,-115.3746,-1.5758
229.100,-157.6105,-115.4058,-1.6746
229.200,-157.6078,-115.4354,-1.7735
229.300,-157.5930,-115.4636,-1.8725
229.400,-157.5666,-115.4904,-1.9716
229.500,-157.5297,-115.5160,-2.0708
229.600,-157.4833,-115.5405,-2.1702
229.700,-157.4284,-115.5641,-2.2696
229.800,-157.3663,-115.5869,-2.3692
229.900,-157.2982,-115.6091,-2.4689
230.000,-157.2253,-115.6309,-2.5686
230.100,-157.1488,-115.6525,-2.6685
230.200,-157.0700,-115.6740,-2.7685
230.300,-156.9898,-115.6956,-2.8685
230.400,-156.9092,-115.7174,-2.9687
230.500,-156.8293,-115.7396,-3.0689
230.600,-156.7508,-115.7623,-3.1693
230.700,-156.6745,-115.7856,-3.2697
230.800,-156.6010,-115.8095,-3.3702
230.900,-156.5307,-115.8342,-3.4708
231.000,-156.4635,-115.8596,-3.5715
231.100,-156.3992,-115.8857,-3.6723
231.200,-156.3372,-115.9123,-3.7731
231.300,-156.2770,-115.9394,-3.8740
231.400,-156.2179,-115.9669,-3.9750
231.500,-156.1598,-115.9948,-4.0761
231.600,-156.1026,-116.0229,-4.1772
231.700,-156.0461,-116.0513,-4.2784
231.800,-155.9900,-116.0797,-4.3798
231.900,-155.9341,-116.1080,-4.4812
232.000,-155.8778,-116.1360,-4.5827
232.100,-155.8204,-116.1635,-4.6843
232.200,-155.7613,-116.1902,-4.7860
232.300,-155.6997,-116.2159,-4.8879
232.400,-155.6350,-116.2404,-4.9898
232.500,-155.5665,-116.2635,-5.0919
232.600,-155.4935,-116.2850,-5.1941
232.700,-155.4154,-116.3048,-5.2964
232.800,-155.3319,-116.3225,-5.3988
232.900,-155.2425,-116.3383,-5.5014
233.000,-155.1470,-116.3519,-5.6041
233.100,-155.0452,-116.3634,-5.7070
233.200,-154.9371,-116.3726,-5.8101
233.300,-154.8228,-116.3797,-5.9132
233.400,-154.7026,-116.3848,-6.0166
233.500,-154.5769,-116.3878,-6.1201
233.600,-154.4462,-116.3891,-6.2238
233.700,-154.3110,-116.3887,-6.3277
233.800,-154.1721,-116.3870,-6.4317
233.900,-154.0304,-116.3841,-6.5360
234.000,-153.8867,-116.3804,-6.6404
234.100,-153.7421,-116.3762,-6.7450
234.200,-153.5975,-116.3717,-6.8498
234.300,-153.4539,-116.3673,-6.9547
234.400,-153.3123,-116.3634,-7.0599
234.500,-153.1737,-116.3602,-7.1652
234.600,-153.0391,-116.3579,-7.2707
234.700,-152.9092,-116.3570,-7.3764
234.800,-152.7847,-116.3576,-7.4822
234.900,-152.6664,-116.3598,-7.5883
235.000,-152.5546,-116.3640,-7.6945
235.100,-152.4498,-116.3702,-7.8008
235.200,-152.3521,-116.3784,-7.9073
235.300,-152.2616,-116.3888,-8.0140
235.400,-152.1782,-116.4013,-8.1208
235.500,-152.1017,-116.4158,-8.2278
235.600,-152.0316,-116.4323,-8.3348
235.700,-151.9676,-116.4507,-8.4420
235.800,-151.9090,-116.4708,-8.5494
235.900,-151.8553,-116.4924,-8.6568
236.000,-151.8057,-116.5154,-8.7644
236.100,-151.7594,-116.5396,-8.8721
236.200,-151.7157,-116.5647,-8.9799
236.300,-151.6738,-116.5905,-9.0877
236.400,-151.6329,-116.6169,-9.1957
236.500,-151.5923,-116.6437,-9.3038
236.600,-151.5513,-116.6706,-9.4120
236.700,-151.5093,-116.6976,-9.5202
236.800,-151.4656,-116.7243,-9.6285
236.900,-151.4197,-116.7508,-9.7370
237.000,-151.3710,-116.7769,-9.8455
237.100,-151.3194,-116.8025,-9.9541
237.200,-151.2645,-116.8275,-10.0628
237.300,-151.2066,-116.8521,-10.1715
237.400,-151.1457,-116.8763,-10.2804
237.500,-151.0822,-116.9002,-10.3894
237.600,-151.0165,-116.9238,-10.4984
237.700,-150.9486,-116.9472,-10.6076
237.800,-150.8789,-116.9704,-10.7168
237.900,-150.8079,-116.9934,-10.8261
238.000,-150.7361,-117.0160,-10.9356
238.100,-150.6643,-117.0385,-11.0451
238.200,-150.5934,-117.0609,-11.1547
238.300,-150.5244,-117.0832,-11.2645
238.400,-150.4584,-117.1057,-11.3743
238.500,-150.3966,-117.1284,-11.4842
238.600,-150.3401,-117.1515,-11.5942
238.700,-150.2899,-117.1751,-11.7044
238.800,-150.2472,-117.1994,-11.8146
238.900,-150.2127,-117.2245,-11.9250
239.000,-150.1873,-117.2505,-12.0355
239.100,-150.1718,-117.2774,-12.1461
239.200,-150.1665,-117.3054,-12.2568
239.300,-150.1719,-117.3345,-12.3676
239.400,-150.1881,-117.3647,-12.4786
239.500,-150.2151,-117.3959,-12.5897
239.600,-150.2526,-117.4283,-12.7009
239.700,-150.3002,-117.4616,-12.8122
239.800,-150.3571,-117.4958,-12.9237
239.900,-150.4225,-117.5309,-13.0353
240.000,-150.4953,-117.5666,-13.1470
240.100,-150.5741,-117.6028,-13.2588
240.200,-150.6575,-117.6393,-13.3708
240.300,-150.7439,-117.6759,-13.4828
240.400,-150.8318,-117.7124,-13.5951
240.500,-150.9193,-117.7486,-13.7074
240.600,-151.0047,-117.7843,-13.8198
240.700,-151.0864,-117.8192,-13.9324
240.800,-151.1628,-117.8532,-14.0451
240.900,-151.2323,-117.8860,-14.1580
241.000,-151.2937,-117.9176,-14.2709
241.100,-151.3458,-117.9477,-14.3840
241.200,-151.3878,-117.9763,-14.4972
241.300,-151.4190,-118.0033,-14.6105
241.400,-151.4388,-118.0287,-14.7240
241.500,-151.4472,-118.0524,-14.8375
241.600,-151.4443,-118.0745,-14.9512
241.700,-151.4301,-118.0950,-15.0651
241.800,-151.4053,-118.1141,-15.1790
241.900,-151.3705,-118.1318,-15.2930
242.000,-151.3266,-118.1483,-15.4072
242.100,-151.2743,-118.1637,-15.5215
242.200,-151.2148,-118.1783,-15.6359
242.300,-151.1491,-118.1921,-15.7504
242.400,-151.0784,-118.2053,-15.8650
242.500,-151.0036,-118.2182,-15.9797
242.600,-150.9260,-118.2308,-16.0945
242.700,-150.8466,-118.2435,-16.2094
242.800,-150.7662,-118.2563,-16.3244
242.900,-150.6859,-118.2693,-16.4395
243.000,-150.6065,-118.2828,-16.5547
243.100,-150.5286,-118.2968,-16.6699
243.200,-150.4530,-118.3114,-16.7853
243.300,-150.3803,-118.3268,-16.9007
243.400,-150.3106,-118.3430,-17.0162
243.500,-150.2440,-118.3599,-17.1318
243.600,-150.1803,-118.3775,-17.2475
243.700,-150.1188,-118.3957,-17.3633
243.800,-150.0591,-118.4145,-17.4791
243.900,-150.0005,-118.4337,-17.5950
244.000,-149.9429,-118.4532,-17.7109
244.100,-149.8861,-118.4731,-17.8270
244.200,-149.8300,-118.4932,-17.9431
244.300,-149.7744,-118.5134,-18.0594
244.400,-149.7191,-118.5335,-18.1757
244.500,-149.6636,-118.5535,-18.2921
244.600,-149.6073,-118.5730,-18.4086
244.700,-149.5497,-118.5919,-18.5252
244.800,-149.4903,-118.6099,-18.6420
244.900,-149.4282,-118.6269,-18.7588
245.000,-149.3631,-118.6427,-18.8757
245.100,-149.2942,-118.6570,-18.9928
245.200,-149.2212,-118.6697,-19.1100
245.300,-149.1436,-118.6807,-19.2273
245.400,-149.0611,-118.6899,-19.3448
245.500,-148.9735,-118.6972,-19.4624
245.600,-148.8806,-118.7025,-19.5802
245.700,-148.7824,-118.7058,-19.6981
245.800,-148.6791,-118.7072,-19.8162
245.900,-148.5708,-118.7067,-19.9344
246.000,-148.4577,-118.7044,-20.0528
246.100,-148.3405,-118.7005,-20.1713
246.200,-148.2195,-118.6952,-20.2901
246.300,-148.0954,-118.6887,-20.4090
246.400,-147.9690,-118.6812,-20.5281
246.500,-147.8408,-118.6729,-20.6473
246.600,-147.7119,-118.6642,-20.7668
246.700,-147.5829,-118.6553,-20.8864
246.800,-147.4548,-118.6466,-21.0062
246.900,-147.3284,-118.6383,-21.1262
247.000,-147.2045,-118.6308,-21.2464
247.100,-147.0839,-118.6242,-21.3667
247.200,-146.9672,-118.6188,-21.4873
247.300,-146.8551,-118.6149,-21.6079
247.400,-146.7482,-118.6126,-21.7288
247.500,-146.6467,-118.6121,-21.8498
247.600,-146.5509,-118.6135,-21.9710
247.700,-146.4612,-118.6168,-22.0923
247.800,-146.3774,-118.6221,-22.2138
247.900,-146.2994,-118.6294,-22.3355
248.000,-146.2272,-118.6386,-22.4572
248.100,-146.1603,-118.6497,-22.5791
248.200,-146.0984,-118.6625,-22.7012
248.300,-146.0410,-118.6769,-22.8233
248.400,-145.9875,-118.6927,-22.9456
248.500,-145.9373,-118.7097,-23.0679
248.600,-145.8897,-118.7278,-23.1904
248.700,-145.8440,-118.7468,-23.3130
248.800,-145.7997,-118.7664,-23.4357
248.900,-145.7560,-118.7865,-23.5585
249.000,-145.7123,-118.8068,-23.6813
249.100,-145.6679,-118.8272,-23.8043
249.200,-145.6224,-118.8476,-23.9273
249.300,-145.5751,-118.8677,-24.0505
249.400,-145.5256,-118.8876,-24.1737
249.500,-145.4735,-118.9069,-24.2970
249.600,-145.4184,-118.9257,-24.4204
249.700,-145.3603,-118.9440,-24.5439
249.800,-145.2992,-118.9617,-24.6674
249.900,-145.2353,-118.9791,-24.7911
250.000,-145.1689,-118.9961,-24.9148
250.100,-145.1002,-119.0129,-25.0386
250.200,-145.0295,-119.0294,-25.1626
250.300,-144.9570,-119.0456,-25.2866
250.400,-144.8831,-119.0616,-25.4107
250.500,-144.8083,-119.0773,-25.5349
250.600,-144.7333,-119.0928,-25.6592
250.700,-144.6590,-119.1082,-25.7837
250.800,-144.5862,-119.1235,-25.9082
250.900,-144.5160,-119.1389,-26.0328
251.000,-144.4494,-119.1545,-26.1575
251.100,-144.3873,-119.1705,-26.2823
251.200,-144.3309,-119.1870,-26.4072
251.300,-144.2809,-119.2041,-26.5322
251.400,-144.2383,-119.2220,-26.6574
251.500,-144.2038,-119.2408,-26.7826
251.600,-144.1779,-119.2605,-26.9080
251.700,-144.1613,-119.2813,-27.0335
251.800,-144.1541,-119.3031,-27.1592
251.900,-144.1566,-119.3261,-27.2849
252.000,-144.1688,-119.3501,-27.4108
252.100,-144.1904,-119.3752,-27.5368
252.200,-144.2210,-119.4014,-27.6629
252.300,-144.2601,-119.4284,-27.7891
252.400,-144.3067,-119.4563,-27.9155
252.500,-144.3600,-119.4848,-28.0420
252.600,-144.4187,-119.5138,-28.1686
252.700,-144.4816,-119.5432,-28.2954
252.800,-144.5471,-119.5727,-28.4222
252.900,-144.6139,-119.6021,-28.5492
253.000,-144.6804,-119.6313,-28.6763
253.100,-144.7450,-119.6599,-28.8036
253.200,-144.8061,-119.6878,-28.9310
253.300,-144.8624,-119.7147,-29.0584
253.400,-144.9125,-119.7406,-29.1861
253.500,-144.9551,-119.7652,-29.3138
253.600,-144.9894,-119.7884,-29.4417
253.700,-145.0143,-119.8101,-29.5697
253.800,-145.0295,-119.8302,-29.6978
253.900,-145.0344,-119.8487,-29.8260
254.000,-145.0289,-119.8656,-29.9543
254.100,-145.0131,-119.8809,-30.0828
254.200,-144.9873,-119.8947,-30.2114
254.300,-144.9518,-119.9071,-30.3401
254.400,-144.9074,-119.9181,-30.4690
254.500,-144.8547,-119.9280,-30.5979
254.600,-144.7946,-119.9369,-30.7270
254.700,-144.7282,-119.9449,-30.8561
254.800,-144.6562,-119.9522,-30.9854
254.900,-144.5799,-119.9590,-31.1148
255.000,-144.5001,-119.9655,-31.2443
255.100,-144.4179,-119.9719,-31.3739
255.200,-144.3343,-119.9783,-31.5036
255.300,-144.2501,-119.9848,-31.6333
255.400,-144.1661,-119.9917,-31.7632
255.500,-144.0831,-119.9991,-31.8932
255.600,-144.0019,-120.0070,-32.0232
255.700,-143.9229,-120.0157,-32.1533
255.800,-143.8467,-120.0252,-32.2836
255.900,-143.7736,-120.0355,-32.4138
256.000,-143.7035,-120.0466,-32.5442
256.100,-143.6362,-120.0584,-32.6746
256.200,-143.5711,-120.0709,-32.8051
256.300,-143.5076,-120.0840,-32.9357
256.400,-143.4454,-120.0975,-33.0664
256.500,-143.3840,-120.1114,-33.1971
256.600,-143.3234,-120.1256,-33.3279
256.700,-143.2636,-120.1401,-33.4588
256.800,-143.2042,-120.1548,-33.5898
256.900,-143.1453,-120.1695,-33.7209
257.000,-143.0862,-120.1840,-33.8520
257.100,-143.0267,-120.1982,-33.9833
257.200,-142.9663,-120.2118,-34.1146
257.300,-142.9043,-120.2247,-34.2461
257.400,-142.8403,-120.2366,-34.3777
257.500,-142.7738,-120.2474,-34.5094
257.600,-142.7042,-120.2568,-34.6412
257.700,-142.6312,-120.2648,-34.7731
257.800,-142.5545,-120.2713,-34.9051
257.900,-142.4736,-120.2760,-35.0373
258.000,-142.3885,-120.2789,-35.1697
258.100,-142.2990,-120.2800,-35.3021
258.200,-142.2051,-120.2793,-35.4348
258.300,-142.1069,-120.2768,-35.5676
258.400,-142.0045,-120.2725,-35.7005
258.500,-141.8982,-120.2666,-35.8336
258.600,-141.7883,-120.2593,-35.9668
258.700,-141.6754,-120.2505,-36.1003
258.800,-141.5598,-120.2407,-36.2339
258.900,-141.4423,-120.2300,-36.3676
259.000,-141.3234,-120.2186,-36.5016
259.100,-141.2039,-120.2068,-36.6357
259.200,-141.0844,-120.1949,-36.7700
259.300,-140.9656,-120.1832,-36.9045
259.400,-140.8483,-120.1719,-37.0391
259.500,-140.7331,-120.1613,-37.1739
259.600,-140.6207,-120.1517,-37.3089
259.700,-140.5116,-120.1433,-37.4441
259.800,-140.4064,-120.1363,-37.5794
259.900,-140.3054,-120.1308,-37.7149
260.000,-140.2091,-120.1271,-37.8506
260.100,-140.1177,-120.1252,-37.9864
260.200,-140.0312,-120.1252,-38.1223
260.300,-139.9497,-120.1271,-38.2584
260.400,-139.8732,-120.1308,-38.3947
260.500,-139.8014,-120.1365,-38.5310
260.600,-139.7341,-120.1438,-38.6675
260.700,-139.6709,-120.1529,-38.8042
260.800,-139.6114,-120.1634,-38.9409
260.900,-139.5551,-120.1753,-39.0778
261.000,-139.5015,-120.1884,-39.2148
261.100,-139.4500,-120.2025,-39.3518
261.200,-139.4000,-120.2173,-39.4890
261.300,-139.3510,-120.2328,-39.6263
261.400,-139.3023,-120.2487,-39.7637
261.500,-139.2535,-120.2648,-39.9011
261.600,-139.2039,-120.2809,-40.0387
261.700,-139.1531,-120.2970,-40.1763
261.800,-139.1006,-120.3128,-40.3140
261.900,-139.0460,-120.3282,-40.4518
262.000,-138.9890,-120.3431,-40.5897
262.100,-138.9292,-120.3575,-40.7276
262.200,-138.8665,-120.3713,-40.8657
262.300,-138.8011,-120.3847,-41.0038
262.400,-138.7330,-120.3976,-41.1421
262.500,-138.6626,-120.4102,-41.2804
262.600,-138.5899,-120.4225,-41.4188
262.700,-138.5154,-120.4346,-41.5573
262.800,-138.4391,-120.4464,-41.6959
262.900,-138.3615,-120.4579,-41.8346
263.000,-138.2829,-120.4691,-41.9734
263.100,-138.2042,-120.4800,-42.1123
263.200,-138.1259,-120.4908,-42.2513
263.300,-138.0489,-120.5015,-42.3904
263.400,-137.9742,-120.5123,-42.5295
263.500,-137.9027,-120.5232,-42.6688
263.600,-137.8354,-120.5345,-42.8082
263.700,-137.7730,-120.5463,-42.9477
263.800,-137.7164,-120.5586,-43.0873
263.900,-137.6665,-120.5717,-43.2270
264.000,-137.6239,-120.5856,-43.3669
264.100,-137.5891,-120.6005,-43.5068
264.200,-137.5627,-120.6163,-43.6469
264.300,-137.5448,-120.6332,-43.7871
264.400,-137.5358,-120.6512,-43.9274
264.500,-137.5355,-120.6702,-44.0678
264.600,-137.5437,-120.6903,-44.2084
264.700,-137.5602,-120.7114,-44.3491
264.800,-137.5843,-120.7334,-44.4899
264.900,-137.6153,-120.7562,-44.6308
265.000,-137.6524,-120.7797,-44.7718
265.100,-137.6944,-120.8037,-44.9130
265.200,-137.7401,-120.8280,-45.0543
265.300,-137.7884,-120.8524,-45.1957
265.400,-137.8377,-120.8768,-45.3372
265.500,-137.8867,-120.9008,-45.4788
265.600,-137.9338,-120.9244,-45.6206
265.700,-137.9779,-120.9472,-45.7625
265.800,-138.0174,-120.9691,-45.9045
265.900,-138.0511,-120.9899,-46.0466
266.000,-138.0780,-121.0094,-46.1888
266.100,-138.0972,-121.0275,-46.3312
266.200,-138.1078,-121.0441,-46.4737
266.300,-138.1094,-121.0592,-46.6163
266.400,-138.1016,-121.0726,-46.7590
266.500,-138.0843,-121.0845,-46.9018
266.600,-138.0576,-121.0948,-47.0448
266.700,-138.0216,-121.1036,-47.1879
266.800,-137.9769,-121.1110,-47.3311
266.900,-137.9239,-121.1171,-47.4744
267.000,-137.8635,-121.1221,-47.6178
267.100,-137.7965,-121.1261,-47.7613
267.200,-137.7236,-121.1292,-47.9050
267.300,-137.6458,-121.1317,-48.0487
267.400,-137.5641,-121.1338,-48.1926
267.500,-137.4794,-121.1355,-48.3365
267.600,-137.3926,-121.1372,-48.4806
267.700,-137.3046,-121.1389,-48.6247
267.800,-137.2162,-121.1409,-48.7690
267.900,-137.1281,-121.1432,-48.9133
268.000,-137.0411,-121.1461,-49.0577
268.100,-136.9558,-121.1496,-49.2023
268.200,-136.8727,-121.1539,-49.3469
268.300,-136.7922,-121.1590,-49.4915
268.400,-136.7146,-121.1650,-49.6363
268.500,-136.6399,-121.1718,-49.7811
268.600,-136.5679,-121.1795,-49.9260
268.700,-136.4979,-121.1878,-50.0710
268.800,-136.4295,-121.1967,-50.2160
268.900,-136.3622,-121.2061,-50.3611
269.000,-136.2958,-121.2159,-50.5063
269.100,-136.2300,-121.2260,-50.6516
269.200,-136.1650,-121.2364,-50.7969
269.300,-136.1004,-121.2471,-50.9424
269.400,-136.0362,-121.2577,-51.0879
269.500,-135.9721,-121.2683,-51.2335
269.600,-135.9077,-121.2786,-51.3792
269.700,-135.8426,-121.2883,-51.5250
269.800,-135.7764,-121.2974,-51.6709
269.900,-135.7085,-121.3056,-51.8169
270.000,-135.6386,-121.3127,-51.9630
270.100,-135.5663,-121.3186,-52.1093
270.200,-135.4911,-121.3231,-52.2556
270.300,-135.4129,-121.3261,-52.4021
270.400,-135.3313,-121.3274,-52.5488
270.500,-135.2462,-121.3271,-52.6955
270.600,-135.1575,-121.3250,-52.8424
270.700,-135.0652,-121.3212,-52.9894
270.800,-134.9693,-121.3156,-53.1366
270.900,-134.8701,-121.3084,-53.2840
271.000,-134.7676,-121.2996,-53.4314
271.100,-134.6622,-121.2894,-53.5791
271.200,-134.5542,-121.2780,-53.7269
271.300,-134.4442,-121.2654,-53.8749
271.400,-134.3325,-121.2521,-54.0230
271.500,-134.2198,-121.2381,-54.1713
271.600,-134.1066,-121.2238,-54.3198
271.700,-133.9934,-121.2093,-54.4685
271.800,-133.8809,-121.1951,-54.6173
271.900,-133.7696,-121.1813,-54.7662
272.000,-133.6601,-121.1682,-54.9154
272.100,-133.5530,-121.1561,-55.0647
272.200,-133.4487,-121.1452,-55.2142
272.300,-133.3476,-121.1356,-55.3638
272.400,-133.2501,-121.1276,-55.5136
272.500,-133.1565,-121.1213,-55.6636
272.600,-133.0669,-121.1167,-55.8137
272.700,-132.9815,-121.1140,-55.9639
272.800,-132.9003,-121.1132,-56.1143
272.900,-132.8232,-121.1142,-56.2648
273.000,-132.7501,-121.1171,-56.4155
273.100,-132.6807,-121.1217,-56.5662
273.200,-132.6147,-121.1279,-56.7171
273.300,-132.5519,-121.1356,-56.8682
273.400,-132.4917,-121.1446,-57.0193
273.500,-132.4337,-121.1548,-57.1705
273.600,-132.3774,-121.1659,-57.3219
273.700,-132.3224,-121.1779,-57.4733
273.800,-132.2681,-121.1904,-57.6248
273.900,-132.2140,-121.2033,-57.7764
274.000,-132.1597,-121.2164,-57.9281
274.100,-132.1047,-121.2296,-58.0799
274.200,-132.0486,-121.2427,-58.2318
274.300,-131.9910,-121.2555,-58.3838
274.400,-131.9315,-121.2680,-58.5358
274.500,-131.8697,-121.2799,-58.6880
274.600,-131.8056,-121.2913,-58.8402
274.700,-131.7389,-121.3022,-58.9925
274.800,-131.6698,-121.3126,-59.1449
274.900,-131.5983,-121.3226,-59.2974
275.000,-131.5246,-121.3323,-59.4500
275.100,-131.4490,-121.3418,-59.6026
275.200,-131.3716,-121.3509,-59.7554
275.300,-131.2926,-121.3599,-59.9083
275.400,-131.2123,-121.3684,-60.0612
275.500,-131.1313,-121.3767,-60.2143
275.600,-131.0500,-121.3847,-60.3674
275.700,-130.9692,-121.3925,-60.5207
275.800,-130.8896,-121.4002,-60.6740
275.900,-130.8121,-121.4079,-60.8274
276.000,-130.7375,-121.4157,-60.9810
276.100,-130.6667,-121.4239,-61.1346
276.200,-130.6004,-121.4325,-61.2884
276.300,-130.5394,-121.4417,-61.4422
276.400,-130.4845,-121.4516,-61.5962
276.500,-130.4362,-121.4623,-61.7503
276.600,-130.3951,-121.4739,-61.9045
276.700,-130.3615,-121.4865,-62.0588
276.800,-130.3358,-121.5001,-62.2132
276.900,-130.3181,-121.5148,-62.3678
277.000,-130.3084,-121.5306,-62.5224
277.100,-130.3065,-121.5474,-62.6772
277.200,-130.3121,-121.5652,-62.8321
277.300,-130.3247,-121.5839,-62.9871
277.400,-130.3436,-121.6034,-63.1422
277.500,-130.3680,-121.6235,-63.2974
277.600,-130.3969,-121.6442,-63.4528
277.700,-130.4292,-121.6651,-63.6082
277.800,-130.4638,-121.6862,-63.7638
277.900,-130.4993,-121.7072,-63.9194
278.000,-130.5344,-121.7278,-64.0752
278.100,-130.5679,-121.7479,-64.2311
278.200,-130.5985,-121.7673,-64.3871
278.300,-130.6248,-121.7857,-64.5432
278.400,-130.6458,-121.8029,-64.6995
278.500,-130.6605,-121.8188,-64.8558
278.600,-130.6680,-121.8333,-65.0122
278.700,-130.6677,-121.8462,-65.1688
278.800,-130.6590,-121.8575,-65.3255
278.900,-130.6416,-121.8671,-65.4822
279.000,-130.6155,-121.8751,-65.6391
279.100,-130.5806,-121.8815,-65.7961
279.200,-130.5373,-121.8864,-65.9533
279.300,-130.4860,-121.8898,-66.1105
279.400,-130.4272,-121.8919,-66.2679
279.500,-130.3615,-121.8929,-66.4253
279.600,-130.2897,-121.8928,-66.5829
279.700,-130.2125,-121.8919,-66.7406
279.800,-130.1310,-121.8904,-66.8983
279.900,-130.0458,-121.8884,-67.0562
280.000,-129.9579,-121.8861,-67.2142
280.100,-129.8681,-121.8837,-67.3723
280.200,-129.7771,-121.8815,-67.5305
280.300,-129.6858,-121.8794,-67.6888
280.400,-129.5948,-121.8778,-67.8472
280.500,-129.5048,-121.8768,-68.0056
280.600,-129.4163,-121.8764,-68.1642
280.700,-129.3297,-121.8769,-68.3228
280.800,-129.2456,-121.8782,-68.4815
280.900,-129.1641,-121.8804,-68.6403
281.000,-129.0852,-121.8836,-68.7992
281.100,-129.0086,-121.8875,-68.9581
281.200,-128.9339,-121.8922,-69.1171
281.300,-128.8606,-121.8975,-69.2762
281.400,-128.7883,-121.9032,-69.4353
281.500,-128.7167,-121.9094,-69.5945
281.600,-128.6457,-121.9159,-69.7538
281.700,-128.5753,-121.9228,-69.9132
281.800,-128.5053,-121.9298,-70.0727
281.900,-128.4356,-121.9369,-70.2322
282.000,-128.3661,-121.9439,-70.3919
282.100,-128.2963,-121.9506,-70.5516
282.200,-128.2261,-121.9569,-70.7114
282.300,-128.1549,-121.9625,-70.8714
282.400,-128.0824,-121.9672,-71.0314
282.500,-128.0084,-121.9709,-71.1916
282.600,-127.9323,-121.9734,-71.3518
282.700,-127.8540,-121.9745,-71.5122
282.800,-127.7732,-121.9740,-71.6727
282.900,-127.6897,-121.9720,-71.8333
283.000,-127.6034,-121.9683,-71.9941
283.100,-127.5141,-121.9629,-72.1550
283.200,-127.4219,-121.9558,-72.3160
283.300,-127.3268,-121.9469,-72.4772
283.400,-127.2290,-121.9364,-72.6385
283.500,-127.1286,-121.9244,-72.8000
283.600,-127.0258,-121.9110,-72.9616
283.700,-126.9210,-121.8963,-73.1234
283.800,-126.8146,-121.8806,-73.2853
283.900,-126.7069,-121.8640,-73.4474
284.000,-126.5983,-121.8468,-73.6097
284.100,-126.4894,-121.8293,-73.7721
284.200,-126.3806,-121.8118,-73.9346
284.300,-126.2723,-121.7944,-74.0974
284.400,-126.1652,-121.7775,-74.2602
284.500,-126.0595,-121.7613,-74.4233
284.600,-125.9558,-121.7461,-74.5865
284.700,-125.8545,-121.7321,-74.7499
284.800,-125.7558,-121.7195,-74.9134
284.900,-125.6602,-121.7084,-75.0770
285.000,-125.5678,-121.6991,-75.2409
285.100,-125.4787,-121.6916,-75.4048
285.200,-125.3932,-121.6860,-75.5689
285.300,-125.3111,-121.6823,-75.7331
285.400,-125.2325,-121.6805,-75.8975
285.500,-125.1572,-121.6805,-76.0620
285.600,-125.0850,-121.6824,-76.2266
285.700,-125.0158,-121.6859,-76.3913
285.800,-124.9491,-121.6910,-76.5562
285.900,-124.8847,-121.6975,-76.7211
286.000,-124.8222,-121.7051,-76.8862
286.100,-124.7612,-121.7138,-77.0514
286.200,-124.7013,-121.7233,-77.2166
286.300,-124.6420,-121.7335,-77.3820
286.400,-124.5830,-121.7441,-77.5474
286.500,-124.5238,-121.7550,-77.7129
286.600,-124.4641,-121.7660,-77.8786
286.700,-124.4035,-121.7768,-78.0443
286.800,-124.3416,-121.7875,-78.2101
286.900,-124.2782,-121.7978,-78.3759
287.000,-124.2130,-121.8077,-78.5419
287.100,-124.1458,-121.8171,-78.7080
287.200,-124.0765,-121.8260,-78.8741
287.300,-124.0052,-121.8345,-79.0403
287.400,-123.9318,-121.8426,-79.2067
287.500,-123.8567,-121.8505,-79.3731
287.600,-123.7798,-121.8582,-79.5396
287.700,-123.7014,-121.8656,-79.7062
287.800,-123.6216,-121.8727,-79.8729
287.900,-123.5407,-121.8795,-80.0397
288.000,-123.4592,-121.8860,-80.2066
288.100,-123.3776,-121.8921,-80.3736
288.200,-123.2965,-121.8980,-80.5407
288.300,-123.2166,-121.9038,-80.7079
288.400,-123.1387,-121.9096,-80.8751
288.500,-123.0635,-121.9155,-81.0425
288.600,-122.9919,-121.9217,-81.2100
288.700,-122.9244,-121.9284,-81.3776
288.800,-122.8618,-121.9356,-81.5453
288.900,-122.8048,-121.9435,-81.7131
289.000,-122.7539,-121.9523,-81.8810
289.100,-122.7096,-121.9620,-82.0490
289.200,-122.6722,-121.9727,-82.2171
289.300,-122.6420,-121.9845,-82.3854
289.400,-122.6191,-121.9973,-82.5537
289.500,-122.6035,-122.0112,-82.7221
289.600,-122.5951,-122.0262,-82.8907
289.700,-122.5935,-122.0422,-83.0593
289.800,-122.5983,-122.0592,-83.2281
289.900,-122.6089,-122.0769,-83.3969
290.000,-122.6245,-122.0953,-83.5659
290.100,-122.6442,-122.1142,-83.7349
290.200,-122.6671,-122.1333,-83.9041
290.300,-122.6920,-122.1526,-84.0733
290.400,-122.7177,-122.1717,-84.2426
290.500,-122.7431,-122.1905,-84.4120
290.600,-122.7669,-122.2086,-84.5816
290.700,-122.7880,-122.2259,-84.7512
290.800,-122.8051,-122.2421,-84.9209
290.900,-122.8174,-122.2570,-85.0907
291.000,-122.8237,-122.2706,-85.2605
291.100,-122.8235,-122.2825,-85.4305
291.200,-122.8160,-122.2928,-85.6006
291.300,-122.8007,-122.3013,-85.7708
291.400,-122.7774,-122.3080,-85.9411
291.500,-122.7461,-122.3130,-86.1115
291.600,-122.7067,-122.3162,-86.2820
291.700,-122.6595,-122.3178,-86.4526
291.800,-122.6048,-122.3178,-86.6233
291.900,-122.5432,-122.3164,-86.7941
292.000,-122.4753,-122.3137,-86.9651
292.100,-122.4017,-122.3099,-87.1361
292.200,-122.3231,-122.3053,-87.3072
292.300,-122.2404,-122.2999,-87.4785
292.400,-122.1543,-122.2940,-87.6498
292.500,-122.0656,-122.2879,-87.8212
292.600,-121.9750,-122.2816,-87.9928
292.700,-121.8833,-122.2754,-88.1644
292.800,-121.7911,-122.2694,-88.3362
292.900,-121.6990,-122.2639,-88.5080
293.000,-121.6076,-122.2589,-88.6799
293.100,-121.5175,-122.2547,-88.8519
293.200,-121.4290,-122.2513,-89.0240
293.300,-121.3425,-122.2489,-89.1962
293.400,-121.2582,-122.2474,-89.3685
293.500,-121.1760,-122.2468,-89.5408
293.600,-121.0959,-122.2471,-89.7132
293.700,-121.0174,-122.2481,-89.8857
293.800,-120.9399,-122.2497,-90.0582
293.900,-120.8632,-122.2518,-90.2309
294.000,-120.7871,-122.2543,-90.4036
294.100,-120.7114,-122.2571,-90.5763
294.200,-120.6360,-122.2602,-90.7492
294.300,-120.5611,-122.2636,-90.9221
294.400,-120.4863,-122.2670,-91.0952
294.500,-120.4117,-122.2703,-91.2683
294.600,-120.3368,-122.2733,-91.4415
294.700,-120.2616,-122.2758,-91.6148
294.800,-120.1855,-122.2776,-91.7882
294.900,-120.1085,-122.2785,-91.9618
295.000,-120.0301,-122.2783,-92.1354
295.100,-119.9501,-122.2768,-92.3091
295.200,-119.8683,-122.2738,-92.4830
295.300,-119.7844,-122.2692,-92.6569
295.400,-119.6983,-122.2630,-92.8310
295.500,-119.6099,-122.2549,-93.0053
295.600,-119.5191,-122.2451,-93.1796
295.700,-119.4260,-122.2334,-93.3541
295.800,-119.3306,-122.2199,-93.5287
295.900,-119.2329,-122.2047,-93.7035
296.000,-119.1332,-122.1878,-93.8784
296.100,-119.0316,-122.1695,-94.0534
296.200,-118.9284,-122.1499,-94.2286
296.300,-118.8239,-122.1291,-94.4039
296.400,-118.7184,-122.1075,-94.5794
296.500,-118.6123,-122.0852,-94.7551
296.600,-118.5059,-122.0626,-94.9309
296.700,-118.3997,-122.0399,-95.1068
296.800,-118.2940,-122.0174,-95.2829
296.900,-118.1892,-121.9954,-95.4591
297.000,-118.0857,-121.9743,-95.6355
297.100,-117.9839,-121.9541,-95.8121
297.200,-117.8841,-121.9353,-95.9888
297.300,-117.7865,-121.9180,-96.1656
297.400,-117.6915,-121.9024,-96.3426
297.500,-117.5991,-121.8887,-96.5197
297.600,-117.5097,-121.8769,-96.6970
297.700,-117.4231,-121.8673,-96.8744
297.800,-117.3396,-121.8598,-97.0519
297.900,-117.2589,-121.8544,-97.2296
298.000,-117.1812,-121.8510,-97.4074
298.100,-117.1061,-121.8497,-97.5853
298.200,-117.0336,-121.8503,-97.7633
298.300,-116.9634,-121.8527,-97.9414
298.400,-116.8951,-121.8567,-98.1196
298.500,-116.8286,-121.8621,-98.2980
298.600,-116.7635,-121.8687,-98.4764
298.700,-116.6994,-121.8763,-98.6549
298.800,-116.6360,-121.8848,-98.8336
298.900,-116.5730,-121.8939,-99.0123
299.000,-116.5101,-121.9033,-99.1911
299.100,-116.4469,-121.9130,-99.3700
299.200,-116.3831,-121.9228,-99.5490
299.300,-116.3184,-121.9324,-99.7281
299.400,-116.2526,-121.9418,-99.9073
299.500,-116.1855,-121.9509,-100.0865
299.600,-116.1170,-121.9596,-100.2659
299.700,-116.0468,-121.9679,-100.4453
299.800,-115.9751,-121.9760,-100.6249
299.900,-115.9018,-121.9838,-100.8045
300.000,-115.8271,-121.9915,-100.9842
300.100,-115.7510,-121.9990,-101.1641
300.200,-115.6736,-122.0063,-101.3440
300.300,-115.5951,-122.0133,-101.5240
300.400,-115.5159,-122.0200,-101.7041
300.500,-115.4362,-122.0263,-101.8843
300.600,-115.3565,-122.0323,-102.0647
300.700,-115.2775,-122.0380,-102.2451
300.800,-115.1998,-122.0436,-102.4256
300.900,-115.1240,-122.0491,-102.6062
301.000,-115.0508,-122.0548,-102.7868
301.100,-114.9810,-122.0608,-102.9676
301.200,-114.9151,-122.0672,-103.1485
301.300,-114.8538,-122.0742,-103.3295
301.400,-114.7977,-122.0820,-103.5106
301.500,-114.7472,-122.0906,-103.6918
301.600,-114.7027,-122.1002,-103.8731
301.700,-114.6647,-122.1108,-104.0545
301.800,-114.6332,-122.1225,-104.2359
301.900,-114.6085,-122.1354,-104.4175
302.000,-114.5905,-122.1494,-104.5991
302.100,-114.5791,-122.1645,-104.7809
302.200,-114.5740,-122.1806,-104.9627
302.300,-114.5747,-122.1977,-105.1446
302.400,-114.5807,-122.2156,-105.3266
302.500,-114.5913,-122.2342,-105.5086
302.600,-114.6058,-122.2532,-105.6908
302.700,-114.6230,-122.2725,-105.8730
302.800,-114.6422,-122.2918,-106.0552
302.900,-114.6621,-122.3109,-106.2375
303.000,-114.6817,-122.3295,-106.4199
303.100,-114.6998,-122.3474,-106.6024
303.200,-114.7154,-122.3643,-106.7849
303.300,-114.7273,-122.3799,-106.9675
303.400,-114.7347,-122.3941,-107.1502
303.500,-114.7367,-122.4066,-107.3329
303.600,-114.7325,-122.4174,-107.5157
303.700,-114.7216,-122.4262,-107.6986
303.800,-114.7035,-122.4331,-107.8816
303.900,-114.6781,-122.4379,-108.0647
304.000,-114.6451,-122.4407,-108.2478
304.100,-114.6046,-122.4415,-108.4310
304.200,-114.5569,-122.4405,-108.6144
304.300,-114.5022,-122.4377,-108.7978
304.400,-114.4410,-122.4333,-108.9813
304.500,-114.3739,-122.4275,-109.1650
304.600,-114.3015,-122.4204,-109.3487
304.700,-114.2243,-122.4123,-109.5325
304.800,-114.1432,-122.4034,-109.7164
304.900,-114.0588,-122.3938,-109.9005
305.000,-113.9717,-122.3839,-110.0846
305.100,-113.8827,-122.3739,-110.2688
305.200,-113.7925,-122.3639,-110.4531
305.300,-113.7015,-122.3541,-110.6376
305.400,-113.6103,-122.3448,-110.8221
305.500,-113.5195,-122.3361,-111.0067
305.600,-113.4295,-122.3282,-111.1914
305.700,-113.3407,-122.3212,-111.3762
305.800,-113.2534,-122.3152,-111.5610
305.900,-113.1677,-122.3102,-111.7460
306.000,-113.0838,-122.3062,-111.9310
306.100,-113.0014,-122.3031,-112.1162
306.200,-112.9202,-122.3007,-112.3013
306.300,-112.8397,-122.2988,-112.4866
306.400,-112.7598,-122.2974,-112.6720
306.500,-112.6802,-122.2965,-112.8574
306.600,-112.6008,-122.2959,-113.0429
306.700,-112.5217,-122.2955,-113.2285
306.800,-112.4427,-122.2954,-113.4141
306.900,-112.3638,-122.2953,-113.5999
307.000,-112.2849,-122.2951,-113.7858
307.100,-112.2058,-122.2944,-113.9717
307.200,-112.1263,-122.2931,-114.1578
307.300,-112.0460,-122.2910,-114.3439
307.400,-111.9648,-122.2877,-114.5302
307.500,-111.8825,-122.2830,-114.7165
307.600,-111.7987,-122.2767,-114.9030
307.700,-111.7134,-122.2687,-115.0896
307.800,-111.6263,-122.2588,-115.2763
307.900,-111.5374,-122.2468,-115.4631
308.000,-111.4465,-122.2327,-115.6500
308.100,-111.3536,-122.2164,-115.8371
308.200,-111.2588,-122.1979,-116.0243
308.300,-111.1620,-122.1772,-116.2116
308.400,-111.0635,-122.1544,-116.3991
308.500,-110.9632,-122.1296,-116.5867
308.600,-110.8614,-122.1031,-116.7744
308.700,-110.7583,-122.0749,-116.9623
308.800,-110.6541,-122.0454,-117.1503
308.900,-110.5492,-122.0148,-117.3384
309.000,-110.4437,-121.9834,-117.5267
309.100,-110.3382,-121.9516,-117.7152
309.200,-110.2328,-121.9197,-117.9038
309.300,-110.1278,-121.8880,-118.0925
309.400,-110.0238,-121.8570,-118.2814
309.500,-109.9208,-121.8269,-118.4704
309.600,-109.8194,-121.7980,-118.6595
309.700,-109.7196,-121.7708,-118.8488
309.800,-109.6219,-121.7455,-119.0383
309.900,-109.5263,-121.7223,-119.2278
310.000,-109.4331,-121.7014,-119.4175
310.100,-109.3425,-121.6831,-119.6074
310.200,-109.2544,-121.6674,-119.7973
310.300,-109.1690,-121.6545,-119.9874
310.400,-109.0862,-121.6443,-120.1776
310.500,-109.0060,-121.6369,-120.3680
310.600,-108.9283,-121.6321,-120.5584
310.700,-108.8529,-121.6299,-120.7490
310.800,-108.7796,-121.6301,-120.9397
310.900,-108.7083,-121.6325,-121.1305
311.000,-108.6387,-121.6369,-121.3213
311.100,-108.5704,-121.6432,-121.5123
311.200,-108.5034,-121.6509,-121.7034
311.300,-108.4372,-121.6600,-121.8946
311.400,-108.3716,-121.6702,-122.0859
311.500,-108.3064,-121.6812,-122.2773
311.600,-108.2412,-121.6928,-122.4687
311.700,-108.1758,-121.7048,-122.6603
311.800,-108.1101,-121.7171,-122.8519
311.900,-108.0436,-121.7294,-123.0437
312.000,-107.9764,-121.7416,-123.2355
312.100,-107.9082,-121.7538,-123.4274
312.200,-107.8389,-121.7659,-123.6194
312.300,-107.7686,-121.7780,-123.8116
312.400,-107.6972,-121.7902,-124.0038
312.500,-107.6248,-121.8025,-124.1961
312.600,-107.5513,-121.8150,-124.3886
312.700,-107.4769,-121.8273,-124.5811
312.800,-107.4016,-121.8394,-124.7737
312.900,-107.3259,-121.8511,-124.9664
313.000,-107.2499,-121.8625,-125.1592
313.100,-107.1742,-121.8734,-125.3521
313.200,-107.0993,-121.8841,-125.5451
313.300,-107.0258,-121.8945,-125.7382
313.400,-106.9542,-121.9049,-125.9314
313.500,-106.8852,-121.9153,-126.1247
313.600,-106.8194,-121.9260,-126.3180
313.700,-106.7574,-121.9372,-126.5115
313.800,-106.6997,-121.9489,-126.7050
313.900,-106.6468,-121.9612,-126.8987
314.000,-106.5991,-121.9745,-127.0924
314.100,-106.5571,-121.9886,-127.2862
314.200,-106.5209,-122.0037,-127.4800
314.300,-106.4909,-122.0199,-127.6740
314.400,-106.4671,-122.0371,-127.8680
314.500,-106.4494,-122.0554,-128.0620
314.600,-106.4378,-122.0748,-128.2562
314.700,-106.4320,-122.0951,-128.4504
314.800,-106.4316,-122.1162,-128.6446
314.900,-106.4361,-122.1381,-128.8388
315.000,-106.4449,-122.1605,-129.0332
315.100,-106.4571,-122.1832,-129.2275
315.200,-106.4720,-122.2060,-129.4219
315.300,-106.4885,-122.2287,-129.6163
315.400,-106.5059,-122.2509,-129.8107
315.500,-106.5229,-122.2724,-130.0051
315.600,-106.5385,-122.2929,-130.1996
315.700,-106.5518,-122.3122,-130.3941
315.800,-106.5618,-122.3299,-130.5887
315.900,-106.5675,-122.3459,-130.7832
316.000,-106.5682,-122.3599,-130.9778
316.100,-106.5632,-122.3718,-131.1725
316.200,-106.5520,-122.3814,-131.3672
316.300,-106.5341,-122.3888,-131.5620
316.400,-106.5094,-122.3938,-131.7568
316.500,-106.4776,-122.3965,-131.9516
316.600,-106.4389,-122.3969,-132.1466
316.700,-106.3934,-122.3952,-132.3416
316.800,-106.3414,-122.3915,-132.5367
316.900,-106.2832,-122.3860,-132.7319
317.000,-106.2194,-122.3789,-132.9271
317.100,-106.1506,-122.3704,-133.1225
317.200,-106.0771,-122.3607,-133.3179
317.300,-105.9998,-122.3501,-133.5135
317.400,-105.9192,-122.3388,-133.7091
317.500,-105.8359,-122.3272,-133.9048
317.600,-105.7505,-122.3155,-134.1007
317.700,-105.6635,-122.3038,-134.2966
317.800,-105.5756,-122.2925,-134.4926
317.900,-105.4872,-122.2818,-134.6887
318.000,-105.3986,-122.2719,-134.8850
318.100,-105.3104,-122.2629,-135.0813
318.200,-105.2229,-122.2551,-135.2777
318.300,-105.1363,-122.2484,-135.4742
318.400,-105.0508,-122.2431,-135.6708
318.500,-104.9665,-122.2390,-135.8674
318.600,-104.8832,-122.2358,-136.0642
318.700,-104.8007,-122.2335,-136.2610
318.800,-104.7187,-122.2317,-136.4579
318.900,-104.6369,-122.2305,-136.6549
319.000,-104.5552,-122.2297,-136.8520
319.100,-104.4735,-122.2294,-137.0491
319.200,-104.3919,-122.2294,-137.2464
319.300,-104.3103,-122.2296,-137.4437
319.400,-104.2287,-122.2298,-137.6412
319.500,-104.1468,-122.2297,-137.8387
319.600,-104.0646,-122.2289,-138.0363
319.700,-103.9819,-122.2271,-138.2340
319.800,-103.8984,-122.2238,-138.4319
319.900,-103.8139,-122.2188,-138.6298
320.000,-103.7283,-122.2117,-138.8278
320.100,-103.6413,-122.2021,-139.0260
320.200,-103.5529,-122.1899,-139.2242
320.300,-103.4627,-122.1746,-139.4226
320.400,-103.3709,-122.1562,-139.6211
320.500,-103.2773,-122.1345,-139.8197
320.600,-103.1818,-122.1093,-140.0184
320.700,-103.0846,-122.0807,-140.2173
320.800,-102.9856,-122.0487,-140.4163
320.900,-102.8849,-122.0134,-140.6154
321.000,-102.7828,-121.9750,-140.8146
321.100,-102.6793,-121.9337,-141.0140
321.200,-102.5747,-121.8898,-141.2135
321.300,-102.4691,-121.8436,-141.4131
321.400,-102.3628,-121.7956,-141.6129
321.500,-102.2562,-121.7463,-141.8128
321.600,-102.1494,-121.6961,-142.0128
321.700,-102.0429,-121.6457,-142.2130
321.800,-101.9368,-121.5954,-142.4133
321.900,-101.8315,-121.5461,-142.6138
322.000,-101.7273,-121.4981,-142.8143
322.100,-101.6245,-121.4521,-143.0151
322.200,-101.5233,-121.4085,-143.2159
322.300,-101.4239,-121.3681,-143.4169
322.400,-101.3267,-121.3310,-143.6180
322.500,-101.2316,-121.2979,-143.8192
322.600,-101.1390,-121.2690,-144.0206
322.700,-101.0489,-121.2447,-144.2221
322.800,-100.9612,-121.2250,-144.4237
322.900,-100.8762,-121.2102,-144.6254
323.000,-100.7936,-121.2003,-144.8273
323.100,-100.7136,-121.1953,-145.0292
323.200,-100.6358,-121.1950,-145.2313
323.300,-100.5603,-121.1994,-145.4335
323.400,-100.4868,-121.2082,-145.6358
323.500,-100.4151,-121.2211,-145.8381
323.600,-100.3451,-121.2377,-146.0406
323.700,-100.2764,-121.2579,-146.2432
323.800,-100.2089,-121.2812,-146.4459
323.900,-100.1422,-121.3073,-146.6487
324.000,-100.0763,-121.3358,-146.8515
324.100,-100.0108,-121.3665,-147.0545
324.200,-99.9456,-121.3990,-147.2576
324.300,-99.8804,-121.4331,-147.4607
324.400,-99.8150,-121.4686,-147.6640
324.500,-99.7494,-121.5052,-147.8674
324.600,-99.6832,-121.5430,-148.0708
324.700,-99.6165,-121.5820,-148.2744
324.800,-99.5493,-121.6224,-148.4780
324.900,-99.4813,-121.6644,-148.6818
325.000,-99.4127,-121.7077,-148.8856
325.100,-99.3433,-121.7521,-149.0896
325.200,-99.2733,-121.7972,-149.2936
325.300,-99.2028,-121.8427,-149.4978
325.400,-99.1319,-121.8882,-149.7020
325.500,-99.0611,-121.9336,-149.9064
325.600,-98.9908,-121.9788,-150.1108
325.700,-98.9214,-122.0237,-150.3153
325.800,-98.8535,-122.0683,-150.5199
325.900,-98.7875,-122.1127,-150.7246
326.000,-98.7240,-122.1569,-150.9293
326.100,-98.6636,-122.2010,-151.1342
326.200,-98.6068,-122.2450,-151.3391
326.300,-98.5540,-122.2889,-151.5441
326.400,-98.5057,-122.3328,-151.7491
326.500,-98.4622,-122.3765,-151.9542
326.600,-98.4240,-122.4201,-152.1594
326.700,-98.3912,-122.4635,-152.3646
326.800,-98.3640,-122.5066,-152.5699
326.900,-98.3424,-122.5493,-152.7752
327.000,-98.3266,-122.5917,-152.9805
327.100,-98.3163,-122.6334,-153.1858
327.200,-98.3114,-122.6746,-153.3911
327.300,-98.3113,-122.7150,-153.5965
327.400,-98.3158,-122.7546,-153.8018
327.500,-98.3241,-122.7933,-154.0071
327.600,-98.3357,-122.8310,-154.2124
327.700,-98.3497,-122.8675,-154.4177
327.800,-98.3653,-122.9028,-154.6230
327.900,-98.3816,-122.9367,-154.8282
328.000,-98.3975,-122.9690,-155.0334
328.100,-98.4123,-122.9998,-155.2386
328.200,-98.4249,-123.0288,-155.4438
328.300,-98.4344,-123.0559,-155.6489
328.400,-98.4400,-123.0812,-155.8540
328.500,-98.4411,-123.1045,-156.0591
328.600,-98.4368,-123.1258,-156.2642
328.700,-98.4268,-123.1451,-156.4694
328.800,-98.4106,-123.1626,-156.6745
328.900,-98.3881,-123.1783,-156.8796
329.000,-98.3590,-123.1924,-157.0848
329.100,-98.3235,-123.2050,-157.2900
329.200,-98.2816,-123.2163,-157.4952
329.300,-98.2336,-123.2266,-157.7005
329.400,-98.1798,-123.2361,-157.9059
329.500,-98.1207,-123.2452,-158.1113
329.600,-98.0567,-123.2541,-158.3168
329.700,-97.9883,-123.2632,-158.5224
329.800,-97.9160,-123.2727,-158.7281
329.900,-97.8404,-123.2830,-158.9338
330.000,-97.7621,-123.2944,-159.1397
330.100,-97.6815,-123.3074,-159.3456
330.200,-97.5992,-123.3221,-159.5516
330.300,-97.5156,-123.3390,-159.7577
330.400,-97.4310,-123.3584,-159.9639
330.500,-97.3460,-123.3806,-160.1703
330.600,-97.2608,-123.4059,-160.3767
330.700,-97.1758,-123.4346,-160.5832
330.800,-97.0912,-123.4668,-160.7898
330.900,-97.0072,-123.5026,-160.9964
331.000,-96.9239,-123.5418,-161.2032
331.100,-96.8411,-123.5840,-161.4101
331.200,-96.7587,-123.6289,-161.6170
331.300,-96.6765,-123.6761,-161.8241
331.400,-96.5943,-123.7255,-162.0312
331.500,-96.5120,-123.7775,-162.2384
331.600,-96.4296,-123.8320,-162.4457
331.700,-96.3471,-123.8890,-162.6531
331.800,-96.2644,-123.9481,-162.8606
331.900,-96.1815,-124.0088,-163.0682
332.000,-96.0982,-124.0702,-163.2759
332.100,-96.0144,-124.1316,-163.4837
332.200,-95.9297,-124.1920,-163.6915
332.300,-95.8442,-124.2506,-163.8995
332.400,-95.7574,-124.3063,-164.1076
332.500,-95.6693,-124.3583,-164.3158
332.600,-95.5797,-124.4057,-164.5241
332.700,-95.4883,-124.4476,-164.7325
332.800,-95.3953,-124.4832,-164.9411
332.900,-95.3003,-124.5119,-165.1497
333.000,-95.2034,-124.5331,-165.3585
333.100,-95.1046,-124.5463,-165.5673
333.200,-95.0039,-124.5513,-165.7763
333.300,-94.9014,-124.5478,-165.9855
333.400,-94.7972,-124.5359,-166.1947
333.500,-94.6913,-124.5158,-166.4041
333.600,-94.5841,-124.4880,-166.6135
333.700,-94.4757,-124.4530,-166.8232
333.800,-94.3663,-124.4118,-167.0329
333.900,-94.2562,-124.3654,-167.2428
334.000,-94.1456,-124.3151,-167.4528
334.100,-94.0350,-124.2626,-167.6629
334.200,-93.9245,-124.2095,-167.8731
334.300,-93.8146,-124.1579,-168.0835
334.400,-93.7055,-124.1101,-168.2940
334.500,-93.5974,-124.0683,-168.5046
334.600,-93.4909,-124.0353,-168.7154
334.700,-93.3860,-124.0137,-168.9263
334.800,-93.2830,-124.0066,-169.1373
334.900,-93.1823,-124.0169,-169.3484
335.000,-93.0839,-124.0479,-169.5596
335.100,-92.9880,-124.1027,-169.7710
335.200,-92.8949,-124.1847,-169.9825
335.300,-92.8044,-124.2974,-170.1941
335.400,-92.7168,-124.4441,-170.4058
335.500,-92.6319,-124.6285,-170.6176
335.600,-92.5497,-124.8542,-170.8295
335.700,-92.4702,-125.1249,-171.0415
335.800,-92.3932,-125.4446,-171.2537
335.900,-92.3186,-125.8178,-171.4659
336.000,-92.2461,-126.2491,-171.6782
336.100,-92.1757,-126.7440,-171.8907
336.200,-92.1071,-127.3087,-172.1032
336.300,-92.0400,-127.9505,-172.3158
336.400,-91.9742,-128.6785,-172.5285
336.500,-91.9096,-129.5035,-172.7413
336.600,-91.8460,-130.4392,-172.9542
336.700,-91.7830,-131.5026,-173.1673
336.800,-91.7206,-132.7151,-173.3803
336.900,-91.6586,-134.1040,-173.5935
337.000,-91.5968,-135.7043,-173.8068
337.100,-91.5350,-137.5614,-174.0202
337.200,-91.4730,-139.7344,-174.2337
337.300,-91.4108,-142.3011,-174.4473
337.400,-91.3483,-145.3604,-174.6610
337.500,-91.2854,-149.0364,-174.8748
337.600,-91.2220,-153.4818,-175.0887
337.700,-91.1582,-158.8758,-175.3026
337.800,-91.0940,-165.4041,-175.5167
337.900,-91.0298,-173.2074,-175.7309
338.000,-90.9657,177.7168,-175.9451
338.100,-90.9022,167.6337,-176.1594
338.200,-90.8396,157.1162,-176.3738
338.300,-90.7784,146.9044,-176.5883
338.400,-90.7191,137.6345,-176.8029
338.500,-90.6621,129.6509,-177.0175
338.600,-90.6079,123.0112,-177.2321
338.700,-90.5570,117.5992,-177.4469
338.800,-90.5097,113.2335,-177.6616
338.900,-90.4664,109.7303,-177.8764
339.000,-90.4274,106.9299,-178.0913
339.100,-90.3931,104.7025,-178.3062
339.200,-90.3636,102.9460,-178.5210
339.300,-90.3391,101.5808,-178.7359
339.400,-90.3196,100.5454,-178.9508
339.500,-90.3052,99.7914,-179.1656
339.600,-90.2957,99.2802,-179.3804
339.700,-90.2909,98.9806,-179.5952
339.800,-90.2904,98.8655,-179.8099
339.900,-90.2940,98.9111,-180.0246
340.000,-90.3010,99.0944,-180.2392
340.100,-90.3108,99.3919,-180.4537
340.200,-90.3228,99.7790,-180.6681
340.300,-90.3363,100.2284,-180.8825
340.400,-90.3502,100.7101,-181.0968
340.500,-90.3640,101.1911,-181.3109
340.600,-90.3766,101.6361,-181.5250
340.700,-90.3872,102.0083,-181.7390
340.800,-90.3951,102.2715,-181.9529
340.900,-90.3995,102.3921,-182.1668
341.000,-90.3997,102.3415,-182.3806
341.100,-90.3952,102.0984,-182.5943
341.200,-90.3854,101.6510,-182.8080
341.300,-90.3701,100.9975,-183.0216
341.400,-90.3490,100.1474,-183.2352
341.500,-90.3220,99.1194,-183.4488
341.600,-90.2890,97.9407,-183.6624
341.700,-90.2503,96.6435,-183.8761
341.800,-90.2060,95.2630,-184.0897
341.900,-90.1564,93.8341,-184.3033
342.000,-90.1018,92.3893,-184.5170
342.100,-90.0427,90.9568,-184.7308
342.200,-89.9794,89.5599,-184.9446
342.300,-89.9125,88.2166,-185.1584
342.400,-89.8424,86.9395,-185.3724
342.500,-89.7695,85.7368,-185.5864
342.600,-89.6944,84.6129,-185.8005
342.700,-89.6174,83.5691,-186.0146
342.800,-89.5389,82.6044,-186.2289
342.900,-89.4593,81.7163,-186.4432
343.000,-89.3789,80.9012,-186.6577
343.100,-89.2980,80.1549,-186.8722
343.200,-89.2169,79.4730,-187.0869
343.300,-89.1358,78.8507,-187.3016
343.400,-89.0548,78.2830,-187.5164
343.500,-88.9742,77.7646,-187.7313
343.600,-88.8937,77.2895,-187.9464
343.700,-88.8135,76.8520,-188.1615
343.800,-88.7332,76.4467,-188.3767
343.900,-88.6528,76.0697,-188.5919
344.000,-88.5722,75.7184,-188.8073
344.100,-88.4915,75.3904,-189.0228
344.200,-88.4106,75.0829,-189.2384
344.300,-88.3293,74.7930,-189.4540
344.400,-88.2476,74.5178,-189.6698
344.500,-88.1652,74.2541,-189.8856
344.600,-88.0818,73.9991,-190.1016
344.700,-87.9973,73.7503,-190.3176
344.800,-87.9113,73.5055,-190.5338
344.900,-87.8237,73.2626,-190.7501
345.000,-87.7343,73.0202,-190.9664
345.100,-87.6427,72.7770,-191.1829
345.200,-87.5490,72.5320,-191.3995
345.300,-87.4529,72.2847,-191.6162
345.400,-87.3543,72.0348,-191.8330
345.500,-87.2533,71.7824,-192.0499
345.600,-87.1498,71.5277,-192.2669
345.700,-87.0438,71.2712,-192.4840
345.800,-86.9354,71.0137,-192.7013
345.900,-86.8248,70.7562,-192.9186
346.000,-86.7122,70.4997,-193.1361
346.100,-86.5977,70.2454,-193.3537
346.200,-86.4817,69.9949,-193.5714
346.300,-86.3644,69.7493,-193.7892
346.400,-86.2461,69.5103,-194.0072
346.500,-86.1272,69.2793,-194.2252
346.600,-86.0081,69.0577,-194.4434
346.700,-85.8892,68.8468,-194.6617
346.800,-85.7708,68.6480,-194.8801
346.900,-85.6534,68.4624,-195.0987
347.000,-85.5373,68.2911,-195.3173
347.100,-85.4230,68.1349,-195.5361
347.200,-85.3108,67.9947,-195.7549
347.300,-85.2010,67.8708,-195.9739
347.400,-85.0939,67.7637,-196.1930
347.500,-84.9898,67.6735,-196.4122
347.600,-84.8890,67.6003,-196.6315
347.700,-84.7915,67.5439,-196.8510
347.800,-84.6976,67.5037,-197.0705
347.900,-84.6073,67.4795,-197.2901
348.000,-84.5205,67.4703,-197.5098
348.100,-84.4374,67.4755,-197.7296
348.200,-84.3578,67.4942,-197.9495
348.300,-84.2816,67.5252,-198.1696
348.400,-84.2086,67.5676,-198.3897
348.500,-84.1387,67.6203,-198.6098
348.600,-84.0716,67.6822,-198.8301
348.700,-84.0071,67.7522,-199.0505
348.800,-83.9450,67.8294,-199.2710
348.900,-83.8851,67.9126,-199.4915
349.000,-83.8271,68.0012,-199.7122
349.100,-83.7708,68.0944,-199.9329
349.200,-83.7160,68.1914,-200.1538
349.300,-83.6625,68.2917,-200.3747
349.400,-83.6101,68.3948,-200.5957
349.500,-83.5587,68.5000,-200.8168
349.600,-83.5079,68.6069,-201.0380
349.700,-83.4576,68.7148,-201.2593
349.800,-83.4075,68.8228,-201.4807
349.900,-83.3575,68.9304,-201.7022
350.000,-83.3072,69.0366,-201.9238
350.100,-83.2567,69.1410,-202.1455
350.200,-83.2058,69.2429,-202.3672
350.300,-83.1548,69.3416,-202.5891
350.400,-83.1035,69.4370,-202.8110
350.500,-83.0524,69.5285,-203.0330
350.600,-83.0016,69.6162,-203.2551
350.700,-82.9514,69.6998,-203.4772
350.800,-82.9022,69.7794,-203.6994
350.900,-82.8544,69.8548,-203.9216
351.000,-82.8083,69.9261,-204.1439
351.100,-82.7643,69.9932,-204.3663
351.200,-82.7227,70.0562,-204.5886
351.300,-82.6838,70.1149,-204.8110
351.400,-82.6479,70.1693,-205.0334
351.500,-82.6152,70.2195,-205.2558
351.600,-82.5859,70.2653,-205.4782
351.700,-82.5603,70.3068,-205.7006
351.800,-82.5384,70.3439,-205.9229
351.900,-82.5202,70.3768,-206.1452
352.000,-82.5057,70.4056,-206.3674
352.100,-82.4949,70.4303,-206.5896
352.200,-82.4875,70.4513,-206.8116
352.300,-82.4834,70.4686,-207.0336
352.400,-82.4823,70.4827,-207.2555
352.500,-82.4836,70.4937,-207.4773
352.600,-82.4870,70.5020,-207.6989
352.700,-82.4920,70.5079,-207.9204
352.800,-82.4979,70.5117,-208.1418
352.900,-82.5041,70.5137,-208.3631
353.000,-82.5099,70.5142,-208.5842
353.100,-82.5148,70.5135,-208.8052
353.200,-82.5179,70.5118,-209.0260
353.300,-82.5187,70.5093,-209.2468
353.400,-82.5166,70.5064,-209.4674
353.500,-82.5111,70.5031,-209.6879
353.600,-82.5016,70.4998,-209.9083
353.700,-82.4879,70.4967,-210.1286
353.800,-82.4696,70.4940,-210.3489
353.900,-82.4466,70.4919,-210.5691
354.000,-82.4188,70.4906,-210.7892
354.100,-82.3862,70.4904,-211.0093
354.200,-82.3489,70.4914,-211.2293
354.300,-82.3070,70.4940,-211.4494
354.400,-82.2608,70.4981,-211.6694
354.500,-82.2107,70.5041,-211.8895
354.600,-82.1568,70.5121,-212.1096
354.700,-82.0996,70.5221,-212.3297
354.800,-82.0394,70.5343,-212.5498
354.900,-81.9767,70.5488,-212.7700
355.000,-81.9117,70.5657,-212.9903
355.100,-81.8449,70.5850,-213.2106
355.200,-81.7766,70.6067,-213.4310
355.300,-81.7070,70.6310,-213.6515
355.400,-81.6366,70.6578,-213.8720
355.500,-81.5656,70.6872,-214.0927
355.600,-81.4941,70.7193,-214.3134
355.700,-81.4225,70.7539,-214.5342
355.800,-81.3509,70.7913,-214.7551
355.900,-81.2795,70.8311,-214.9761
356.000,-81.2084,70.8733,-215.1972
356.100,-81.1376,70.9175,-215.4184
356.200,-81.0672,70.9634,-215.6397
356.300,-80.9970,71.0105,-215.8611
356.400,-80.9271,71.0586,-216.0826
356.500,-80.8571,71.1074,-216.3042
356.600,-80.7871,71.1564,-216.5258
356.700,-80.7168,71.2051,-216.7476
356.800,-80.6458,71.2530,-216.9694
356.900,-80.5740,71.2993,-217.1914
357.000,-80.5009,71.3434,-217.4134
357.100,-80.4262,71.3846,-217.6356
357.200,-80.3494,71.4221,-217.8578
357.300,-80.2701,71.4554,-218.0801
357.400,-80.1881,71.4838,-218.3026
357.500,-80.1028,71.5071,-218.5251
357.600,-80.0141,71.5246,-218.7478
357.700,-79.9216,71.5362,-218.9705
357.800,-79.8253,71.5417,-219.1933
357.900,-79.7248,71.5409,-219.4163
358.000,-79.6202,71.5339,-219.6393
358.100,-79.5113,71.5209,-219.8625
358.200,-79.3984,71.5022,-220.0857
358.300,-79.2814,71.4781,-220.3091
358.400,-79.1606,71.4492,-220.5326
358.500,-79.0363,71.4161,-220.7561
358.600,-78.9089,71.3795,-220.9798
358.700,-78.7786,71.3403,-221.2036
358.800,-78.6461,71.2993,-221.4275
358.900,-78.5119,71.2575,-221.6515
359.000,-78.3765,71.2160,-221.8756
359.100,-78.2406,71.1757,-222.0998
359.200,-78.1048,71.1378,-222.3242
359.300,-77.9699,71.1031,-222.5486
359.400,-77.8364,71.0727,-222.7731
359.500,-77.7051,71.0477,-222.9978
359.600,-77.5766,71.0287,-223.2225
359.700,-77.4516,71.0167,-223.4474
359.800,-77.3307,71.0124,-223.6724
359.900,-77.2144,71.0163,-223.8974
360.000,-77.1031,71.0290,-224.1226
360.100,-76.9974,71.0507,-224.3478
360.200,-76.8975,71.0818,-224.5732
360.300,-76.8037,71.1223,-224.7986
360.400,-76.7162,71.1723,-225.0241
360.500,-76.6351,71.2316,-225.2497
360.600,-76.5604,71.2999,-225.4754
360.700,-76.4921,71.3769,-225.7012
360.800,-76.4300,71.4623,-225.9271
360.900,-76.3739,71.5555,-226.1531
361.000,-76.3236,71.6561,-226.3791
361.100,-76.2788,71.7634,-226.6052
361.200,-76.2392,71.8769,-226.8314
361.300,-76.2046,71.9961,-227.0577
361.400,-76.1745,72.1204,-227.2841
361.500,-76.1488,72.2494,-227.5106
361.600,-76.1271,72.3827,-227.7371
361.700,-76.1093,72.5200,-227.9638
361.800,-76.0952,72.6608,-228.1905
361.900,-76.0845,72.8049,-228.4173
362.000,-76.0771,72.9521,-228.6442
362.100,-76.0726,73.1020,-228.8712
362.200,-76.0708,73.2542,-229.0983
362.300,-76.0713,73.4079,-229.3255
362.400,-76.0735,73.5626,-229.5528
362.500,-76.0769,73.7174,-229.7801
362.600,-76.0811,73.8714,-230.0076
362.700,-76.0856,74.0240,-230.2351
362.800,-76.0902,74.1743,-230.4627
362.900,-76.0946,74.3217,-230.6904
363.000,-76.0989,74.4658,-230.9181
363.100,-76.1030,74.6058,-231.1459
363.200,-76.1069,74.7413,-231.3738
363.300,-76.1105,74.8719,-231.6016
363.400,-76.1140,74.9970,-231.8296
363.500,-76.1174,75.1161,-232.0576
363.600,-76.1207,75.2288,-232.2855
363.700,-76.1239,75.3346,-232.5136
363.800,-76.1268,75.4330,-232.7416
363.900,-76.1295,75.5237,-232.9696
364.000,-76.1319,75.6062,-233.1976
364.100,-76.1339,75.6802,-233.4256
364.200,-76.1355,75.7455,-233.6536
364.300,-76.1364,75.8019,-233.8815
364.400,-76.1368,75.8494,-234.1094
364.500,-76.1364,75.8881,-234.3372
364.600,-76.1353,75.9182,-234.5649
364.700,-76.1335,75.9401,-234.7926
364.800,-76.1309,75.9542,-235.0202
364.900,-76.1274,75.9612,-235.2477
365.000,-76.1232,75.9618,-235.4751
365.100,-76.1181,75.9568,-235.7024
365.200,-76.1122,75.9473,-235.9296
365.300,-76.1055,75.9341,-236.1566
365.400,-76.0978,75.9184,-236.3836
365.500,-76.0891,75.9011,-236.6105
365.600,-76.0794,75.8835,-236.8372
365.700,-76.0685,75.8664,-237.0638
365.800,-76.0564,75.8509,-237.2903
365.900,-76.0430,75.8380,-237.5167
366.000,-76.0283,75.8285,-237.7430
366.100,-76.0121,75.8232,-237.9692
366.200,-75.9946,75.8228,-238.1954
366.300,-75.9756,75.8278,-238.4214
366.400,-75.9554,75.8387,-238.6474
366.500,-75.9340,75.8559,-238.8734
366.600,-75.9114,75.8795,-239.0993
366.700,-75.8879,75.9098,-239.3252
366.800,-75.8636,75.9467,-239.5510
366.900,-75.8388,75.9903,-239.7769
367.000,-75.8136,76.0403,-240.0027
367.100,-75.7882,76.0965,-240.2286
367.200,-75.7630,76.1587,-240.4544
367.300,-75.7381,76.2267,-240.6803
367.400,-75.7137,76.3001,-240.9063
367.500,-75.6900,76.3786,-241.1323
367.600,-75.6674,76.4620,-241.3583
367.700,-75.6460,76.5499,-241.5844
367.800,-75.6260,76.6422,-241.8105
367.900,-75.6077,76.7386,-242.0367
368.000,-75.5912,76.8390,-242.2630
368.100,-75.5767,76.9431,-242.4894
368.200,-75.5645,77.0510,-242.7159
368.300,-75.5547,77.1625,-242.9424
368.400,-75.5476,77.2774,-243.1691
368.500,-75.5433,77.3954,-243.3958
368.600,-75.5417,77.5163,-243.6227
368.700,-75.5426,77.6394,-243.8496
368.800,-75.5458,77.7643,-244.0766
368.900,-75.5508,77.8905,-244.3038
369.000,-75.5573,78.0173,-244.5310
369.100,-75.5645,78.1441,-244.7583
369.200,-75.5720,78.2703,-244.9857
369.300,-75.5788,78.3952,-245.2132
369.400,-75.5843,78.5182,-245.4407
369.500,-75.5873,78.6384,-245.6684
369.600,-75.5870,78.7551,-245.8962
369.700,-75.5825,78.8676,-246.1240
369.800,-75.5727,78.9753,-246.3520
369.900,-75.5566,79.0775,-246.5800
370.000,-75.5335,79.1738,-246.8081
370.100,-75.5026,79.2636,-247.0364
370.200,-75.4630,79.3467,-247.2647
370.300,-75.4142,79.4227,-247.4931
370.400,-75.3556,79.4915,-247.7216
370.500,-75.2871,79.5530,-247.9502
370.600,-75.2083,79.6074,-248.1789
370.700,-75.1193,79.6550,-248.4078
370.800,-75.0203,79.6959,-248.6367
370.900,-74.9117,79.7309,-248.8657
371.000,-74.7941,79.7605,-249.0948
371.100,-74.6684,79.7856,-249.3241
371.200,-74.5355,79.8070,-249.5534
371.300,-74.3967,79.8257,-249.7829
371.400,-74.2534,79.8429,-250.0124
371.500,-74.1072,79.8597,-250.2421
371.600,-73.9597,79.8773,-250.4719
371.700,-73.8129,79.8971,-250.7017
371.800,-73.6687,79.9202,-250.9317
371.900,-73.5290,79.9479,-251.1618
372.000,-73.3958,79.9815,-251.3920
372.100,-73.2712,80.0220,-251.6223
372.200,-73.1571,80.0706,-251.8527
372.300,-73.0554,80.1282,-252.0831
372.400,-72.9680,80.1956,-252.3137
372.500,-72.8965,80.2735,-252.5444
372.600,-72.8426,80.3625,-252.7751
372.700,-72.8075,80.4631,-253.0060
372.800,-72.7925,80.5754,-253.2369
372.900,-72.7986,80.6995,-253.4679
373.000,-72.8267,80.8356,-253.6990
373.100,-72.8774,80.9832,-253.9302
373.200,-72.9511,81.1423,-254.1614
373.300,-73.0482,81.3123,-254.3927
373.400,-73.1687,81.4928,-254.6241
373.500,-73.3127,81.6833,-254.8556
373.600,-73.4802,81.8832,-255.0872
373.700,-73.6711,82.0918,-255.3188
373.800,-73.8853,82.3085,-255.5505
373.900,-74.1227,82.5330,-255.7823
374.000,-74.3833,82.7645,-256.0141
374.100,-74.6675,83.0028,-256.2461
374.200,-74.9755,83.2475,-256.4781
374.300,-75.3077,83.4983,-256.7102
374.400,-75.6648,83.7549,-256.9424
374.500,-76.0473,84.0171,-257.1747
374.600,-76.4556,84.2847,-257.4070
374.700,-76.8897,84.5570,-257.6395
374.800,-77.3494,84.8334,-257.8721
374.900,-77.8339,85.1131,-258.1047
375.000,-78.3417,85.3948,-258.3375
375.100,-78.8716,85.6776,-258.5703
375.200,-79.4217,85.9602,-258.8032
375.300,-79.9903,86.2415,-259.0362
375.400,-80.5754,86.5204,-259.2692
375.500,-81.1749,86.7958,-259.5023
375.600,-81.7861,87.0666,-259.7354
375.700,-82.4064,87.3317,-259.9687
375.800,-83.0325,87.5902,-260.2019
375.900,-83.6607,87.8409,-260.4352
376.000,-84.2870,88.0827,-260.6686
376.100,-84.9068,88.3146,-260.9020
376.200,-85.5152,88.5356,-261.1354
376.300,-86.1070,88.7446,-261.3689
376.400,-86.6771,88.9407,-261.6024
376.500,-87.2201,89.1231,-261.8359
376.600,-87.7310,89.2910,-262.0695
376.700,-88.2052,89.4438,-262.3030
376.800,-88.6388,89.5812,-262.5367
376.900,-89.0286,89.7029,-262.7703
377.000,-89.3728,89.8091,-263.0040
377.100,-89.6703,89.9000,-263.2376
377.200,-89.9215,89.9763,-263.4713
377.300,-90.1281,90.0387,-263.7051
377.400,-90.2929,90.0884,-263.9388
377.500,-90.4198,90.1267,-264.1726
377.600,-90.5138,90.1552,-264.4064
377.700,-90.5806,90.1756,-264.6402
377.800,-90.6265,90.1898,-264.8740
377.900,-90.6582,90.1997,-265.1079
378.000,-90.6826,90.2075,-265.3417
378.100,-90.7064,90.2152,-265.5756
378.200,-90.7365,90.2247,-265.8095
378.300,-90.7791,90.2380,-266.0435
378.400,-90.8403,90.2569,-266.2774
378.500,-90.9257,90.2831,-266.5114
378.600,-91.0403,90.3179,-266.7454
378.700,-91.1887,90.3627,-266.9794
378.800,-91.3751,90.4186,-267.2134
378.900,-91.6029,90.4863,-267.4474
379.000,-91.8754,90.5665,-267.6815
379.100,-92.1951,90.6595,-267.9156
379.200,-92.5644,90.7656,-268.1497
379.300,-92.9852,90.8845,-268.3839
379.400,-93.4591,91.0163,-268.6180
379.500,-93.9873,91.1604,-268.8522
379.600,-94.5710,91.3165,-269.0865
379.700,-95.2111,91.4840,-269.3208
379.800,-95.9084,91.6623,-269.5551
379.900,-96.6635,91.8507,-269.7895
380.000,-97.4771,92.0486,-270.0239
380.100,-98.3500,92.2554,-270.2584
380.200,-99.2830,92.4704,-270.4929
380.300,-100.2771,92.6933,-270.7275
380.400,-101.3333,92.9234,-270.9622
380.500,-102.4530,93.1606,-271.1970
380.600,-103.6376,93.4044,-271.4318
380.700,-104.8883,93.6546,-271.6668
380.800,-106.2059,93.9108,-271.9018
380.900,-107.5904,94.1728,-272.1370
381.000,-109.0406,94.4399,-272.3722
381.100,-110.5541,94.7114,-272.6076
381.200,-112.1270,94.9867,-272.8430
381.300,-113.7547,95.2647,-273.0785
381.400,-115.4319,95.5445,-273.3141
381.500,-117.1532,95.8254,-273.5498
381.600,-118.9127,96.1062,-273.7856
381.700,-120.7046,96.3862,-274.0215
381.800,-122.5225,96.6644,-274.2574
381.900,-124.3598,96.9397,-274.4934
382.000,-126.2096,97.2113,-274.7296
382.100,-128.0652,97.4781,-274.9658
382.200,-129.9203,97.7390,-275.2020
382.300,-131.7687,97.9933,-275.4384
382.400,-133.6052,98.2399,-275.6749
382.500,-135.4249,98.4781,-275.9115
382.600,-137.2238,98.7071,-276.1482
382.700,-138.9989,98.9265,-276.3850
382.800,-140.7479,99.1357,-276.6219
382.900,-142.4693,99.3344,-276.8589
383.000,-144.1629,99.5226,-277.0961
383.100,-145.8289,99.7002,-277.3333
383.200,-147.4685,99.8676,-277.5707
383.300,-149.0837,100.0252,-277.8082
383.400,-150.6769,100.1737,-278.0459
383.500,-152.2511,100.3141,-278.2836
383.600,-153.8096,100.4474,-278.5215
383.700,-155.3557,100.5750,-278.7596
383.800,-156.8929,100.6984,-278.9977
383.900,-158.4242,100.8192,-279.2361
384.000,-159.9522,100.9393,-279.4745
384.100,-161.4787,101.0605,-279.7131
384.200,-163.0049,101.1849,-279.9518
384.300,-164.5307,101.3143,-280.1907
384.400,-166.0551,101.4508,-280.4297
384.500,-167.5759,101.5963,-280.6688
384.600,-169.0897,101.7527,-280.9081
384.700,-170.5922,101.9215,-281.1475
384.800,-172.0782,102.1044,-281.3870
384.900,-173.5417,102.3028,-281.6266
385.000,-174.9764,102.5178,-281.8664
385.100,-176.3761,102.7504,-282.1062
385.200,-177.7345,103.0012,-282.3461
385.300,-179.0461,103.2708,-282.5862
385.400,179.6941,103.5592,-282.8263
385.500,178.4902,103.8666,-283.0666
385.600,177.3452,104.1927,-283.3069
385.700,176.2610,104.5371,-283.5473
385.800,175.2387,104.8993,-283.7878
385.900,174.2783,105.2784,-284.0284
386.000,173.3791,105.6738,-284.2690
386.100,172.5394,106.0845,-284.5098
386.200,171.7573,106.5098,-284.7506
386.300,171.0301,106.9486,-284.9915
386.400,170.3551,107.4003,-285.2325
386.500,169.7292,107.8640,-285.4736
386.600,169.1493,108.3391,-285.7147
386.700,168.6120,108.8251,-285.9560
386.800,168.1141,109.3215,-286.1973
386.900,167.6521,109.8279,-286.4387
387.000,167.2228,110.3440,-286.6802
387.100,166.8228,110.8692,-286.9219
387.200,166.4491,111.4029,-287.1636
387.300,166.0993,111.9440,-287.4054
387.400,165.7714,112.4911,-287.6472
387.500,165.4643,113.0429,-287.8892
387.600,165.1775,113.5979,-288.1312
387.700,164.9112,114.1545,-288.3733
387.800,164.6655,114.7112,-288.6155
387.900,164.4407,115.2666,-288.8577
388.000,164.2372,115.8192,-289.1001
388.100,164.0551,116.3673,-289.3425
388.200,163.8942,116.9091,-289.5850
388.300,163.7544,117.4427,-289.8276
388.400,163.6356,117.9662,-290.0703
388.500,163.5372,118.4776,-290.3132
388.600,163.4590,118.9751,-290.5561
388.700,163.4006,119.4565,-290.7992
388.800,163.3614,119.9203,-291.0424
388.900,163.3409,120.3645,-291.2857
389.000,163.3385,120.7878,-291.5292
389.100,163.3536,121.1887,-291.7728
389.200,163.3854,121.5662,-292.0167
389.300,163.4333,121.9195,-292.2606
389.400,163.4963,122.2482,-292.5048
389.500,163.5736,122.5522,-292.7491
389.600,163.6641,122.8321,-292.9936
389.700,163.7668,123.0886,-293.2383
389.800,163.8805,123.3231,-293.4833
389.900,164.0037,123.5373,-293.7284
390.000,164.1351,123.7332,-293.9738
390.100,164.2731,123.9133,-294.2193
390.200,164.4160,124.0804,-294.4651
390.300,164.5620,124.2374,-294.7112
390.400,164.7094,124.3875,-294.9574
390.500,164.8561,124.5338,-295.2039
390.600,165.0002,124.6796,-295.4506
390.700,165.1400,124.8280,-295.6975
390.800,165.2736,124.9819,-295.9447
390.900,165.3994,125.1441,-296.1920
391.000,165.5158,125.3172,-296.4396
391.100,165.6215,125.5033,-296.6874
391.200,165.7156,125.7044,-296.9353
391.300,165.7972,125.9219,-297.1835
391.400,165.8659,126.1570,-297.4318
391.500,165.9215,126.4105,-297.6803
391.600,165.9640,126.6828,-297.9289
391.700,165.9937,126.9741,-298.1777
391.800,166.0112,127.2841,-298.4266
391.900,166.0173,127.6123,-298.6757
392.000,166.0130,127.9582,-298.9249
392.100,165.9991,128.3209,-299.1742
392.200,165.9769,128.6993,-299.4237
392.300,165.9475,129.0925,-299.6732
392.400,165.9120,129.4993,-299.9229
392.500,165.8717,129.9187,-300.1727
392.600,165.8277,130.3495,-300.4226
392.700,165.7809,130.7909,-300.6726
392.800,165.7323,131.2418,-300.9226
392.900,165.6830,131.7016,-301.1728
393.000,165.6339,132.1694,-301.4231
393.100,165.5857,132.6446,-301.6735
393.200,165.5396,133.1269,-301.9240
393.300,165.4964,133.6156,-302.1746
393.400,165.4572,134.1105,-302.4252
393.500,165.4229,134.6109,-302.6760
393.600,165.3943,135.1164,-302.9268
393.700,165.3715,135.6262,-303.1777
393.800,165.3542,136.1395,-303.4286
393.900,165.3419,136.6555,-303.6796
394.000,165.3336,137.1733,-303.9307
394.100,165.3283,137.6921,-304.1818
394.200,165.3253,138.2109,-304.4330
394.300,165.3237,138.7287,-304.6843
394.400,165.3227,139.2442,-304.9356
394.500,165.3218,139.7562,-305.1871
394.600,165.3205,140.2634,-305.4387
394.700,165.3182,140.7646,-305.6904
394.800,165.3145,141.2586,-305.9422
394.900,165.3091,141.7441,-306.1941
395.000,165.3016,142.2203,-306.4461
395.100,165.2918,142.6860,-306.6983
395.200,165.2793,143.1405,-306.9507
395.300,165.2642,143.5832,-307.2031
395.400,165.2462,144.0136,-307.4558
395.500,165.2253,144.4313,-307.7085
395.600,165.2016,144.8363,-307.9615
395.700,165.1751,145.2287,-308.2146
395.800,165.1461,145.6091,-308.4679
395.900,165.1148,145.9778,-308.7213
396.000,165.0816,146.3360,-308.9749
396.100,165.0468,146.6846,-309.2287
396.200,165.0110,147.0250,-309.4827
396.300,164.9747,147.3587,-309.7369
396.400,164.9385,147.6874,-309.9912
396.500,164.9031,148.0128,-310.2458
396.600,164.8692,148.3368,-310.5005
396.700,164.8376,148.6613,-310.7555
396.800,164.8090,148.9883,-311.0106
396.900,164.7842,149.3195,-311.2659
397.000,164.7639,149.6566,-311.5213
397.100,164.7489,150.0014,-311.7770
397.200,164.7398,150.3553,-312.0328
397.300,164.7372,150.7194,-312.2889
397.400,164.7416,151.0949,-312.5450
397.500,164.7535,151.4825,-312.8014
397.600,164.7732,151.8828,-313.0579
397.700,164.8009,152.2961,-313.3146
397.800,164.8367,152.7224,-313.5714
397.900,164.8806,153.1617,-313.8284
398.000,164.9326,153.6136,-314.0855
398.100,164.9923,154.0776,-314.3428
398.200,165.0595,154.5529,-314.6002
398.300,165.1337,155.0388,-314.8577
398.400,165.2146,155.5345,-315.1153
398.500,165.3015,156.0389,-315.3730
398.600,165.3940,156.5512,-315.6309
398.700,165.4914,157.0703,-315.8888
398.800,165.5931,157.5955,-316.1469
398.900,165.6985,158.1259,-316.4051
399.000,165.8070,158.6607,-316.6633
399.100,165.9180,159.1994,-316.9216
399.200,166.0309,159.7415,-317.1800
399.300,166.1450,160.2868,-317.4385
399.400,166.2595,160.8352,-317.6970
399.500,166.3738,161.3868,-317.9556
399.600,166.4872,161.9418,-318.2142
399.700,166.5990,162.5004,-318.4728
399.800,166.7088,163.0629,-318.7315
399.900,166.8165,163.6293,-318.9901
400.000,166.9224,164.1994,-319.2488
400.100,167.0272,164.7727,-319.5075
400.200,167.1314,165.3484,-319.7663
400.300,167.2358,165.9254,-320.0251
400.400,167.3410,166.5025,-320.2840
400.500,167.4472,167.0779,-320.5429
400.600,167.5546,167.6502,-320.8019
400.700,167.6635,168.2174,-321.0611
400.800,167.7738,168.7778,-321.3203
400.900,167.8857,169.3298,-321.5797
401.000,167.9993,169.8716,-321.8391
401.100,168.1144,170.4017,-322.0988
401.200,168.2313,170.9186,-322.3585
401.300,168.3498,171.4209,-322.6184
401.400,168.4700,171.9074,-322.8785
401.500,168.5918,172.3769,-323.1388
401.600,168.7152,172.8285,-323.3992
401.700,168.8402,173.2615,-323.6599
401.800,168.9666,173.6754,-323.9207
401.900,169.0943,174.0700,-324.1817
402.000,169.2232,174.4452,-324.4430
402.100,169.3531,174.8014,-324.7045
402.200,169.4839,175.1390,-324.9662
402.300,169.6153,175.4591,-325.2281
402.400,169.7471,175.7626,-325.4903
402.500,169.8790,176.0509,-325.7527
402.600,170.0108,176.3256,-326.0153
402.700,170.1422,176.5883,-326.2782
402.800,170.2727,176.8409,-326.5414
402.900,170.4022,177.0853,-326.8048
403.000,170.5303,177.3235,-327.0684
403.100,170.6567,177.5573,-327.3323
403.200,170.7809,177.7887,-327.5964
403.300,170.9029,178.0194,-327.8608
403.400,171.0224,178.2510,-328.1254
403.500,171.1390,178.4850,-328.3902
403.600,171.2528,178.7226,-328.6553
403.700,171.3636,178.9649,-328.9206
403.800,171.4715,179.2127,-329.1860
403.900,171.5764,179.4666,-329.4517
404.000,171.6785,179.7270,-329.7176
404.100,171.7780,179.9941,-329.9836
404.200,171.8751,-179.7321,-330.2498
404.300,171.9702,-179.4518,-330.5162
404.400,172.0636,-179.1652,-330.7827
404.500,172.1556,-178.8729,-331.0494
404.600,172.2468,-178.5752,-331.3161
404.700,172.3376,-178.2729,-331.5831
404.800,172.4284,-177.9666,-331.8501
404.900,172.5198,-177.6568,-332.1172
405.000,172.6122,-177.3443,-332.3844
405.100,172.7061,-177.0296,-332.6517
405.200,172.8019,-176.7135,-332.9191
405.300,172.9001,-176.3964,-333.1865
405.400,173.0010,-176.0790,-333.4540
405.500,173.1052,-175.7615,-333.7216
405.600,173.2130,-175.4446,-333.9892
405.700,173.3247,-175.1284,-334.2568
405.800,173.4408,-174.8132,-334.5245
405.900,173.5614,-174.4993,-334.7921
406.000,173.6866,-174.1865,-335.0598
406.100,173.8164,-173.8747,-335.3275
406.200,173.9505,-173.5638,-335.5953
406.300,174.0886,-173.2533,-335.8630
406.400,174.2300,-172.9431,-336.1308
406.500,174.3745,-172.6332,-336.3986
406.600,174.5218,-172.3236,-336.6665
406.700,174.6714,-172.0148,-336.9344
406.800,174.8232,-171.7072,-337.2024
406.900,174.9769,-171.4012,-337.4705
407.000,175.1321,-171.0975,-337.7386
407.100,175.2885,-170.7964,-338.0068
407.200,175.4457,-170.4984,-338.2751
407.300,175.6032,-170.2040,-338.5435
407.400,175.7608,-169.9135,-338.8120
407.500,175.9179,-169.6272,-339.0806
407.600,176.0742,-169.3454,-339.3493
407.700,176.2293,-169.0683,-339.6180
407.800,176.3829,-168.7962,-339.8870
407.900,176.5348,-168.5292,-340.1560
408.000,176.6848,-168.2674,-340.4251
408.100,176.8326,-168.0108,-340.6944
408.200,176.9782,-167.7594,-340.9638
408.300,177.1216,-167.5132,-341.2333
408.400,177.2628,-167.2720,-341.5030
408.500,177.4019,-167.0355,-341.7728
408.600,177.5391,-166.8037,-342.0428
408.700,177.6746,-166.5762,-342.3129
408.800,177.8088,-166.3527,-342.5832
408.900,177.9419,-166.1328,-342.8536
409.000,178.0744,-165.9162,-343.1242
409.100,178.2067,-165.7024,-343.3949
409.200,178.3392,-165.4912,-343.6658
409.300,178.4724,-165.2822,-343.9368
409.400,178.6067,-165.0749,-344.2080
409.500,178.7424,-164.8691,-344.4794
409.600,178.8800,-164.6643,-344.7509
409.700,179.0198,-164.4605,-345.0226
409.800,179.1621,-164.2572,-345.2943
409.900,179.3071,-164.0543,-345.5663
410.000,179.4549,-163.8515,-345.8384
410.100,179.6056,-163.6488,-346.1106
410.200,179.7592,-163.4460,-346.3829
410.300,179.9156,-163.2430,-346.6554
410.400,-179.9253,-163.0398,-346.9279
410.500,-179.7638,-162.8361,-347.2006
410.600,-179.6002,-162.6322,-347.4734
410.700,-179.4347,-162.4278,-347.7463
410.800,-179.2679,-162.2230,-348.0192
410.900,-179.0999,-162.0177,-348.2923
411.000,-178.9315,-161.8119,-348.5654
411.100,-178.7629,-161.6056,-348.8386
411.200,-178.5946,-161.3988,-349.1118
411.300,-178.4272,-161.1915,-349.3851
411.400,-178.2610,-160.9835,-349.6584
411.500,-178.0965,-160.7749,-349.9318
411.600,-177.9341,-160.5656,-350.2052
411.700,-177.7743,-160.3555,-350.4787
411.800,-177.6173,-160.1447,-350.7521
411.900,-177.4636,-159.9329,-351.0256
412.000,-177.3135,-159.7202,-351.2991
412.100,-177.1672,-159.5064,-351.5725
412.200,-177.0248,-159.2915,-351.8460
412.300,-176.8863,-159.0755,-352.1195
412.400,-176.7515,-158.8585,-352.3930
412.500,-176.6198,-158.6406,-352.6665
412.600,-176.4909,-158.4219,-352.9400
412.700,-176.3643,-158.2027,-353.2136
412.800,-176.2399,-157.9831,-353.4872
412.900,-176.1174,-157.7634,-353.7608
413.000,-175.9968,-157.5439,-354.0345
413.100,-175.8778,-157.3248,-354.3083
413.200,-175.7602,-157.1064,-354.5821
413.300,-175.6438,-156.8890,-354.8560
413.400,-175.5283,-156.6730,-355.1300
413.500,-175.4132,-156.4587,-355.4040
413.600,-175.2982,-156.2464,-355.6782
413.700,-175.1830,-156.0366,-355.9524
413.800,-175.0671,-155.8296,-356.2268
413.900,-174.9501,-155.6257,-356.5012
414.000,-174.8319,-155.4251,-356.7758
414.100,-174.7121,-155.2283,-357.0506
414.200,-174.5906,-155.0355,-357.3254
414.300,-174.4671,-154.8470,-357.6004
414.400,-174.3416,-154.6629,-357.8756
414.500,-174.2141,-154.4834,-358.1509
414.600,-174.0847,-154.3088,-358.4264
414.700,-173.9536,-154.1391,-358.7021
414.800,-173.8209,-153.9744,-358.9779
414.900,-173.6872,-153.8147,-359.2540
415.000,-173.5527,-153.6600,-359.5302
415.100,-173.4179,-153.5103,-359.8066
415.200,-173.2834,-153.3655,-360.0832
415.300,-173.1498,-153.2255,-360.3599
415.400,-173.0177,-153.0902,-360.6369
415.500,-172.8878,-152.9594,-360.9141
415.600,-172.7605,-152.8330,-361.1914
415.700,-172.6366,-152.7107,-361.4690
415.800,-172.5166,-152.5925,-361.7467
415.900,-172.4009,-152.4780,-362.0246
416.000,-172.2901,-152.3672,-362.3027
416.100,-172.1843,-152.2598,-362.5810
416.200,-172.0838,-152.1557,-362.8594
416.300,-171.9888,-152.0547,-363.1380
416.400,-171.8991,-151.9566,-363.4167
416.500,-171.8147,-151.8612,-363.6956
416.600,-171.7354,-151.7685,-363.9746
416.700,-171.6607,-151.6783,-364.2537
416.800,-171.5904,-151.5905,-364.5330
416.900,-171.5238,-151.5050,-364.8124
417.000,-171.4604,-151.4217,-365.0919
417.100,-171.3996,-151.3404,-365.3714
417.200,-171.3408,-151.2613,-365.6511
417.300,-171.2832,-151.1841,-365.9308
417.400,-171.2262,-151.1089,-366.2106
417.500,-171.1691,-151.0357,-366.4905
417.600,-171.1113,-150.9644,-366.7704
417.700,-171.0521,-150.8950,-367.0504
417.800,-170.9909,-150.8275,-367.3304
417.900,-170.9273,-150.7620,-367.6105
418.000,-170.8607,-150.6986,-367.8906
418.100,-170.7907,-150.6373,-368.1708
418.200,-170.7169,-150.5783,-368.4509
418.300,-170.6390,-150.5217,-368.7311
418.400,-170.5569,-150.4677,-369.0113
418.500,-170.4708,-150.4164,-369.2915
418.600,-170.3808,-150.3680,-369.5718
418.700,-170.2877,-150.3226,-369.8521
418.800,-170.1920,-150.2802,-370.1324
418.900,-170.0943,-150.2406,-370.4127
419.000,-169.9950,-150.2038,-370.6931
419.100,-169.8945,-150.1694,-370.9735
419.200,-169.7926,-150.1373,-371.2540
419.300,-169.6895,-150.1071,-371.5346
419.400,-169.5851,-150.0783,-371.8152
419.500,-169.4794,-150.0507,-372.0958
419.600,-169.3725,-150.0236,-372.3765
419.700,-169.2646,-149.9968,-372.6573
419.800,-169.1557,-149.9697,-372.9382
419.900,-169.0461,-149.9420,-373.2191
420.000,-168.9359,-149.9133,-373.5002
420.100,-168.8253,-149.8832,-373.7813
420.200,-168.7146,-149.8515,-374.0625
420.300,-168.6038,-149.8178,-374.3438
420.400,-168.4932,-149.7820,-374.6252
420.500,-168.3828,-149.7438,-374.9068
420.600,-168.2728,-149.7033,-375.1884
420.700,-168.1634,-149.6603,-375.4702
420.800,-168.0545,-149.6150,-375.7521
420.900,-167.9462,-149.5675,-376.0341
421.000,-167.8386,-149.5179,-376.3163
421.100,-167.7316,-149.4665,-376.5986
421.200,-167.6253,-149.4137,-376.8811
421.300,-167.5197,-149.3598,-377.1637
421.400,-167.4146,-149.3053,-377.4465
421.500,-167.3100,-149.2508,-377.7294
421.600,-167.2060,-149.1966,-378.0125
421.700,-167.1023,-149.1434,-378.2957
421.800,-166.9989,-149.0916,-378.5791
421.900,-166.8958,-149.0417,-378.8626
422.000,-166.7928,-148.9943,-379.1463
422.100,-166.6900,-148.9497,-379.4301
422.200,-166.5873,-148.9085,-379.7141
422.300,-166.4847,-148.8707,-379.9982
422.400,-166.3822,-148.8368,-380.2825
422.500,-166.2798,-148.8069,-380.5669
422.600,-166.1776,-148.7810,-380.8514
422.700,-166.0757,-148.7592,-381.1360
422.800,-165.9743,-148.7415,-381.4208
422.900,-165.8734,-148.7275,-381.7056
423.000,-165.7732,-148.7172,-381.9906
423.100,-165.6740,-148.7103,-382.2756
423.200,-165.5760,-148.7063,-382.5607
423.300,-165.4794,-148.7050,-382.8459
423.400,-165.3845,-148.7059,-383.1312
423.500,-165.2915,-148.7087,-383.4165
423.600,-165.2008,-148.7128,-383.7019
423.700,-165.1125,-148.7178,-383.9874
423.800,-165.0270,-148.7234,-384.2729
423.900,-164.9445,-148.7290,-384.5584
424.000,-164.8653,-148.7345,-384.8440
424.100,-164.7898,-148.7393,-385.1296
424.200,-164.7181,-148.7432,-385.4152
424.300,-164.6506,-148.7460,-385.7008
424.400,-164.5877,-148.7476,-385.9865
424.500,-164.5297,-148.7477,-386.2722
424.600,-164.4770,-148.7465,-386.5579
424.700,-164.4297,-148.7440,-386.8436
424.800,-164.3881,-148.7405,-387.1293
424.900,-164.3521,-148.7363,-387.4150
425.000,-164.3213,-148.7320,-387.7007
425.100,-164.2955,-148.7278,-387.9865
425.200,-164.2742,-148.7240,-388.2723
425.300,-164.2568,-148.7206,-388.5582
425.400,-164.2430,-148.7175,-388.8441
425.500,-164.2322,-148.7144,-389.1300
425.600,-164.2239,-148.7110,-389.4160
425.700,-164.2175,-148.7070,-389.7020
425.800,-164.2125,-148.7022,-389.9881
425.900,-164.2080,-148.6964,-390.2743
426.000,-164.2034,-148.6893,-390.5605
426.100,-164.1982,-148.6808,-390.8468
426.200,-164.1915,-148.6708,-391.1332
426.300,-164.1829,-148.6594,-391.4197
426.400,-164.1718,-148.6463,-391.7063
426.500,-164.1577,-148.6316,-391.9930
426.600,-164.1401,-148.6154,-392.2798
426.700,-164.1188,-148.5977,-392.5667
426.800,-164.0935,-148.5786,-392.8537
426.900,-164.0641,-148.5583,-393.1409
427.000,-164.0307,-148.5369,-393.4282
427.100,-163.9932,-148.5146,-393.7157
427.200,-163.9521,-148.4918,-394.0033
427.300,-163.9076,-148.4685,-394.2911
427.400,-163.8603,-148.4453,-394.5790
427.500,-163.8107,-148.4223,-394.8672
427.600,-163.7596,-148.4000,-395.1554
427.700,-163.7076,-148.3787,-395.4439
427.800,-163.6557,-148.3588,-395.7325
427.900,-163.6046,-148.3405,-396.0213
428.000,-163.5553,-148.3243,-396.3102
428.100,-163.5086,-148.3105,-396.5994
428.200,-163.4653,-148.2993,-396.8887
428.300,-163.4263,-148.2910,-397.1782
428.400,-163.3921,-148.2858,-397.4678
428.500,-163.3633,-148.2839,-397.7576
428.600,-163.3405,-148.2853,-398.0475
428.700,-163.3238,-148.2903,-398.3376
428.800,-163.3136,-148.2988,-398.6279
428.900,-163.3097,-148.3109,-398.9182
429.000,-163.3123,-148.3265,-399.2087
429.100,-163.3209,-148.3455,-399.4994
429.200,-163.3354,-148.3680,-399.7901
429.300,-163.3551,-148.3937,-400.0809
429.400,-163.3796,-148.4226,-400.3719
429.500,-163.4082,-148.4546,-400.6629
429.600,-163.4403,-148.4894,-400.9540
429.700,-163.4751,-148.5271,-401.2452
429.800,-163.5119,-148.5673,-401.5364
429.900,-163.5498,-148.6101,-401.8277
430.000,-163.5882,-148.6554,-402.1191
430.100,-163.6264,-148.7029,-402.4105
430.200,-163.6637,-148.7528,-402.7020
430.300,-163.6995,-148.8049,-402.9935
430.400,-163.7331,-148.8593,-403.2851
430.500,-163.7640,-148.9161,-403.5766
430.600,-163.7919,-148.9752,-403.8682
430.700,-163.8163,-149.0369,-404.1599
430.800,-163.8369,-149.1014,-404.4515
430.900,-163.8537,-149.1689,-404.7432
431.000,-163.8667,-149.2396,-405.0349
431.100,-163.8763,-149.3137,-405.3266
431.200,-163.8831,-149.3914,-405.6183
431.300,-163.8876,-149.4725,-405.9100
431.400,-163.8905,-149.5570,-406.2018
431.500,-163.8922,-149.6445,-406.4936
431.600,-163.8929,-149.7347,-406.7855
431.700,-163.8925,-149.8271,-407.0774
431.800,-163.8908,-149.9212,-407.3693
431.900,-163.8878,-150.0164,-407.6613
432.000,-163.8833,-150.1122,-407.9534
432.100,-163.8772,-150.2079,-408.2455
432.200,-163.8695,-150.3029,-408.5377
432.300,-163.8602,-150.3967,-408.8299
432.400,-163.8492,-150.4886,-409.1222
432.500,-163.8367,-150.5781,-409.4146
432.600,-163.8226,-150.6648,-409.7071
432.700,-163.8072,-150.7482,-409.9996
432.800,-163.7904,-150.8278,-410.2923
432.900,-163.7723,-150.9035,-410.5851
433.000,-163.7530,-150.9750,-410.8779
433.100,-163.7326,-151.0421,-411.1709
433.200,-163.7112,-151.1048,-411.4641
433.300,-163.6888,-151.1631,-411.7573
433.400,-163.6656,-151.2172,-412.0507
433.500,-163.6415,-151.2672,-412.3442
433.600,-163.6167,-151.3134,-412.6379
433.700,-163.5913,-151.3564,-412.9317
433.800,-163.5653,-151.3965,-413.2256
433.900,-163.5387,-151.4343,-413.5197
434.000,-163.5117,-151.4705,-413.8140
434.100,-163.4842,-151.5055,-414.1084
434.200,-163.4564,-151.5402,-414.4030
434.300,-163.4283,-151.5750,-414.6977
434.400,-163.3998,-151.6108,-414.9926
434.500,-163.3711,-151.6479,-415.2877
434.600,-163.3423,-151.6871,-415.5829
434.700,-163.3133,-151.7287,-415.8782
434.800,-163.2842,-151.7732,-416.1737
434.900,-163.2551,-151.8209,-416.4694
435.000,-163.2262,-151.8720,-416.7651
435.100,-163.1974,-151.9267,-417.0610
435.200,-163.1690,-151.9850,-417.3570
435.300,-163.1411,-152.0468,-417.6531
435.400,-163.1138,-152.1121,-417.9494
435.500,-163.0874,-152.1805,-418.2457
435.600,-163.0620,-152.2518,-418.5421
435.700,-163.0378,-152.3257,-418.8386
435.800,-163.0150,-152.4017,-419.1352
435.900,-162.9940,-152.4795,-419.4319
436.000,-162.9748,-152.5585,-419.7286
436.100,-162.9579,-152.6383,-420.0253
436.200,-162.9434,-152.7185,-420.3222
436.300,-162.9315,-152.7986,-420.6190
436.400,-162.9226,-152.8782,-420.9159
436.500,-162.9168,-152.9568,-421.2128
436.600,-162.9144,-153.0340,-421.5098
436.700,-162.9157,-153.1097,-421.8067
436.800,-162.9210,-153.1834,-422.1037
436.900,-162.9306,-153.2549,-422.4007
437.000,-162.9447,-153.3241,-422.6977
437.100,-162.9636,-153.3909,-422.9947
437.200,-162.9877,-153.4553,-423.2917
437.300,-163.0168,-153.5176,-423.5887
437.400,-163.0510,-153.5781,-423.8857
437.500,-163.0898,-153.6373,-424.1827
437.600,-163.1330,-153.6954,-424.4797
437.700,-163.1801,-153.7528,-424.7768
437.800,-163.2306,-153.8097,-425.0739
437.900,-163.2842,-153.8658,-425.3710
438.000,-163.3404,-153.9211,-425.6682
438.100,-163.3987,-153.9753,-425.9654
438.200,-163.4588,-154.0282,-426.2626
438.300,-163.5199,-154.0797,-426.5599
438.400,-163.5817,-154.1297,-426.8573
438.500,-163.6435,-154.1780,-427.1547
438.600,-163.7047,-154.2246,-427.4522
438.700,-163.7648,-154.2695,-427.7497
438.800,-163.8233,-154.3127,-428.0474
438.900,-163.8797,-154.3541,-428.3451
439.000,-163.9335,-154.3938,-428.6429
439.100,-163.9845,-154.4320,-428.9409
439.200,-164.0322,-154.4685,-429.2389
439.300,-164.0765,-154.5036,-429.5371
439.400,-164.1173,-154.5374,-429.8354
439.500,-164.1545,-154.5699,-430.1338
439.600,-164.1882,-154.6013,-430.4324
439.700,-164.2185,-154.6317,-430.7311
439.800,-164.2457,-154.6613,-431.0300
439.900,-164.2702,-154.6903,-431.3290
440.000,-164.2923,-154.7188,-431.6282
440.100,-164.3125,-154.7470,-431.9275
440.200,-164.3315,-154.7751,-432.2270
440.300,-164.3498,-154.8031,-432.5266
440.400,-164.3681,-154.8314,-432.8265
440.500,-164.3869,-154.8600,-433.1264
440.600,-164.4070,-154.8890,-433.4266
440.700,-164.4289,-154.9186,-433.7269
440.800,-164.4532,-154.9488,-434.0274
440.900,-164.4803,-154.9799,-434.3280
441.000,-164.5107,-155.0117,-434.6287
441.100,-164.5446,-155.0445,-434.9297
441.200,-164.5824,-155.0782,-435.2307
441.300,-164.6241,-155.1130,-435.5319
441.400,-164.6697,-155.1488,-435.8332
441.500,-164.7192,-155.1858,-436.1347
441.600,-164.7723,-155.2239,-436.4362
441.700,-164.8288,-155.2633,-436.7379
441.800,-164.8883,-155.3039,-437.0396
441.900,-164.9504,-155.3458,-437.3415
442.000,-165.0146,-155.3891,-437.6434
442.100,-165.0803,-155.4339,-437.9454
442.200,-165.1470,-155.4802,-438.2475
442.300,-165.2142,-155.5281,-438.5497
442.400,-165.2811,-155.5777,-438.8519
442.500,-165.3474,-155.6291,-439.1541
442.600,-165.4123,-155.6825,-439.4564
442.700,-165.4754,-155.7378,-439.7588
442.800,-165.5362,-155.7952,-440.0611
442.900,-165.5942,-155.8549,-440.3635
443.000,-165.6491,-155.9170,-440.6660
443.100,-165.7004,-155.9817,-440.9684
443.200,-165.7478,-156.0492,-441.2709
443.300,-165.7912,-156.1197,-441.5733
443.400,-165.8303,-156.1932,-441.8758
443.500,-165.8653,-156.2701,-442.1782
443.600,-165.8965,-156.3502,-442.4807
443.700,-165.9243,-156.4336,-442.7831
443.800,-165.9494,-156.5199,-443.0856
443.900,-165.9722,-156.6090,-443.3881
444.000,-165.9930,-156.7005,-443.6906
444.100,-166.0121,-156.7942,-443.9932
444.200,-166.0295,-156.8898,-444.2958
444.300,-166.0452,-156.9869,-444.5984
444.400,-166.0590,-157.0852,-444.9011
444.500,-166.0711,-157.1842,-445.2038
444.600,-166.0814,-157.2836,-445.5066
444.700,-166.0900,-157.3828,-445.8094
444.800,-166.0971,-157.4815,-446.1123
444.900,-166.1029,-157.5793,-446.4153
445.000,-166.1073,-157.6757,-446.7183
445.100,-166.1107,-157.7703,-447.0215
445.200,-166.1131,-157.8627,-447.3247
445.300,-166.1148,-157.9528,-447.6280
445.400,-166.1157,-158.0401,-447.9314
445.500,-166.1162,-158.1245,-448.2349
445.600,-166.1161,-158.2058,-448.5386
445.700,-166.1158,-158.2839,-448.8423
445.800,-166.1151,-158.3588,-449.1462
445.900,-166.1141,-158.4306,-449.4502
446.000,-166.1129,-158.4992,-449.7544
446.100,-166.1113,-158.5649,-450.0587
446.200,-166.1095,-158.6280,-450.3632
446.300,-166.1073,-158.6887,-450.6678
446.400,-166.1046,-158.7473,-450.9725
446.500,-166.1014,-158.8042,-451.2774
446.600,-166.0976,-158.8599,-451.5825
446.700,-166.0930,-158.9148,-451.8878
446.800,-166.0875,-158.9692,-452.1932
446.900,-166.0811,-159.0236,-452.4987
447.000,-166.0736,-159.0784,-452.8044
447.100,-166.0650,-159.1339,-453.1103
447.200,-166.0551,-159.1905,-453.4163
447.300,-166.0441,-159.2484,-453.7224
447.400,-166.0318,-159.3078,-454.0287
447.500,-166.0184,-159.3688,-454.3352
447.600,-166.0039,-159.4317,-454.6417
447.700,-165.9884,-159.4962,-454.9484
447.800,-165.9722,-159.5624,-455.2552
447.900,-165.9553,-159.6302,-455.5621
448.000,-165.9382,-159.6994,-455.8691
448.100,-165.9209,-159.7697,-456.1762
448.200,-165.9038,-159.8410,-456.4834
448.300,-165.8873,-159.9128,-456.7907
448.400,-165.8716,-159.9848,-457.0980
448.500,-165.8571,-160.0568,-457.4054
448.600,-165.8441,-160.1283,-457.7128
448.700,-165.8330,-160.1990,-458.0203
448.800,-165.8241,-160.2685,-458.3278
448.900,-165.8178,-160.3365,-458.6354
449.000,-165.8143,-160.4027,-458.9430
449.100,-165.8139,-160.4667,-459.2506
449.200,-165.8170,-160.5283,-459.5582
449.300,-165.8239,-160.5872,-459.8658
449.400,-165.8348,-160.6432,-460.1734
449.500,-165.8499,-160.6960,-460.4810
449.600,-165.8696,-160.7455,-460.7886
449.700,-165.8939,-160.7917,-461.0962
449.800,-165.9227,-160.8348,-461.4037
449.900,-165.9559,-160.8749,-461.7113
450.000,-165.9929,-160.9124,-462.0188
450.100,-166.0334,-160.9477,-462.3264
450.200,-166.0770,-160.9811,-462.6339
450.300,-166.1233,-161.0128,-462.9415
450.400,-166.1720,-161.0428,-463.2491
450.500,-166.2230,-161.0713,-463.5568
450.600,-166.2760,-161.0981,-463.8645
450.700,-166.3306,-161.1234,-464.1722
450.800,-166.3867,-161.1473,-464.4800
450.900,-166.4438,-161.1698,-464.7878
451.000,-166.5016,-161.1910,-465.0957
451.100,-166.5597,-161.2112,-465.4037
451.200,-166.6176,-161.2304,-465.7117
451.300,-166.6751,-161.2489,-466.0198
451.400,-166.7318,-161.2667,-466.3280
451.500,-166.7873,-161.2842,-466.6363
451.600,-166.8414,-161.3014,-466.9447
451.700,-166.8938,-161.3184,-467.2531
451.800,-166.9443,-161.3355,-467.5618
451.900,-166.9929,-161.3526,-467.8705
452.000,-167.0393,-161.3699,-468.1793
452.100,-167.0837,-161.3875,-468.4883
452.200,-167.1260,-161.4053,-468.7975
452.300,-167.1664,-161.4234,-469.1067
452.400,-167.2050,-161.4418,-469.4162
452.500,-167.2421,-161.4604,-469.7257
452.600,-167.2778,-161.4793,-470.0354
452.700,-167.3127,-161.4982,-470.3453
452.800,-167.3469,-161.5171,-470.6554
452.900,-167.3808,-161.5359,-470.9655
453.000,-167.4149,-161.5545,-471.2759
453.100,-167.4494,-161.5727,-471.5864
453.200,-167.4848,-161.5905,-471.8970
453.300,-167.5213,-161.6078,-472.2078
453.400,-167.5593,-161.6243,-472.5188
453.500,-167.5989,-161.6402,-472.8299
453.600,-167.6403,-161.6553,-473.1411
453.700,-167.6837,-161.6696,-473.4525
453.800,-167.7291,-161.6831,-473.7640
453.900,-167.7764,-161.6958,-474.0756
454.000,-167.8256,-161.7079,-474.3874
454.100,-167.8765,-161.7195,-474.6992
454.200,-167.9289,-161.7306,-475.0112
454.300,-167.9825,-161.7415,-475.3232
454.400,-168.0369,-161.7524,-475.6353
454.500,-168.0918,-161.7634,-475.9476
454.600,-168.1469,-161.7749,-476.2598
454.700,-168.2017,-161.7870,-476.5722
454.800,-168.2557,-161.8000,-476.8846
454.900,-168.3086,-161.8142,-477.1971
455.000,-168.3598,-161.8298,-477.5096
455.100,-168.4091,-161.8472,-477.8221
455.200,-168.4560,-161.8664,-478.1347
455.300,-168.5001,-161.8879,-478.4473
455.400,-168.5411,-161.9117,-478.7600
455.500,-168.5786,-161.9382,-479.0726
455.600,-168.6123,-161.9676,-479.3853
455.700,-168.6419,-162.0000,-479.6979
455.800,-168.6673,-162.0357,-480.0106
455.900,-168.6882,-162.0747,-480.3232
456.000,-168.7047,-162.1172,-480.6358
456.100,-168.7170,-162.1629,-480.9485
456.200,-168.7255,-162.2116,-481.2611
456.300,-168.7306,-162.2630,-481.5737
456.400,-168.7329,-162.3168,-481.8863
456.500,-168.7326,-162.3726,-482.1989
456.600,-168.7300,-162.4304,-482.5116
456.700,-168.7252,-162.4898,-482.8243
456.800,-168.7183,-162.5508,-483.1370
456.900,-168.7095,-162.6131,-483.4498
457.000,-168.6989,-162.6765,-483.7626
457.100,-168.6867,-162.7409,-484.0755
457.200,-168.6730,-162.8059,-484.3884
457.300,-168.6583,-162.8713,-484.7014
457.400,-168.6427,-162.9367,-485.0144
457.500,-168.6265,-163.0019,-485.3275
457.600,-168.6099,-163.0666,-485.6407
457.700,-168.5933,-163.1305,-485.9540
457.800,-168.5767,-163.1934,-486.2674
457.900,-168.5605,-163.2551,-486.5809
458.000,-168.5448,-163.3153,-486.8945
458.100,-168.5297,-163.3740,-487.2083
458.200,-168.5153,-163.4310,-487.5221
458.300,-168.5016,-163.4862,-487.8361
458.400,-168.4887,-163.5397,-488.1502
458.500,-168.4764,-163.5914,-488.4644
458.600,-168.4648,-163.6414,-488.7788
458.700,-168.4536,-163.6898,-489.0933
458.800,-168.4427,-163.7367,-489.4080
458.900,-168.4320,-163.7824,-489.7228
459.000,-168.4211,-163.8269,-490.0378
459.100,-168.4098,-163.8707,-490.3530
459.200,-168.3980,-163.9138,-490.6683
459.300,-168.3853,-163.9565,-490.9838
459.400,-168.3715,-163.9991,-491.2994
459.500,-168.3563,-164.0418,-491.6152
459.600,-168.3397,-164.0848,-491.9311
459.700,-168.3214,-164.1283,-492.2472
459.800,-168.3013,-164.1724,-492.5634
459.900,-168.2793,-164.2172,-492.8798
460.000,-168.2555,-164.2628,-493.1963
460.100,-168.2299,-164.3092,-493.5129
460.200,-168.2026,-164.3564,-493.8297
460.300,-168.1738,-164.4042,-494.1466
460.400,-168.1437,-164.4527,-494.4636
460.500,-168.1125,-164.5015,-494.7806
460.600,-168.0806,-164.5506,-495.0978
460.700,-168.0483,-164.5997,-495.4151
460.800,-168.0160,-164.6484,-495.7324
460.900,-167.9840,-164.6966,-496.0498
461.000,-167.9528,-164.7440,-496.3673
461.100,-167.9227,-164.7902,-496.6848
461.200,-167.8943,-164.8350,-497.0023
461.300,-167.8677,-164.8781,-497.3199
461.400,-167.8436,-164.9191,-497.6375
461.500,-167.8221,-164.9578,-497.9551
461.600,-167.8037,-164.9940,-498.2728
461.700,-167.7886,-165.0273,-498.5904
461.800,-167.7773,-165.0575,-498.9081
461.900,-167.7699,-165.0843,-499.2257
462.000,-167.7667,-165.1076,-499.5434
462.100,-167.7680,-165.1272,-499.8610
462.200,-167.7737,-165.1429,-500.1785
462.300,-167.7838,-165.1549,-500.4961
462.400,-167.7979,-165.1633,-500.8136
462.500,-167.8156,-165.1686,-501.1311
462.600,-167.8365,-165.1709,-501.4486
462.700,-167.8600,-165.1707,-501.7661
462.800,-167.8860,-165.1683,-502.0837
462.900,-167.9142,-165.1638,-502.4012
463.000,-167.9445,-165.1574,-502.7188
463.100,-167.9767,-165.1491,-503.0365
463.200,-168.0106,-165.1392,-503.3541
463.300,-168.0462,-165.1279,-503.6718
463.400,-168.0832,-165.1154,-503.9896
463.500,-168.1212,-165.1019,-504.3074
463.600,-168.1601,-165.0877,-504.6253
463.700,-168.1996,-165.0731,-504.9432
463.800,-168.2393,-165.0583,-505.2613
463.900,-168.2790,-165.0437,-505.5794
464.000,-168.3184,-165.0293,-505.8976
464.100,-168.3574,-165.0155,-506.2159
464.200,-168.3956,-165.0024,-506.5342
464.300,-168.4330,-164.9901,-506.8528
464.400,-168.4694,-164.9788,-507.1714
464.500,-168.5046,-164.9686,-507.4901
464.600,-168.5388,-164.9595,-507.8090
464.700,-168.5718,-164.9514,-508.1280
464.800,-168.6037,-164.9444,-508.4471
464.900,-168.6346,-164.9384,-508.7664
465.000,-168.6646,-164.9332,-509.0859
465.100,-168.6938,-164.9287,-509.4054
465.200,-168.7225,-164.9246,-509.7251
465.300,-168.7508,-164.9208,-510.0450
465.400,-168.7790,-164.9171,-510.3650
465.500,-168.8074,-164.9133,-510.6852
465.600,-168.8360,-164.9090,-511.0055
465.700,-168.8653,-164.9041,-511.3260
465.800,-168.8953,-164.8984,-511.6466
465.900,-168.9263,-164.8918,-511.9674
466.000,-168.9583,-164.8840,-512.2883
466.100,-168.9916,-164.8750,-512.6093
466.200,-169.0260,-164.8647,-512.9304
466.300,-169.0617,-164.8532,-513.2517
466.400,-169.0985,-164.8404,-513.5731
466.500,-169.1364,-164.8264,-513.8946
466.600,-169.1752,-164.8115,-514.2162
466.700,-169.2147,-164.7956,-514.5379
466.800,-169.2546,-164.7792,-514.8597
466.900,-169.2947,-164.7623,-515.1816
467.000,-169.3347,-164.7454,-515.5036
467.100,-169.3742,-164.7286,-515.8256
467.200,-169.4129,-164.7123,-516.1477
467.300,-169.4503,-164.6969,-516.4698
467.400,-169.4862,-164.6826,-516.7920
467.500,-169.5202,-164.6698,-517.1142
467.600,-169.5519,-164.6587,-517.4365
467.700,-169.5810,-164.6498,-517.7588
467.800,-169.6071,-164.6432,-518.0811
467.900,-169.6299,-164.6392,-518.4034
468.000,-169.6492,-164.6382,-518.7258
468.100,-169.6645,-164.6403,-519.0481
468.200,-169.6757,-164.6458,-519.3705
468.300,-169.6826,-164.6548,-519.6928
468.400,-169.6848,-164.6675,-520.0151
468.500,-169.6826,-164.6839,-520.3374
468.600,-169.6759,-164.7038,-520.6596
468.700,-169.6653,-164.7268,-520.9819
468.800,-169.6510,-164.7527,-521.3041
468.900,-169.6335,-164.7809,-521.6264
469.000,-169.6133,-164.8113,-521.9486
469.100,-169.5905,-164.8437,-522.2709
469.200,-169.5654,-164.8778,-522.5932
469.300,-169.5381,-164.9137,-522.9156
469.400,-169.5088,-164.9511,-523.2380
469.500,-169.4777,-164.9900,-523.5604
469.600,-169.4450,-165.0301,-523.8829
469.700,-169.4112,-165.0713,-524.2054
469.800,-169.3763,-165.1132,-524.5280
469.900,-169.3409,-165.1558,-524.8506
470.000,-169.3051,-165.1987,-525.1734
470.100,-169.2693,-165.2416,-525.4962
470.200,-169.2337,-165.2844,-525.8191
470.300,-169.1987,-165.3268,-526.1420
470.400,-169.1644,-165.3687,-526.4651
470.500,-169.1310,-165.4098,-526.7883
470.600,-169.0987,-165.4500,-527.1116
470.700,-169.0676,-165.4892,-527.4350
470.800,-169.0377,-165.5274,-527.7586
470.900,-169.0089,-165.5644,-528.0823
471.000,-168.9813,-165.6003,-528.4061
471.100,-168.9548,-165.6352,-528.7301
471.200,-168.9292,-165.6690,-529.0542
471.300,-168.9043,-165.7019,-529.3784
471.400,-168.8798,-165.7340,-529.7028
471.500,-168.8556,-165.7654,-530.0274
471.600,-168.8314,-165.7965,-530.3521
471.700,-168.8068,-165.8272,-530.6770
471.800,-168.7815,-165.8579,-531.0020
471.900,-168.7554,-165.8888,-531.3272
472.000,-168.7281,-165.9199,-531.6525
472.100,-168.6994,-165.9515,-531.9780
472.200,-168.6692,-165.9836,-532.3037
472.300,-168.6373,-166.0165,-532.6295
472.400,-168.6035,-166.0501,-532.9554
472.500,-168.5680,-166.0846,-533.2814
472.600,-168.5307,-166.1198,-533.6076
472.700,-168.4917,-166.1557,-533.9339
472.800,-168.4512,-166.1922,-534.2603
472.900,-168.4094,-166.2293,-534.5869
473.000,-168.3666,-166.2666,-534.9135
473.100,-168.3230,-166.3040,-535.2402
473.200,-168.2791,-166.3412,-535.5670
473.300,-168.2351,-166.3780,-535.8938
473.400,-168.1915,-166.4141,-536.2208
473.500,-168.1488,-166.4491,-536.5477
473.600,-168.1072,-166.4828,-536.8748
473.700,-168.0672,-166.5149,-537.2018
473.800,-168.0292,-166.5451,-537.5289
473.900,-167.9937,-166.5730,-537.8560
474.000,-167.9609,-166.5984,-538.1832
474.100,-167.9312,-166.6210,-538.5103
474.200,-167.9049,-166.6406,-538.8375
474.300,-167.8824,-166.6568,-539.1646
474.400,-167.8639,-166.6694,-539.4917
474.500,-167.8498,-166.6783,-539.8188
474.600,-167.8401,-166.6831,-540.1459
474.700,-167.8349,-166.6838,-540.4729
474.800,-167.8342,-166.6805,-540.7999
474.900,-167.8376,-166.6734,-541.1269
475.000,-167.8447,-166.6629,-541.4539
475.100,-167.8549,-166.6493,-541.7808
475.200,-167.8679,-166.6330,-542.1078
475.300,-167.8833,-166.6143,-542.4347
475.400,-167.9010,-166.5934,-542.7617
475.500,-167.9208,-166.5704,-543.0887
475.600,-167.9427,-166.5456,-543.4158
475.700,-167.9664,-166.5191,-543.7429
475.800,-167.9919,-166.4911,-544.0700
475.900,-168.0189,-166.4618,-544.3972
476.000,-168.0471,-166.4316,-544.7244
476.100,-168.0765,-166.4006,-545.0517
476.200,-168.1065,-166.3693,-545.3790
476.300,-168.1371,-166.3377,-545.7064
476.400,-168.1680,-166.3063,-546.0339
476.500,-168.1989,-166.2753,-546.3615
476.600,-168.2295,-166.2448,-546.6892
476.700,-168.2598,-166.2151,-547.0169
476.800,-168.2896,-166.1863,-547.3448
476.900,-168.3187,-166.1585,-547.6728
477.000,-168.3470,-166.1319,-548.0009
477.100,-168.3744,-166.1065,-548.3291
477.200,-168.4011,-166.0823,-548.6575
477.300,-168.4269,-166.0592,-548.9860
477.400,-168.4519,-166.0371,-549.3146
477.500,-168.4764,-166.0160,-549.6433
477.600,-168.5002,-165.9957,-549.9722
477.700,-168.5238,-165.9760,-550.3013
477.800,-168.5471,-165.9567,-550.6304
477.900,-168.5705,-165.9377,-550.9598
478.000,-168.5940,-165.9185,-551.2892
478.100,-168.6180,-165.8992,-551.6188
478.200,-168.6426,-165.8793,-551.9486
478.300,-168.6680,-165.8589,-552.2785
478.400,-168.6943,-165.8376,-552.6085
478.500,-168.7216,-165.8154,-552.9387
478.600,-168.7500,-165.7921,-553.2689
478.700,-168.7796,-165.7678,-553.5994
478.800,-168.8103,-165.7424,-553.9299
478.900,-168.8420,-165.7160,-554.2605
479.000,-168.8746,-165.6886,-554.5912
479.100,-168.9081,-165.6604,-554.9221
479.200,-168.9421,-165.6316,-555.2530
479.300,-168.9764,-165.6024,-555.5840
479.400,-169.0107,-165.5730,-555.9151
479.500,-169.0448,-165.5438,-556.2463
479.600,-169.0782,-165.5150,-556.5775
479.700,-169.1107,-165.4869,-556.9088
479.800,-169.1419,-165.4600,-557.2401
479.900,-169.1715,-165.4344,-557.5715
480.000,-169.1990,-165.4105,-557.9029
480.100,-169.2241,-165.3887,-558.2343
480.200,-169.2465,-165.3692,-558.5658
480.300,-169.2659,-165.3523,-558.8973
480.400,-169.2819,-165.3383,-559.2288
480.500,-169.2943,-165.3275,-559.5603
480.600,-169.3027,-165.3201,-559.8918
480.700,-169.3069,-165.3164,-560.2233
480.800,-169.3067,-165.3165,-560.5548
480.900,-169.3019,-165.3207,-560.8862
481.000,-169.2925,-165.3288,-561.2176
481.100,-169.2786,-165.3407,-561.5490
481.200,-169.2607,-165.3561,-561.8804
481.300,-169.2392,-165.3746,-562.2118
481.400,-169.2144,-165.3959,-562.5431
481.500,-169.1869,-165.4196,-562.8745
481.600,-169.1567,-165.4455,-563.2059
481.700,-169.1243,-165.4734,-563.5373
481.800,-169.0896,-165.5032,-563.8688
481.900,-169.0529,-165.5349,-564.2002
482.000,-169.0143,-165.5681,-564.5318
482.100,-168.9742,-165.6028,-564.8633
482.200,-168.9328,-165.6387,-565.1949
482.300,-168.8904,-165.6755,-565.5266
482.400,-168.8473,-165.7130,-565.8584
482.500,-168.8038,-165.7509,-566.1902
482.600,-168.7602,-165.7890,-566.5220
482.700,-168.7167,-165.8270,-566.8540
482.800,-168.6737,-165.8647,-567.1861
482.900,-168.6313,-165.9019,-567.5182
483.000,-168.5898,-165.9384,-567.8505
483.100,-168.5493,-165.9740,-568.1828
483.200,-168.5098,-166.0088,-568.5153
483.300,-168.4715,-166.0425,-568.8479
483.400,-168.4344,-166.0751,-569.1807
483.500,-168.3985,-166.1067,-569.5135
483.600,-168.3636,-166.1373,-569.8465
483.700,-168.3296,-166.1670,-570.1797
483.800,-168.2964,-166.1958,-570.5130
483.900,-168.2638,-166.2241,-570.8464
484.000,-168.2315,-166.2519,-571.1800
484.100,-168.1993,-166.2794,-571.5138
484.200,-168.1670,-166.3069,-571.8477
484.300,-168.1343,-166.3346,-572.1818
484.400,-168.1008,-166.3627,-572.5160
484.500,-168.0665,-166.3913,-572.8503
484.600,-168.0311,-166.4207,-573.1849
484.700,-167.9944,-166.4510,-573.5195
484.800,-167.9564,-166.4823,-573.8543
484.900,-167.9169,-166.5147,-574.1892
485.000,-167.8759,-166.5481,-574.5243
485.100,-167.8335,-166.5827,-574.8595
485.200,-167.7898,-166.6182,-575.1948
485.300,-167.7449,-166.6547,-575.5302
485.400,-167.6991,-166.6918,-575.8657
485.500,-167.6525,-166.7294,-576.2013
485.600,-167.6056,-166.7673,-576.5370
485.700,-167.5585,-166.8052,-576.8728
485.800,-167.5117,-166.8428,-577.2086
485.900,-167.4656,-166.8797,-577.5445
486.000,-167.4205,-166.9156,-577.8805
486.100,-167.3768,-166.9502,-578.2165
486.200,-167.3350,-166.9831,-578.5525
486.300,-167.2953,-167.0140,-578.8886
486.400,-167.2581,-167.0426,-579.2246
486.500,-167.2239,-167.0686,-579.5607
486.600,-167.1929,-167.0916,-579.8968
486.700,-167.1655,-167.1113,-580.2329
486.800,-167.1419,-167.1276,-580.5690
486.900,-167.1225,-167.1401,-580.9050
487.000,-167.1075,-167.1485,-581.2410
487.100,-167.0971,-167.1528,-581.5770
487.200,-167.0914,-167.1527,-581.9130
487.300,-167.0903,-167.1485,-582.2489
487.400,-167.0934,-167.1403,-582.5848
487.500,-167.1004,-167.1286,-582.9207
487.600,-167.1108,-167.1138,-583.2565
487.700,-167.1242,-167.0962,-583.5924
487.800,-167.1401,-167.0763,-583.9282
487.900,-167.1584,-167.0541,-584.2641
488.000,-167.1791,-167.0299,-584.6000
488.100,-167.2018,-167.0037,-584.9359
488.200,-167.2265,-166.9757,-585.2719
488.300,-167.2531,-166.9461,-585.6079
488.400,-167.2812,-166.9151,-585.9439
488.500,-167.3106,-166.8829,-586.2800
488.600,-167.3411,-166.8499,-586.6161
488.700,-167.3724,-166.8161,-586.9523
488.800,-167.4042,-166.7820,-587.2886
488.900,-167.4362,-166.7477,-587.6250
489.000,-167.4683,-166.7135,-587.9614
489.100,-167.5002,-166.6796,-588.2979
489.200,-167.5317,-166.6461,-588.6345
489.300,-167.5626,-166.6133,-588.9712
489.400,-167.5928,-166.5812,-589.3080
489.500,-167.6222,-166.5500,-589.6449
489.600,-167.6507,-166.5197,-589.9819
489.700,-167.6784,-166.4904,-590.3191
489.800,-167.7053,-166.4619,-590.6564
489.900,-167.7314,-166.4343,-590.9938
490.000,-167.7568,-166.4075,-591.3313
490.100,-167.7817,-166.3814,-591.6690
490.200,-167.8063,-166.3558,-592.0068
490.300,-167.8307,-166.3305,-592.3447
490.400,-167.8551,-166.3055,-592.6828
490.500,-167.8798,-166.2805,-593.0210
490.600,-167.9049,-166.2553,-593.3594
490.700,-167.9307,-166.2298,-593.6979
490.800,-167.9573,-166.2039,-594.0365
490.900,-167.9848,-166.1773,-594.3753
491.000,-168.0135,-166.1501,-594.7141
491.100,-168.0432,-166.1221,-595.0531
491.200,-168.0742,-166.0933,-595.3922
491.300,-168.1063,-166.0638,-595.7315
491.400,-168.1395,-166.0336,-596.0708
491.500,-168.1736,-166.0027,-596.4102
491.600,-168.2086,-165.9714,-596.7498
491.700,-168.2441,-165.9399,-597.0894
491.800,-168.2799,-165.9083,-597.4291
491.900,-168.3158,-165.8769,-597.7688
492.000,-168.3514,-165.8459,-598.1086
492.100,-168.3863,-165.8157,-598.4485
492.200,-168.4203,-165.7866,-598.7885
492.300,-168.4529,-165.7588,-599.1285
492.400,-168.4838,-165.7327,-599.4685
492.500,-168.5126,-165.7086,-599.8085
492.600,-168.5390,-165.6867,-600.1486
492.700,-168.5627,-165.6674,-600.4887
492.800,-168.5832,-165.6510,-600.8288
492.900,-168.6003,-165.6377,-601.1690
493.000,-168.6137,-165.6278,-601.5091
493.100,-168.6230,-165.6215,-601.8492
493.200,-168.6281,-165.6192,-602.1893
493.300,-168.6287,-165.6209,-602.5294
493.400,-168.6246,-165.6269,-602.8694
493.500,-168.6159,-165.6372,-603.2094
493.600,-168.6027,-165.6516,-603.5494
493.700,-168.5854,-165.6699,-603.8894
493.800,-168.5645,-165.6915,-604.2294
493.900,-168.5404,-165.7162,-604.5693
494.000,-168.5135,-165.7437,-604.9093
494.100,-168.4840,-165.7735,-605.2492
494.200,-168.4522,-165.8056,-605.5892
494.300,-168.4181,-165.8399,-605.9293
494.400,-168.3820,-165.8760,-606.2693
494.500,-168.3440,-165.9140,-606.6094
494.600,-168.3043,-165.9534,-606.9495
494.700,-168.2632,-165.9941,-607.2897
494.800,-168.2209,-166.0357,-607.6299
494.900,-168.1778,-166.0780,-607.9702
495.000,-168.1341,-166.1207,-608.3106
495.100,-168.0901,-166.1635,-608.6510
495.200,-168.0460,-166.2062,-608.9915
495.300,-168.0021,-166.2484,-609.3321
495.400,-167.9587,-166.2900,-609.6728
495.500,-167.9158,-166.3308,-610.0136
495.600,-167.8737,-166.3706,-610.3545
495.700,-167.8325,-166.4093,-610.6955
495.800,-167.7923,-166.4469,-611.0366
495.900,-167.7530,-166.4833,-611.3779
496.000,-167.7147,-166.5185,-611.7193
496.100,-167.6773,-166.5526,-612.0608
496.200,-167.6407,-166.5857,-612.4025
496.300,-167.6048,-166.6180,-612.7443
496.400,-167.5694,-166.6496,-613.0863
496.500,-167.5344,-166.6808,-613.4284
496.600,-167.4994,-166.7117,-613.7706
496.700,-167.4644,-166.7427,-614.1130
496.800,-167.4290,-166.7739,-614.4556
496.900,-167.3931,-166.8057,-614.7983
497.000,-167.3565,-166.8382,-615.1412
497.100,-167.3190,-166.8717,-615.4842
497.200,-167.2804,-166.9062,-615.8273
497.300,-167.2407,-166.9420,-616.1706
497.400,-167.1998,-166.9791,-616.5140
497.500,-167.1577,-167.0175,-616.8576
497.600,-167.1145,-167.0572,-617.2012
497.700,-167.0702,-167.0981,-617.5450
497.800,-167.0251,-167.1401,-617.8889
497.900,-166.9793,-167.1830,-618.2329
498.000,-166.9330,-167.2265,-618.5770
498.100,-166.8867,-167.2705,-618.9211
498.200,-166.8405,-167.3145,-619.2653
498.300,-166.7948,-167.3583,-619.6096
498.400,-166.7500,-167.4015,-619.9540
498.500,-166.7064,-167.4437,-620.2984
498.600,-166.6645,-167.4845,-620.6428
498.700,-166.6245,-167.5237,-620.9873
498.800,-166.5869,-167.5607,-621.3318
498.900,-166.5520,-167.5954,-621.6763
499.000,-166.5201,-167.6273,-622.0208
499.100,-166.4916,-167.6560,-622.3653
499.200,-166.4667,-167.6814,-622.7098
499.300,-166.4458,-167.7031,-623.0543
499.400,-166.4292,-167.7208,-623.3988
499.500,-166.4171,-167.7342,-623.7432
499.600,-166.4097,-167.7433,-624.0876
499.700,-166.4071,-167.7479,-624.4319
499.800,-166.4092,-167.7481,-624.7763
499.900,-166.4158,-167.7442,-625.1205
500.000,-166.4264,-167.7366,-625.4648
500.100,-166.4405,-167.7259,-625.8090
500.200,-166.4577,-167.7124,-626.1532
500.300,-166.4777,-167.6964,-626.4975
500.400,-166.5002,-167.6782,-626.8417
500.500,-166.5251,-167.6578,-627.1860
500.600,-166.5522,-167.6354,-627.5302
500.700,-166.5813,-167.6111,-627.8746
500.800,-166.6123,-167.5850,-628.2189
500.900,-166.6448,-167.5574,-628.5633
501.000,-166.6788,-167.5285,-628.9077
501.100,-166.7138,-167.4984,-629.2522
501.200,-166.7496,-167.4674,-629.5967
501.300,-166.7859,-167.4358,-629.9413
501.400,-166.8225,-167.4038,-630.2860
501.500,-166.8590,-167.3715,-630.6307
501.600,-166.8954,-167.3393,-630.9755
501.700,-166.9313,-167.3073,-631.3205
501.800,-166.9666,-167.2755,-631.6655
501.900,-167.0011,-167.2443,-632.0106
502.000,-167.0349,-167.2136,-632.3558
502.100,-167.0677,-167.1836,-632.7011
502.200,-167.0996,-167.1542,-633.0465
502.300,-167.1307,-167.1255,-633.3921
502.400,-167.1609,-167.0975,-633.7377
502.500,-167.1905,-167.0700,-634.0835
502.600,-167.2195,-167.0431,-634.4295
502.700,-167.2481,-167.0165,-634.7755
502.800,-167.2764,-166.9902,-635.1217
502.900,-167.3048,-166.9641,-635.4681
503.000,-167.3334,-166.9379,-635.8145
503.100,-167.3623,-166.9117,-636.1611
503.200,-167.3919,-166.8851,-636.5078
503.300,-167.4222,-166.8582,-636.8546
503.400,-167.4535,-166.8307,-637.2016
503.500,-167.4858,-166.8027,-637.5487
503.600,-167.5191,-166.7742,-637.8959
503.700,-167.5536,-166.7450,-638.2432
503.800,-167.5892,-166.7153,-638.5906
503.900,-167.6258,-166.6851,-638.9381
504.000,-167.6632,-166.6545,-639.2857
504.100,-167.7014,-166.6237,-639.6334
504.200,-167.7401,-166.5929,-639.9812
504.300,-167.7791,-166.5622,-640.3290
504.400,-167.8179,-166.5320,-640.6770
504.500,-167.8565,-166.5025,-641.0249
504.600,-167.8943,-166.4739,-641.3730
504.700,-167.9310,-166.4467,-641.7211
504.800,-167.9663,-166.4210,-642.0692
504.900,-167.9997,-166.3971,-642.4173
505.000,-168.0310,-166.3755,-642.7655
505.100,-168.0598,-166.3563,-643.1137
505.200,-168.0858,-166.3399,-643.4620
505.300,-168.1085,-166.3265,-643.8102
505.400,-168.1277,-166.3165,-644.1584
505.500,-168.1431,-166.3100,-644.5067
505.600,-168.1545,-166.3073,-644.8549
505.700,-168.1614,-166.3088,-645.2031
505.800,-168.1638,-166.3146,-645.5513
505.900,-168.1614,-166.3248,-645.8994
506.000,-168.1543,-166.3396,-646.2475
506.100,-168.1427,-166.3587,-646.5956
506.200,-168.1269,-166.3819,-646.9436
506.300,-168.1074,-166.4088,-647.2917
506.400,-168.0846,-166.4389,-647.6397
506.500,-168.0590,-166.4720,-647.9877
506.600,-168.0309,-166.5076,-648.3358
506.700,-168.0003,-166.5457,-648.6838
506.800,-167.9674,-166.5861,-649.0319
506.900,-167.9323,-166.6285,-649.3800
507.000,-167.8953,-166.6728,-649.7282
507.100,-167.8565,-166.7186,-650.0763
507.200,-167.8162,-166.7657,-650.4246
507.300,-167.7747,-166.8139,-650.7728
507.400,-167.7321,-166.8627,-651.1212
507.500,-167.6888,-166.9120,-651.4696
507.600,-167.6451,-166.9613,-651.8180
507.700,-167.6012,-167.0104,-652.1666
507.800,-167.5573,-167.0591,-652.5152
507.900,-167.5137,-167.1071,-652.8639
508.000,-167.4706,-167.1542,-653.2128
508.100,-167.4280,-167.2002,-653.5617
508.200,-167.3862,-167.2451,-653.9107
508.300,-167.3452,-167.2887,-654.2599
508.400,-167.3051,-167.3311,-654.6092
508.500,-167.2658,-167.3722,-654.9586
508.600,-167.2273,-167.4121,-655.3081
508.700,-167.1895,-167.4510,-655.6578
508.800,-167.1524,-167.4890,-656.0077
508.900,-167.1157,-167.5263,-656.3576
509.000,-167.0792,-167.5631,-656.7077
509.100,-167.0429,-167.5997,-657.0580
509.200,-167.0065,-167.6363,-657.4084
509.300,-166.9697,-167.6733,-657.7590
509.400,-166.9325,-167.7107,-658.1097
509.500,-166.8945,-167.7490,-658.4606
509.600,-166.8557,-167.7882,-658.8116
509.700,-166.8160,-167.8286,-659.1627
509.800,-166.7752,-167.8703,-659.5140
509.900,-166.7333,-167.9134,-659.8654
510.000,-166.6903,-167.9579,-660.2169
510.100,-166.6463,-168.0038,-660.5686
510.200,-166.6013,-168.0509,-660.9203
510.300,-166.5556,-168.0991,-661.2722
510.400,-166.5094,-168.1483,-661.6242
510.500,-166.4629,-168.1982,-661.9762
510.600,-166.4163,-168.2485,-662.3283
510.700,-166.3701,-168.2989,-662.6805
510.800,-166.3245,-168.3489,-663.0328
510.900,-166.2798,-168.3984,-663.3851
511.000,-166.2366,-168.4468,-663.7375
511.100,-166.1950,-168.4937,-664.0898
511.200,-166.1556,-168.5389,-664.4423
511.300,-166.1186,-168.5818,-664.7947
511.400,-166.0844,-168.6222,-665.1472
511.500,-166.0533,-168.6597,-665.4996
511.600,-166.0256,-168.6939,-665.8521
511.700,-166.0017,-168.7245,-666.2045
511.800,-165.9819,-168.7513,-666.5569
511.900,-165.9664,-168.7739,-666.9093
512.000,-165.9555,-168.7920,-667.2617
512.100,-165.9494,-168.8055,-667.6140
512.200,-165.9483,-168.8143,-667.9663
512.300,-165.9520,-168.8186,-668.3185
512.400,-165.9602,-168.8185,-668.6707
512.500,-165.9725,-168.8146,-669.0228
512.600,-165.9885,-168.8074,-669.3750
512.700,-166.0076,-168.7973,-669.7271
512.800,-166.0296,-168.7846,-670.0792
512.900,-166.0541,-168.7696,-670.4313
513.000,-166.0811,-168.7524,-670.7835
513.100,-166.1103,-168.7330,-671.1356
513.200,-166.1417,-168.7116,-671.4878
513.300,-166.1749,-168.6883,-671.8400
513.400,-166.2098,-168.6634,-672.1923
513.500,-166.2460,-168.6369,-672.5446
513.600,-166.2835,-168.6092,-672.8969
513.700,-166.3217,-168.5804,-673.2493
513.800,-166.3606,-168.5508,-673.6017
513.900,-166.3998,-168.5207,-673.9542
514.000,-166.4390,-168.4901,-674.3068
514.100,-166.4781,-168.4594,-674.6595
514.200,-166.5169,-168.4287,-675.0122
514.300,-166.5551,-168.3981,-675.3650
514.400,-166.5926,-168.3678,-675.7179
514.500,-166.6294,-168.3380,-676.0709
514.600,-166.6653,-168.3085,-676.4241
514.700,-166.7004,-168.2797,-676.7773
514.800,-166.7347,-168.2513,-677.1306
514.900,-166.7681,-168.2234,-677.4841
515.000,-166.8009,-168.1960,-677.8377
515.100,-166.8332,-168.1690,-678.1914
515.200,-166.8650,-168.1423,-678.5452
515.300,-166.8966,-168.1158,-678.8992
515.400,-166.9281,-168.0894,-679.2533
515.500,-166.9598,-168.0630,-679.6075
515.600,-166.9918,-168.0364,-679.9618
515.700,-167.0243,-168.0095,-680.3162
515.800,-167.0575,-167.9822,-680.6708
515.900,-167.0914,-167.9545,-681.0255
516.000,-167.1262,-167.9263,-681.3803
516.100,-167.1620,-167.8976,-681.7352
516.200,-167.1987,-167.8684,-682.0902
516.300,-167.2363,-167.8387,-682.4453
516.400,-167.2748,-167.8087,-682.8006
516.500,-167.3140,-167.7784,-683.1559
516.600,-167.3537,-167.7480,-683.5112
516.700,-167.3937,-167.7177,-683.8667
516.800,-167.4338,-167.6878,-684.2222
516.900,-167.4736,-167.6584,-684.5778
517.000,-167.5130,-167.6298,-684.9335
517.100,-167.5514,-167.6024,-685.2892
517.200,-167.5886,-167.5764,-685.6449
517.300,-167.6243,-167.5522,-686.0007
517.400,-167.6580,-167.5299,-686.3565
517.500,-167.6894,-167.5100,-686.7123
517.600,-167.7181,-167.4928,-687.0682
517.700,-167.7440,-167.4784,-687.4240
517.800,-167.7665,-167.4672,-687.7799
517.900,-167.7854,-167.4595,-688.1358
518.000,-167.8004,-167.4556,-688.4916
518.100,-167.8112,-167.4556,-688.8475
518.200,-167.8176,-167.4599,-689.2033
518.300,-167.8193,-167.4688,-689.5591
518.400,-167.8162,-167.4822,-689.9148
518.500,-167.8082,-167.5004,-690.2706
518.600,-167.7957,-167.5232,-690.6262
518.700,-167.7788,-167.5502,-690.9819
518.800,-167.7582,-167.5810,-691.3375
518.900,-167.7342,-167.6153,-691.6931
519.000,-167.7072,-167.6527,-692.0487
519.100,-167.6776,-167.6928,-692.4044
519.200,-167.6455,-167.7354,-692.7600
519.300,-167.6109,-167.7804,-693.1157
519.400,-167.5742,-167.8276,-693.4714
519.500,-167.5354,-167.8768,-693.8271
519.600,-167.4948,-167.9276,-694.1828
519.700,-167.4526,-167.9798,-694.5386
519.800,-167.4091,-168.0331,-694.8945
519.900,-167.3645,-168.0871,-695.2504
520.000,-167.3192,-168.1416,-695.6063
520.100,-167.2733,-168.1962,-695.9624
520.200,-167.2273,-168.2507,-696.3185
520.300,-167.1812,-168.3048,-696.6747
520.400,-167.1354,-168.3581,-697.0310
520.500,-167.0899,-168.4107,-697.3873
520.600,-167.0451,-168.4621,-697.7438
520.700,-167.0010,-168.5124,-698.1004
520.800,-166.9577,-168.5615,-698.4571
520.900,-166.9152,-168.6093,-698.8140
521.000,-166.8735,-168.6558,-699.1709
521.100,-166.8326,-168.7012,-699.5280
521.200,-166.7924,-168.7455,-699.8853
521.300,-166.7529,-168.7888,-700.2426
521.400,-166.7137,-168.8315,-700.6002
521.500,-166.6749,-168.8737,-700.9578
521.600,-166.6361,-168.9156,-701.3156
521.700,-166.5972,-168.9576,-701.6736
521.800,-166.5579,-168.9999,-702.0317
521.900,-166.5182,-169.0427,-702.3900
522.000,-166.4777,-169.0863,-702.7484
522.100,-166.4363,-169.1310,-703.1069
522.200,-166.3940,-169.1768,-703.4656
522.300,-166.3506,-169.2239,-703.8244
522.400,-166.3061,-169.2724,-704.1833
522.500,-166.2605,-169.3223,-704.5424
522.600,-166.2139,-169.3736,-704.9016
522.700,-166.1663,-169.4262,-705.2609
522.800,-166.1180,-169.4798,-705.6203
522.900,-166.0692,-169.5344,-705.9798
523.000,-166.0200,-169.5897,-706.3394
523.100,-165.9709,-169.6453,-706.6990
523.200,-165.9221,-169.7009,-707.0587
523.300,-165.8739,-169.7561,-707.4185
523.400,-165.8268,-169.8106,-707.7783
523.500,-165.7811,-169.8640,-708.1382
523.600,-165.7371,-169.9159,-708.4981
523.700,-165.6953,-169.9658,-708.8581
523.800,-165.6560,-170.0134,-709.2180
523.900,-165.6195,-170.0582,-709.5780
524.000,-165.5863,-170.1001,-709.9379
524.100,-165.5565,-170.1384,-710.2979
524.200,-165.5306,-170.1731,-710.6578
524.300,-165.5088,-170.2037,-711.0178
524.400,-165.4915,-170.2298,-711.3777
524.500,-165.4788,-170.2514,-711.7375
524.600,-165.4711,-170.2681,-712.0973
524.700,-165.4683,-170.2799,-712.4571
524.800,-165.4704,-170.2869,-712.8168
524.900,-165.4772,-170.2894,-713.1764
525.000,-165.4881,-170.2879,-713.5360
525.100,-165.5027,-170.2829,-713.8956
525.200,-165.5205,-170.2748,-714.2552
525.300,-165.5412,-170.2641,-714.6147
525.400,-165.5644,-170.2509,-714.9743
525.500,-165.5902,-170.2353,-715.3339
525.600,-165.6182,-170.2175,-715.6935
525.700,-165.6483,-170.1977,-716.0531
525.800,-165.6804,-170.1758,-716.4127
525.900,-165.7142,-170.1521,-716.7724
526.000,-165.7495,-170.1269,-717.1321
526.100,-165.7860,-170.1002,-717.4919
526.200,-165.8235,-170.0724,-717.8517
526.300,-165.8617,-170.0437,-718.2115
526.400,-165.9003,-170.0143,-718.5714
526.500,-165.9392,-169.9844,-718.9314
526.600,-165.9780,-169.9542,-719.2914
526.700,-166.0166,-169.9238,-719.6515
526.800,-166.0549,-169.8936,-720.0117
526.900,-166.0926,-169.8635,-720.3720
527.000,-166.1297,-169.8337,-720.7324
527.100,-166.1661,-169.8042,-721.0929
527.200,-166.2018,-169.7752,-721.4535
527.300,-166.2367,-169.7466,-721.8142
527.400,-166.2710,-169.7185,-722.1750
527.500,-166.3047,-169.6907,-722.5359
527.600,-166.3379,-169.6633,-722.8970
527.700,-166.3707,-169.6362,-723.2581
527.800,-166.4033,-169.6091,-723.6194
527.900,-166.4358,-169.5822,-723.9808
528.000,-166.4685,-169.5552,-724.3423
528.100,-166.5013,-169.5280,-724.7039
528.200,-166.5346,-169.5006,-725.0656
528.300,-166.5683,-169.4729,-725.4275
528.400,-166.6027,-169.4447,-725.7895
528.500,-166.6379,-169.4161,-726.1515
528.600,-166.6737,-169.3871,-726.5137
528.700,-166.7103,-169.3576,-726.8760
528.800,-166.7477,-169.3277,-727.2384
528.900,-166.7856,-169.2976,-727.6008
529.000,-166.8240,-169.2673,-727.9634
529.100,-166.8627,-169.2371,-728.3260
529.200,-166.9016,-169.2070,-728.6887
529.300,-166.9402,-169.1774,-729.0514
529.400,-166.9785,-169.1485,-729.4142
529.500,-167.0160,-169.1206,-729.7771
529.600,-167.0524,-169.0939,-730.1400
529.700,-167.0875,-169.0689,-730.5030
529.800,-167.1208,-169.0456,-730.8659
529.900,-167.1520,-169.0246,-731.2289
530.000,-167.1809,-169.0060,-731.5920
530.100,-167.2070,-168.9901,-731.9550
530.200,-167.2300,-168.9774,-732.3181
530.300,-167.2496,-168.9679,-732.6811
530.400,-167.2656,-168.9621,-733.0442
530.500,-167.2776,-168.9602,-733.4072
530.600,-167.2853,-168.9625,-733.7702
530.700,-167.2885,-168.9692,-734.1332
530.800,-167.2870,-168.9805,-734.4961
530.900,-167.2805,-168.9967,-734.8591
531.000,-167.2692,-169.0178,-735.2219
531.100,-167.2531,-169.0436,-735.5848
531.200,-167.2327,-169.0739,-735.9476
531.300,-167.2083,-169.1081,-736.3103
531.400,-167.1805,-169.1460,-736.6731
531.500,-167.1497,-169.1870,-737.0359
531.600,-167.1160,-169.2309,-737.3986
531.700,-167.0798,-169.2775,-737.7614
531.800,-167.0410,-169.3266,-738.1242
531.900,-167.0001,-169.3780,-738.4870
532.000,-166.9570,-169.4314,-738.8499
532.100,-166.9120,-169.4866,-739.2128
532.200,-166.8654,-169.5433,-739.5757
532.300,-166.8175,-169.6011,-739.9387
532.400,-166.7685,-169.6598,-740.3017
532.500,-166.7188,-169.7190,-740.6648
532.600,-166.6685,-169.7783,-741.0280
532.700,-166.6181,-169.8376,-741.3912
532.800,-166.5677,-169.8965,-741.7545
532.900,-166.5175,-169.9548,-742.1179
533.000,-166.4678,-170.0122,-742.4814
533.100,-166.4188,-170.0686,-742.8450
533.200,-166.3704,-170.1238,-743.2088
533.300,-166.3230,-170.1778,-743.5726
533.400,-166.2764,-170.2306,-743.9366
533.500,-166.2307,-170.2820,-744.3007
533.600,-166.1858,-170.3323,-744.6649
533.700,-166.1417,-170.3815,-745.0292
533.800,-166.0982,-170.4298,-745.3937
533.900,-166.0552,-170.4774,-745.7584
534.000,-166.0125,-170.5245,-746.1232
534.100,-165.9698,-170.5714,-746.4881
534.200,-165.9270,-170.6184,-746.8532
534.300,-165.8839,-170.6656,-747.2184
534.400,-165.8402,-170.7135,-747.5838
534.500,-165.7958,-170.7622,-747.9493
534.600,-165.7504,-170.8119,-748.3150
534.700,-165.7041,-170.8629,-748.6808
534.800,-165.6565,-170.9152,-749.0468
534.900,-165.6078,-170.9689,-749.4128
535.000,-165.5580,-171.0241,-749.7790
535.100,-165.5070,-171.0807,-750.1453
535.200,-165.4551,-171.1386,-750.5118
535.300,-165.4023,-171.1977,-750.8783
535.400,-165.3490,-171.2576,-751.2449
535.500,-165.2953,-171.3182,-751.6116
535.600,-165.2416,-171.3792,-751.9784
535.700,-165.1882,-171.4401,-752.3452
535.800,-165.1354,-171.5007,-752.7121
535.900,-165.0836,-171.5605,-753.0791
536.000,-165.0333,-171.6190,-753.4461
536.100,-164.9847,-171.6760,-753.8131
536.200,-164.9383,-171.7309,-754.1802
536.300,-164.8944,-171.7833,-754.5472
536.400,-164.8534,-171.8330,-754.9143
536.500,-164.8157,-171.8794,-755.2814
536.600,-164.7815,-171.9223,-755.6485
536.700,-164.7512,-171.9612,-756.0155
536.800,-164.7252,-171.9959,-756.3826
536.900,-164.7036,-172.0260,-756.7496
537.000,-164.6868,-172.0512,-757.1165
537.100,-164.6749,-172.0714,-757.4834
537.200,-164.6682,-172.0865,-757.8503
537.300,-164.6664,-172.0966,-758.2171
537.400,-164.6692,-172.1020,-758.5838
537.500,-164.6763,-172.1032,-758.9505
537.600,-164.6871,-172.1007,-759.3171
537.700,-164.7011,-172.0950,-759.6838
537.800,-164.7179,-172.0866,-760.0504
537.900,-164.7374,-172.0756,-760.4170
538.000,-164.7593,-172.0622,-760.7837
538.100,-164.7835,-172.0464,-761.1503
538.200,-164.8098,-172.0284,-761.5170
538.300,-164.8382,-172.0084,-761.8837
538.400,-164.8683,-171.9865,-762.2504
538.500,-164.9001,-171.9629,-762.6171
538.600,-164.9331,-171.9378,-762.9839
538.700,-164.9672,-171.9114,-763.3507
538.800,-165.0022,-171.8840,-763.7176
538.900,-165.0377,-171.8558,-764.0845
539.000,-165.0736,-171.8270,-764.4515
539.100,-165.1097,-171.7977,-764.8185
539.200,-165.1457,-171.7683,-765.1857
539.300,-165.1815,-171.7388,-765.5529
539.400,-165.2170,-171.7093,-765.9201
539.500,-165.2520,-171.6801,-766.2875
539.600,-165.2865,-171.6511,-766.6550
539.700,-165.3204,-171.6225,-767.0225
539.800,-165.3538,-171.5942,-767.3902
539.900,-165.3866,-171.5662,-767.7579
540.000,-165.4189,-171.5386,-768.1258
540.100,-165.4507,-171.5113,-768.4938
540.200,-165.4823,-171.4842,-768.8619
540.300,-165.5137,-171.4572,-769.2301
540.400,-165.5450,-171.4303,-769.5984
540.500,-165.5763,-171.4034,-769.9668
540.600,-165.6078,-171.3763,-770.3353
540.700,-165.6396,-171.3490,-770.7039
540.800,-165.6719,-171.3214,-771.0727
540.900,-165.7046,-171.2935,-771.4415
541.000,-165.7378,-171.2653,-771.8105
541.100,-165.7717,-171.2367,-772.1795
541.200,-165.8060,-171.2078,-772.5486
541.300,-165.8409,-171.1787,-772.9178
541.400,-165.8761,-171.1494,-773.2871
541.500,-165.9116,-171.1201,-773.6565
541.600,-165.9472,-171.0910,-774.0260
541.700,-165.9826,-171.0623,-774.3955
541.800,-166.0177,-171.0341,-774.7650
541.900,-166.0522,-171.0069,-775.1347
542.000,-166.0857,-170.9807,-775.5043
542.100,-166.1181,-170.9559,-775.8740
542.200,-166.1488,-170.9329,-776.2438
542.300,-166.1777,-170.9119,-776.6136
542.400,-166.2044,-170.8932,-776.9834
542.500,-166.2286,-170.8771,-777.3532
542.600,-166.2500,-170.8639,-777.7230
542.700,-166.2682,-170.8539,-778.0928
542.800,-166.2829,-170.8474,-778.4626
542.900,-166.2939,-170.8447,-778.8325
543.000,-166.3010,-170.8460,-779.2023
543.100,-166.3037,-170.8517,-779.5720
543.200,-166.3018,-170.8619,-779.9418
543.300,-166.2952,-170.8770,-780.3115
543.400,-166.2837,-170.8971,-780.6812
543.500,-166.2672,-170.9222,-781.0508
543.600,-166.2459,-170.9523,-781.4204
543.700,-166.2201,-170.9869,-781.7899
543.800,-166.1904,-171.0258,-782.1594
543.900,-166.1571,-171.0684,-782.5290
544.000,-166.1206,-171.1144,-782.8985
544.100,-166.0813,-171.1634,-783.2680
544.200,-166.0393,-171.2152,-783.6375
544.300,-165.9948,-171.2697,-784.0070
544.400,-165.9479,-171.3265,-784.3766
544.500,-165.8990,-171.3855,-784.7462
544.600,-165.8481,-171.4464,-785.1158
544.700,-165.7956,-171.5088,-785.4855
544.800,-165.7418,-171.5724,-785.8552
544.900,-165.6869,-171.6370,-786.2250
545.000,-165.6313,-171.7020,-786.5948
545.100,-165.5752,-171.7673,-786.9647
545.200,-165.5190,-171.8325,-787.3347
545.300,-165.4629,-171.8973,-787.7048
545.400,-165.4071,-171.9615,-788.0749
545.500,-165.3519,-172.0247,-788.4452
545.600,-165.2974,-172.0869,-788.8155
545.700,-165.2438,-172.1479,-789.1860
545.800,-165.1910,-172.2075,-789.5566
545.900,-165.1393,-172.2659,-789.9273
546.000,-165.0885,-172.3229,-790.2982
546.100,-165.0386,-172.3787,-790.6691
546.200,-164.9896,-172.4334,-791.0403
546.300,-164.9413,-172.4871,-791.4115
546.400,-164.8934,-172.5401,-791.7829
546.500,-164.8459,-172.5926,-792.1545
546.600,-164.7985,-172.6449,-792.5262
546.700,-164.7510,-172.6973,-792.8980
546.800,-164.7031,-172.7500,-793.2700
546.900,-164.6545,-172.8034,-793.6422
547.000,-164.6052,-172.8578,-794.0145
547.100,-164.5549,-172.9133,-794.3869
547.200,-164.5035,-172.9701,-794.7595
547.300,-164.4508,-173.0284,-795.1323
547.400,-164.3968,-173.0884,-795.5051
547.500,-164.3416,-173.1499,-795.8781
547.600,-164.2852,-173.2129,-796.2512
547.700,-164.2276,-173.2774,-796.6244
547.800,-164.1691,-173.3432,-796.9977
547.900,-164.1100,-173.4100,-797.3711
548.000,-164.0504,-173.4775,-797.7446
548.100,-163.9906,-173.5455,-798.1182
548.200,-163.9311,-173.6135,-798.4919
548.300,-163.8722,-173.6812,-798.8656
548.400,-163.8142,-173.7481,-799.2393
548.500,-163.7576,-173.8139,-799.6131
548.600,-163.7028,-173.8779,-799.9869
548.700,-163.6501,-173.9399,-800.3608
548.800,-163.5999,-173.9993,-800.7347
548.900,-163.5527,-174.0558,-801.1085
549.000,-163.5087,-174.1090,-801.4824
549.100,-163.4683,-174.1585,-801.8563
549.200,-163.4318,-174.2039,-802.2302
549.300,-163.3996,-174.2449,-802.6040
549.400,-163.3719,-174.2811,-802.9778
549.500,-163.3490,-174.3123,-803.3515
549.600,-163.3312,-174.3382,-803.7252
549.700,-163.3185,-174.3588,-804.0988
549.800,-163.3108,-174.3741,-804.4724
549.900,-163.3078,-174.3846,-804.8459
550.000,-163.3090,-174.3907,-805.2194
550.100,-163.3139,-174.3930,-805.5928
550.200,-163.3220,-174.3920,-805.9662
550.300,-163.3330,-174.3881,-806.3396
550.400,-163.3465,-174.3817,-806.7130
550.500,-163.3625,-174.3727,-807.0864
550.600,-163.3808,-174.3613,-807.4598
550.700,-163.4012,-174.3476,-807.8332
550.800,-163.4237,-174.3318,-808.2066
550.900,-163.4480,-174.3140,-808.5801
551.000,-163.4739,-174.2944,-808.9535
551.100,-163.5013,-174.2732,-809.3271
551.200,-163.5298,-174.2506,-809.7006
551.300,-163.5593,-174.2269,-810.0742
551.400,-163.5895,-174.2022,-810.4478
551.500,-163.6202,-174.1767,-810.8215
551.600,-163.6512,-174.1508,-811.1953
551.700,-163.6823,-174.1244,-811.5691
551.800,-163.7134,-174.0979,-811.9430
551.900,-163.7444,-174.0712,-812.3169
552.000,-163.7750,-174.0447,-812.6910
552.100,-163.8054,-174.0183,-813.0651
552.200,-163.8353,-173.9920,-813.4393
552.300,-163.8647,-173.9661,-813.8136
552.400,-163.8938,-173.9403,-814.1880
552.500,-163.9225,-173.9149,-814.5625
552.600,-163.9508,-173.8896,-814.9371
552.700,-163.9789,-173.8646,-815.3118
552.800,-164.0068,-173.8397,-815.6866
552.900,-164.0346,-173.8148,-816.0615
553.000,-164.0625,-173.7899,-816.4365
553.100,-164.0905,-173.7650,-816.8116
553.200,-164.1186,-173.7399,-817.1868
553.300,-164.1471,-173.7146,-817.5620
553.400,-164.1759,-173.6892,-817.9374
553.500,-164.2050,-173.6635,-818.3129
553.600,-164.2346,-173.6376,-818.6885
553.700,-164.2644,-173.6116,-819.0641
553.800,-164.2945,-173.5856,-819.4399
553.900,-164.3248,-173.5595,-819.8157
554.000,-164.3552,-173.5337,-820.1915
554.100,-164.3854,-173.5082,-820.5675
554.200,-164.4152,-173.4833,-820.9435
554.300,-164.4445,-173.4592,-821.3195
554.400,-164.4730,-173.4361,-821.6956
554.500,-164.5004,-173.4144,-822.0717
554.600,-164.5264,-173.3942,-822.4479
554.700,-164.5508,-173.3759,-822.8241
554.800,-164.5731,-173.3598,-823.2003
554.900,-164.5931,-173.3461,-823.5766
555.000,-164.6106,-173.3353,-823.9528
555.100,-164.6252,-173.3275,-824.3291
555.200,-164.6365,-173.3230,-824.7054
555.300,-164.6444,-173.3222,-825.0816
555.400,-164.6486,-173.3253,-825.4579
555.500,-164.6488,-173.3325,-825.8341
555.600,-164.6446,-173.3442,-826.2103
555.700,-164.6360,-173.3607,-826.5865
555.800,-164.6225,-173.3822,-826.9626
555.900,-164.6041,-173.4088,-827.3387
556.000,-164.5808,-173.4407,-827.7148
556.100,-164.5527,-173.4778,-828.0908
556.200,-164.5201,-173.5196,-828.4667
556.300,-164.4834,-173.5658,-828.8427
556.400,-164.4431,-173.6160,-829.2186
556.500,-164.3996,-173.6697,-829.5945
556.600,-164.3531,-173.7267,-829.9705
556.700,-164.3039,-173.7866,-830.3464
556.800,-164.2522,-173.8493,-830.7224
556.900,-164.1981,-173.9146,-831.0984
557.000,-164.1418,-173.9821,-831.4744
557.100,-164.0837,-174.0515,-831.8505
557.200,-164.0239,-174.1225,-832.2266
557.300,-163.9629,-174.1948,-832.6028
557.400,-163.9009,-174.2680,-832.9790
557.500,-163.8382,-174.3416,-833.3552
557.600,-163.7752,-174.4154,-833.7316
557.700,-163.7121,-174.4891,-834.1080
557.800,-163.6493,-174.5622,-834.4845
557.900,-163.5869,-174.6345,-834.8611
558.000,-163.5252,-174.7058,-835.2379
558.100,-163.4644,-174.7759,-835.6147
558.200,-163.4045,-174.8445,-835.9916
558.300,-163.3458,-174.9117,-836.3687
558.400,-163.2882,-174.9774,-836.7459
558.500,-163.2317,-175.0416,-837.1232
558.600,-163.1762,-175.1044,-837.5006
558.700,-163.1217,-175.1660,-837.8782
558.800,-163.0680,-175.2265,-838.2560
558.900,-163.0149,-175.2862,-838.6339
559.000,-162.9621,-175.3453,-839.0119
559.100,-162.9094,-175.4043,-839.3902
559.200,-162.8566,-175.4634,-839.7685
559.300,-162.8034,-175.5230,-840.1470
559.400,-162.7495,-175.5833,-840.5257
559.500,-162.6947,-175.6448,-840.9045
559.600,-162.6388,-175.7076,-841.2835
559.700,-162.5816,-175.7720,-841.6626
559.800,-162.5229,-175.8381,-842.0419
559.900,-162.4628,-175.9062,-842.4213
560.000,-162.4013,-175.9761,-842.8008
560.100,-162.3382,-176.0478,-843.1805
560.200,-162.2739,-176.1214,-843.5603
560.300,-162.2085,-176.1965,-843.9401
560.400,-162.1421,-176.2729,-844.3201
560.500,-162.0751,-176.3503,-844.7002
560.600,-162.0077,-176.4284,-845.0803
560.700,-161.9405,-176.5068,-845.4605
560.800,-161.8736,-176.5850,-845.8408
560.900,-161.8076,-176.6625,-846.2212
561.000,-161.7429,-176.7389,-846.6015
561.100,-161.6798,-176.8138,-846.9820
561.200,-161.6187,-176.8866,-847.3624
561.300,-161.5602,-176.9568,-847.7429
561.400,-161.5045,-177.0241,-848.1234
561.500,-161.4520,-177.0879,-848.5038
561.600,-161.4031,-177.1480,-848.8843
561.700,-161.3582,-177.2038,-849.2648
561.800,-161.3175,-177.2551,-849.6452
561.900,-161.2813,-177.3013,-850.0256
562.000,-161.2500,-177.3424,-850.4059
562.100,-161.2237,-177.3779,-850.7862
562.200,-161.2026,-177.4079,-851.1665
562.300,-161.1864,-177.4325,-851.5466
562.400,-161.1750,-177.4519,-851.9267
562.500,-161.1677,-177.4669,-852.3068
562.600,-161.1642,-177.4779,-852.6868
562.700,-161.1637,-177.4856,-853.0668
562.800,-161.1661,-177.4904,-853.4468
562.900,-161.1709,-177.4925,-853.8267
563.000,-161.1781,-177.4921,-854.2067
563.100,-161.1876,-177.4892,-854.5867
563.200,-161.1992,-177.4840,-854.9667
563.300,-161.2129,-177.4766,-855.3467
563.400,-161.2284,-177.4671,-855.7267
563.500,-161.2455,-177.4556,-856.1067
563.600,-161.2642,-177.4425,-856.4868
563.700,-161.2841,-177.4278,-856.8669
563.800,-161.3050,-177.4118,-857.2470
563.900,-161.3268,-177.3948,-857.6272
564.000,-161.3492,-177.3768,-858.0075
564.100,-161.3721,-177.3581,-858.3877
564.200,-161.3953,-177.3389,-858.7681
564.300,-161.4186,-177.3192,-859.1485
564.400,-161.4420,-177.2994,-859.5289
564.500,-161.4652,-177.2794,-859.9095
564.600,-161.4883,-177.2594,-860.2901
564.700,-161.5111,-177.2395,-860.6708
564.800,-161.5336,-177.2196,-861.0515
564.900,-161.5559,-177.1999,-861.4324
565.000,-161.5779,-177.1804,-861.8133
565.100,-161.5996,-177.1610,-862.1943
565.200,-161.6212,-177.1417,-862.5754
565.300,-161.6426,-177.1226,-862.9566
565.400,-161.6639,-177.1035,-863.3379
565.500,-161.6852,-177.0844,-863.7193
565.600,-161.7065,-177.0654,-864.1008
565.700,-161.7279,-177.0463,-864.4823
565.800,-161.7495,-177.0272,-864.8640
565.900,-161.7712,-177.0080,-865.2457
566.000,-161.7931,-176.9888,-865.6275
566.100,-161.8152,-176.9696,-866.0094
566.200,-161.8374,-176.9505,-866.3914
566.300,-161.8596,-176.9315,-866.7734
566.400,-161.8818,-176.9128,-867.1555
566.500,-161.9037,-176.8945,-867.5376
566.600,-161.9254,-176.8769,-867.9198
566.700,-161.9464,-176.8600,-868.3021
566.800,-161.9668,-176.8441,-868.6844
566.900,-161.9861,-176.8295,-869.0668
567.000,-162.0042,-176.8163,-869.4492
567.100,-162.0207,-176.8050,-869.8316
567.200,-162.0355,-176.7957,-870.2140
567.300,-162.0482,-176.7888,-870.5965
567.400,-162.0586,-176.7845,-870.9790
567.500,-162.0663,-176.7832,-871.3614
567.600,-162.0712,-176.7850,-871.7439
567.700,-162.0729,-176.7903,-872.1264
567.800,-162.0711,-176.7994,-872.5089
567.900,-162.0657,-176.8125,-872.8914
568.000,-162.0563,-176.8299,-873.2738
568.100,-162.0426,-176.8519,-873.6563
568.200,-162.0245,-176.8788,-874.0387
568.300,-162.0018,-176.9109,-874.4210
568.400,-161.9741,-176.9483,-874.8034
568.500,-161.9416,-176.9911,-875.1856
568.600,-161.9044,-177.0393,-875.5679
568.700,-161.8626,-177.0925,-875.9501
568.800,-161.8168,-177.1504,-876.3323
568.900,-161.7674,-177.2124,-876.7145
569.000,-161.7147,-177.2783,-877.0966
569.100,-161.6590,-177.3476,-877.4788
569.200,-161.6004,-177.4200,-877.8611
569.300,-161.5394,-177.4954,-878.2433
569.400,-161.4759,-177.5735,-878.6256
569.500,-161.4103,-177.6539,-879.0079
569.600,-161.3429,-177.7363,-879.3902
569.700,-161.2740,-177.8204,-879.7726
569.800,-161.2039,-177.9056,-880.1551
569.900,-161.1330,-177.9915,-880.5376
570.000,-161.0615,-178.0779,-880.9201
570.100,-160.9899,-178.1642,-881.3028
570.200,-160.9185,-178.2500,-881.6855
570.300,-160.8475,-178.3351,-882.0684
570.400,-160.7772,-178.4191,-882.4513
570.500,-160.7079,-178.5017,-882.8344
570.600,-160.6398,-178.5827,-883.2175
570.700,-160.5729,-178.6619,-883.6008
570.800,-160.5073,-178.7393,-883.9842
570.900,-160.4432,-178.8148,-884.3678
571.000,-160.3804,-178.8884,-884.7514
571.100,-160.3189,-178.9604,-885.1353
571.200,-160.2585,-179.0308,-885.5193
571.300,-160.1991,-179.0999,-885.9034
571.400,-160.1404,-179.1681,-886.2877
571.500,-160.0822,-179.2357,-886.6722
571.600,-160.0240,-179.3030,-887.0568
571.700,-159.9657,-179.3705,-887.4416
571.800,-159.9069,-179.4386,-887.8265
571.900,-159.8473,-179.5077,-888.2116
572.000,-159.7866,-179.5782,-888.5969
572.100,-159.7245,-179.6505,-888.9823
572.200,-159.6608,-179.7247,-889.3679
572.300,-159.5954,-179.8013,-889.7536
572.400,-159.5282,-179.8802,-890.1395
572.500,-159.4591,-179.9616,-890.5255
572.600,-159.3882,179.9546,-890.9117
572.700,-159.3155,179.8684,-891.2979
572.800,-159.2413,179.7801,-891.6843
572.900,-159.1658,179.6899,-892.0708
573.000,-159.0892,179.5981,-892.4574
573.100,-159.0120,179.5052,-892.8441
573.200,-158.9345,179.4115,-893.2308
573.300,-158.8571,179.3177,-893.6177
573.400,-158.7802,179.2241,-894.0046
573.500,-158.7043,179.1313,-894.3915
573.600,-158.6298,179.0399,-894.7785
573.700,-158.5572,178.9505,-895.1655
573.800,-158.4869,178.8634,-895.5526
573.900,-158.4193,178.7792,-895.9396
574.000,-158.3549,178.6985,-896.3267
574.100,-158.2938,178.6217,-896.7138
574.200,-158.2367,178.5491,-897.1008
574.300,-158.1837,178.4813,-897.4879
574.400,-158.1352,178.4186,-897.8749
574.500,-158.0915,178.3613,-898.2619
574.600,-158.0528,178.3098,-898.6488
574.700,-158.0192,178.2640,-899.0356
574.800,-157.9905,178.2239,-899.4224
574.900,-157.9665,178.1891,-899.8092
575.000,-157.9465,178.1589,-900.1958
575.100,-157.9301,178.1326,-900.5825
575.200,-157.9167,178.1098,-900.9691
575.300,-157.9059,178.0898,-901.3557
575.400,-157.8975,178.0725,-901.7423
575.500,-157.8914,178.0577,-902.1289
575.600,-157.8874,178.0454,-902.5155
575.700,-157.8854,178.0354,-902.9021
575.800,-157.8854,178.0277,-903.2888
575.900,-157.8873,178.0221,-903.6754
576.000,-157.8908,178.0185,-904.0621
576.100,-157.8958,178.0168,-904.4488
576.200,-157.9021,178.0167,-904.8355
576.300,-157.9095,178.0181,-905.2222
576.400,-157.9179,178.0207,-905.6090
576.500,-157.9270,178.0244,-905.9958
576.600,-157.9368,178.0290,-906.3827
576.700,-157.9470,178.0344,-906.7696
576.800,-157.9575,178.0403,-907.1566
576.900,-157.9682,178.0466,-907.5436
577.000,-157.9790,178.0533,-907.9307
577.100,-157.9897,178.0602,-908.3178
577.200,-158.0004,178.0671,-908.7051
577.300,-158.0110,178.0742,-909.0923
577.400,-158.0214,178.0812,-909.4797
577.500,-158.0317,178.0882,-909.8671
577.600,-158.0418,178.0951,-910.2546
577.700,-158.0517,178.1019,-910.6422
577.800,-158.0616,178.1087,-911.0298
577.900,-158.0713,178.1153,-911.4176
578.000,-158.0809,178.1219,-911.8054
578.100,-158.0905,178.1283,-912.1932
578.200,-158.1001,178.1347,-912.5812
578.300,-158.1097,178.1409,-912.9692
578.400,-158.1193,178.1471,-913.3573
578.500,-158.1288,178.1530,-913.7455
578.600,-158.1383,178.1587,-914.1337
578.700,-158.1477,178.1641,-914.5220
578.800,-158.1569,178.1692,-914.9104
578.900,-158.1658,178.1736,-915.2988
579.000,-158.1743,178.1774,-915.6872
579.100,-158.1823,178.1804,-916.0757
579.200,-158.1895,178.1824,-916.4643
579.300,-158.1958,178.1831,-916.8529
579.400,-158.2009,178.1823,-917.2415
579.500,-158.2048,178.1799,-917.6302
579.600,-158.2070,178.1754,-918.0189
579.700,-158.2074,178.1688,-918.4076
579.800,-158.2057,178.1596,-918.7963
579.900,-158.2017,178.1477,-919.1851
580.000,-158.1951,178.1328,-919.5739
580.100,-158.1856,178.1145,-919.9626
580.200,-158.1732,178.0927,-920.3514
580.300,-158.1574,178.0670,-920.7401
580.400,-158.1380,178.0372,-921.1289
580.500,-158.1149,178.0030,-921.5176
580.600,-158.0877,177.9641,-921.9064
580.700,-158.0562,177.9202,-922.2951
580.800,-158.0202,177.8710,-922.6837
580.900,-157.9796,177.8162,-923.0724
581.000,-157.9342,177.7559,-923.4610
581.100,-157.8842,177.6900,-923.8496
581.200,-157.8298,177.6188,-924.2381
581.300,-157.7714,177.5426,-924.6267
581.400,-157.7093,177.4620,-925.0152
581.500,-157.6439,177.3773,-925.4038
581.600,-157.5756,177.2889,-925.7924
581.700,-157.5044,177.1970,-926.1810
581.800,-157.4306,177.1020,-926.5696
581.900,-157.3545,177.0043,-926.9583
582.000,-157.2764,176.9041,-927.3470
582.100,-157.1966,176.8020,-927.7358
582.200,-157.1155,176.6983,-928.1247
582.300,-157.0334,176.5937,-928.5136
582.400,-156.9508,176.4887,-928.9025
582.500,-156.8680,176.3836,-929.2916
582.600,-156.7855,176.2790,-929.6807
582.700,-156.7035,176.1754,-930.0700
582.800,-156.6224,176.0732,-930.4593
582.900,-156.5425,175.9727,-930.8487
583.000,-156.4640,175.8743,-931.2383
583.100,-156.3873,175.7782,-931.6280
583.200,-156.3123,175.6847,-932.0178
583.300,-156.2392,175.5938,-932.4078
583.400,-156.1679,175.5055,-932.7979
583.500,-156.0986,175.4197,-933.1882
583.600,-156.0309,175.3363,-933.5786
583.700,-155.9647,175.2550,-933.9692
583.800,-155.8998,175.1755,-934.3599
583.900,-155.8359,175.0973,-934.7508
584.000,-155.7725,175.0199,-935.1419
584.100,-155.7093,174.9428,-935.5331
584.200,-155.6459,174.8655,-935.9246
584.300,-155.5819,174.7873,-936.3162
584.400,-155.5168,174.7077,-936.7079
584.500,-155.4502,174.6262,-937.0999
584.600,-155.3818,174.5423,-937.4920
584.700,-155.3113,174.4556,-937.8842
584.800,-155.2385,174.3657,-938.2767
584.900,-155.1632,174.2724,-938.6692
585.000,-155.0853,174.1756,-939.0620
585.100,-155.0048,174.0752,-939.4549
585.200,-154.9219,173.9713,-939.8479
585.300,-154.8366,173.8642,-940.2410
585.400,-154.7492,173.7540,-940.6343
585.500,-154.6601,173.6413,-941.0276
585.600,-154.5696,173.5263,-941.4211
585.700,-154.4780,173.4097,-941.8147
585.800,-154.3860,173.2920,-942.2083
585.900,-154.2938,173.1739,-942.6020
586.000,-154.2022,173.0559,-942.9958
586.100,-154.1114,172.9386,-943.3897
586.200,-154.0221,172.8229,-943.7836
586.300,-153.9346,172.7091,-944.1775
586.400,-153.8496,172.5980,-944.5714
586.500,-153.7673,172.4901,-944.9654
586.600,-153.6882,172.3859,-945.3594
586.700,-153.6128,172.2861,-945.7534
586.800,-153.5413,172.1910,-946.1474
586.900,-153.4742,172.1011,-946.5414
587.000,-153.4116,172.0168,-946.9353
587.100,-153.3540,171.9383,-947.3292
587.200,-153.3012,171.8659,-947.7231
587.300,-153.2532,171.7992,-948.1169
587.400,-153.2096,171.7379,-948.5106
587.500,-153.1700,171.6813,-948.9043
587.600,-153.1336,171.6286,-949.2980
587.700,-153.0999,171.5791,-949.6916
587.800,-153.0686,171.5325,-950.0853
587.900,-153.0394,171.4883,-950.4789
588.000,-153.0123,171.4466,-950.8726
588.100,-152.9870,171.4071,-951.2662
588.200,-152.9636,171.3699,-951.6599
588.300,-152.9421,171.3350,-952.0536
588.400,-152.9222,171.3022,-952.4473
588.500,-152.9039,171.2714,-952.8410
588.600,-152.8871,171.2424,-953.2348
588.700,-152.8715,171.2153,-953.6285
588.800,-152.8572,171.1896,-954.0223
588.900,-152.8438,171.1654,-954.4162
589.000,-152.8312,171.1423,-954.8101
589.100,-152.8194,171.1204,-955.2040
589.200,-152.8081,171.0993,-955.5979
589.300,-152.7973,171.0790,-955.9919
589.400,-152.7868,171.0592,-956.3860
589.500,-152.7765,171.0400,-956.7801
589.600,-152.7663,171.0211,-957.1742
589.700,-152.7563,171.0025,-957.5685
589.800,-152.7462,170.9841,-957.9627
589.900,-152.7361,170.9658,-958.3571
590.000,-152.7259,170.9475,-958.7514
590.100,-152.7157,170.9293,-959.1459
590.200,-152.7053,170.9109,-959.5404
590.300,-152.6948,170.8925,-959.9350
590.400,-152.6843,170.8739,-960.3296
590.500,-152.6735,170.8552,-960.7243
590.600,-152.6627,170.8363,-961.1190
590.700,-152.6517,170.8171,-961.5138
590.800,-152.6406,170.7976,-961.9087
590.900,-152.6293,170.7778,-962.3036
591.000,-152.6178,170.7576,-962.6986
591.100,-152.6061,170.7370,-963.0937
591.200,-152.5941,170.7158,-963.4888
591.300,-152.5817,170.6940,-963.8839
591.400,-152.5688,170.6715,-964.2791
591.500,-152.5554,170.6480,-964.6744
591.600,-152.5414,170.6235,-965.0697
591.700,-152.5264,170.5978,-965.4650
591.800,-152.5105,170.5707,-965.8604
591.900,-152.4935,170.5420,-966.2558
592.000,-152.4750,170.5114,-966.6513
592.100,-152.4551,170.4788,-967.0467
592.200,-152.4334,170.4439,-967.4423
592.300,-152.4097,170.4064,-967.8378
592.400,-152.3838,170.3661,-968.2333
592.500,-152.3556,170.3228,-968.6289
592.600,-152.3247,170.2761,-969.0245
592.700,-152.2910,170.2259,-969.4201
592.800,-152.2543,170.1718,-969.8157
592.900,-152.2143,170.1136,-970.2113
593.000,-152.1708,170.0510,-970.6069
593.100,-152.1236,169.9837,-971.0025
593.200,-152.0724,169.9113,-971.3981
593.300,-152.0170,169.8335,-971.7936
593.400,-151.9573,169.7502,-972.1892
593.500,-151.8931,169.6610,-972.5848
593.600,-151.8246,169.5661,-972.9803
593.700,-151.7518,169.4655,-973.3759
593.800,-151.6751,169.3598,-973.7715
593.900,-151.5948,169.2491,-974.1671
594.000,-151.5113,169.1341,-974.5627
594.100,-151.4246,169.0149,-974.9584
594.200,-151.3353,168.8921,-975.3541
594.300,-151.2434,168.7660,-975.7498
594.400,-151.1494,168.6370,-976.1457
594.500,-151.0535,168.5057,-976.5415
594.600,-150.9563,168.3728,-976.9375
594.700,-150.8582,168.2388,-977.3335
594.800,-150.7597,168.1044,-977.7296
594.900,-150.6611,167.9702,-978.1258
595.000,-150.5631,167.8369,-978.5220
595.100,-150.4661,167.7052,-978.9184
595.200,-150.3704,167.5757,-979.3149
595.300,-150.2765,167.4488,-979.7115
595.400,-150.1848,167.3251,-980.1082
595.500,-150.0956,167.2050,-980.5051
595.600,-150.0089,167.0888,-980.9021
595.700,-149.9252,166.9768,-981.2992
595.800,-149.8443,166.8689,-981.6965
595.900,-149.7662,166.7652,-982.0939
596.000,-149.6910,166.6656,-982.4915
596.100,-149.6183,166.5696,-982.8893
596.200,-149.5479,166.4770,-983.2872
596.300,-149.4793,166.3871,-983.6853
596.400,-149.4122,166.2993,-984.0836
596.500,-149.3460,166.2128,-984.4820
596.600,-149.2801,166.1269,-984.8806
596.700,-149.2139,166.0406,-985.2794
596.800,-149.1468,165.9532,-985.6783
596.900,-149.0783,165.8636,-986.0774
597.000,-149.0076,165.7711,-986.4767
597.100,-148.9344,165.6750,-986.8762
597.200,-148.8581,165.5745,-987.2758
597.300,-148.7783,165.4691,-987.6757
597.400,-148.6948,165.3584,-988.0756
597.500,-148.6075,165.2421,-988.4757
597.600,-148.5161,165.1201,-988.8760
597.700,-148.4208,164.9924,-989.2764
597.800,-148.3218,164.8591,-989.6770
597.900,-148.2192,164.7206,-990.0777
598.000,-148.1134,164.5773,-990.4785
598.100,-148.0047,164.4297,-990.8795
598.200,-147.8938,164.2785,-991.2805
598.300,-147.7811,164.1244,-991.6817
598.400,-147.6671,163.9681,-992.0829
598.500,-147.5524,163.8105,-992.4843
598.600,-147.4376,163.6522,-992.8857
598.700,-147.3234,163.4942,-993.2872
598.800,-147.2101,163.3373,-993.6887
598.900,-147.0985,163.1821,-994.0903
599.000,-146.9891,163.0294,-994.4919
599.100,-146.8822,162.8799,-994.8936
599.200,-146.7784,162.7342,-995.2953
599.300,-146.6781,162.5930,-995.6970
599.400,-146.5817,162.4567,-996.0987
599.500,-146.4895,162.3259,-996.5004
599.600,-146.4017,162.2009,-996.9021
599.700,-146.3185,162.0819,-997.3038
599.800,-146.2397,161.9685,-997.7054
599.900,-146.1649,161.8603,-998.1071
600.000,-146.0935,161.7566,-998.5087
600.100,-146.0249,161.6565,-998.9102
600.200,-145.9586,161.5593,-999.3118
600.300,-145.8941,161.4643,-999.7134
600.400,-145.8313,161.3714,-1000.1150
600.500,-145.7699,161.2804,-1000.5166
600.600,-145.7101,161.1913,-1000.9183
600.700,-145.6518,161.1042,-1001.3200
600.800,-145.5950,161.0189,-1001.7216
600.900,-145.5396,160.9356,-1002.1234
601.000,-145.4856,160.8541,-1002.5251
601.100,-145.4328,160.7743,-1002.9269
601.200,-145.3811,160.6961,-1003.3287
601.300,-145.3305,160.6194,-1003.7306
601.400,-145.2807,160.5440,-1004.1325
601.500,-145.2318,160.4698,-1004.5344
601.600,-145.1835,160.3966,-1004.9364
601.700,-145.1357,160.3243,-1005.3384
601.800,-145.0885,160.2528,-1005.7405
601.900,-145.0415,160.1820,-1006.1426
602.000,-144.9949,160.1116,-1006.5448
602.100,-144.9484,160.0416,-1006.9470
602.200,-144.9020,159.9720,-1007.3492
602.300,-144.8557,159.9025,-1007.7515
602.400,-144.8094,159.8332,-1008.1539
602.500,-144.7630,159.7639,-1008.5563
602.600,-144.7166,159.6945,-1008.9588
602.700,-144.6701,159.6250,-1009.3613
602.800,-144.6234,159.5554,-1009.7639
602.900,-144.5766,159.4855,-1010.1665
603.000,-144.5296,159.4153,-1010.5692
603.100,-144.4823,159.3447,-1010.9720
603.200,-144.4349,159.2738,-1011.3748
603.300,-144.3872,159.2024,-1011.7776
603.400,-144.3393,159.1305,-1012.1805
603.500,-144.2911,159.0581,-1012.5835
603.600,-144.2426,158.9850,-1012.9865
603.700,-144.1937,158.9113,-1013.3896
603.800,-144.1444,158.8368,-1013.7927
603.900,-144.0946,158.7614,-1014.1959
604.000,-144.0442,158.6850,-1014.5992
604.100,-143.9933,158.6076,-1015.0025
604.200,-143.9416,158.5290,-1015.4058
604.300,-143.8890,158.4490,-1015.8092
604.400,-143.8354,158.3674,-1016.2126
604.500,-143.7807,158.2842,-1016.6161
604.600,-143.7247,158.1990,-1017.0197
604.700,-143.6673,158.1117,-1017.4232
604.800,-143.6082,158.0221,-1017.8269
604.900,-143.5473,157.9298,-1018.2305
605.000,-143.4845,157.8348,-1018.6342
605.100,-143.4194,157.7367,-1019.0379
605.200,-143.3520,157.6352,-1019.4417
605.300,-143.2819,157.5302,-1019.8455
605.400,-143.2091,157.4213,-1020.2493
605.500,-143.1334,157.3082,-1020.6532
605.600,-143.0544,157.1907,-1021.0571
605.700,-142.9719,157.0682,-1021.4610
605.800,-142.8858,156.9406,-1021.8649
605.900,-142.7958,156.8075,-1022.2688
606.000,-142.7018,156.6685,-1022.6728
606.100,-142.6038,156.5238,-1023.0768
606.200,-142.5018,156.3732,-1023.4809
606.300,-142.3960,156.2170,-1023.8850
606.400,-142.2867,156.0557,-1024.2892
606.500,-142.1742,155.8896,-1024.6934
606.600,-142.0586,155.7191,-1025.0977
606.700,-141.9404,155.5448,-1025.5021
606.800,-141.8200,155.3673,-1025.9065
606.900,-141.6978,155.1874,-1026.3111
607.000,-141.5743,155.0059,-1026.7157
607.100,-141.4503,154.8236,-1027.1203
607.200,-141.3262,154.6416,-1027.5251
607.300,-141.2027,154.4607,-1027.9300
607.400,-141.0806,154.2821,-1028.3350
607.500,-140.9604,154.1066,-1028.7400
607.600,-140.8427,153.9351,-1029.1452
607.700,-140.7282,153.7686,-1029.5506
607.800,-140.6173,153.6077,-1029.9560
607.900,-140.5106,153.4533,-1030.3616
608.000,-140.4083,153.3058,-1030.7672
608.100,-140.3109,153.1656,-1031.1731
608.200,-140.2184,153.0332,-1031.5790
608.300,-140.1309,152.9083,-1031.9851
608.400,-140.0484,152.7911,-1032.3914
608.500,-139.9706,152.6811,-1032.7978
608.600,-139.8971,152.5777,-1033.2043
608.700,-139.8275,152.4803,-1033.6110
608.800,-139.7611,152.3878,-1034.0178
608.900,-139.6971,152.2992,-1034.4247
609.000,-139.6349,152.2131,-1034.8318
609.100,-139.5733,152.1283,-1035.2391
609.200,-139.5114,152.0431,-1035.6464
609.300,-139.4484,151.9561,-1036.0540
609.400,-139.3830,151.8659,-1036.4616
609.500,-139.3145,151.7709,-1036.8695
609.600,-139.2419,151.6700,-1037.2774
609.700,-139.1644,151.5618,-1037.6855
609.800,-139.0815,151.4454,-1038.0938
609.900,-138.9925,151.3201,-1038.5022
610.000,-138.8971,151.1851,-1038.9107
610.100,-138.7950,151.0401,-1039.3194
610.200,-138.6863,150.8851,-1039.7282
610.300,-138.5709,150.7201,-1040.1372
610.400,-138.4491,150.5454,-1040.5463
610.500,-138.3213,150.3615,-1040.9555
610.600,-138.1880,150.1692,-1041.3648
610.700,-138.0497,149.9691,-1041.7743
610.800,-137.9070,149.7624,-1042.1839
610.900,-137.7606,149.5498,-1042.5936
611.000,-137.6113,149.3326,-1043.0034
611.100,-137.4598,149.1118,-1043.4133
611.200,-137.3068,148.8885,-1043.8233
611.300,-137.1531,148.6637,-1044.2334
611.400,-136.9993,148.4385,-1044.6436
611.500,-136.8462,148.2139,-1045.0538
611.600,-136.6943,147.9907,-1045.4642
611.700,-136.5443,147.7699,-1045.8745
611.800,-136.3966,147.5523,-1046.2850
611.900,-136.2517,147.3385,-1046.6954
612.000,-136.1102,147.1291,-1047.1059
612.100,-135.9721,146.9247,-1047.5165
612.200,-135.8377,146.7254,-1047.9270
612.300,-135.7069,146.5309,-1048.3376
612.400,-135.5792,146.3408,-1048.7481
612.500,-135.4540,146.1542,-1049.1587
612.600,-135.3306,145.9702,-1049.5693
612.700,-135.2085,145.7878,-1049.9800
612.800,-135.0873,145.6065,-1050.3907
612.900,-134.9667,145.4262,-1050.8014
613.000,-134.8469,145.2466,-1051.2121
613.100,-134.7276,145.0679,-1051.6229
613.200,-134.6092,144.8903,-1052.0338
613.300,-134.4915,144.7137,-1052.4447
613.400,-134.3745,144.5381,-1052.8557
613.500,-134.2583,144.3637,-1053.2667
613.600,-134.1428,144.1903,-1053.6777
613.700,-134.0279,144.0179,-1054.0888
613.800,-133.9135,143.8463,-1054.5000
613.900,-133.7996,143.6756,-1054.9113
614.000,-133.6860,143.5055,-1055.3225
614.100,-133.5727,143.3359,-1055.7339
614.200,-133.4597,143.1669,-1056.1453
614.300,-133.3467,142.9981,-1056.5568
614.400,-133.2338,142.8297,-1056.9683
614.500,-133.1209,142.6614,-1057.3799
614.600,-133.0079,142.4932,-1057.7916
614.700,-132.8948,142.3249,-1058.2033
614.800,-132.7815,142.1566,-1058.6151
614.900,-132.6680,141.9881,-1059.0269
615.000,-132.5543,141.8194,-1059.4388
615.100,-132.4403,141.6504,-1059.8508
615.200,-132.3260,141.4811,-1060.2628
615.300,-132.2114,141.3114,-1060.6749
615.400,-132.0965,141.1412,-1061.0871
615.500,-131.9813,140.9705,-1061.4993
615.600,-131.8657,140.7994,-1061.9116
615.700,-131.7499,140.6277,-1062.3240
615.800,-131.6337,140.4555,-1062.7364
615.900,-131.5172,140.2827,-1063.1489
616.000,-131.4004,140.1094,-1063.5615
616.100,-131.2833,139.9355,-1063.9741
616.200,-131.1659,139.7611,-1064.3869
616.300,-131.0482,139.5861,-1064.7997
616.400,-130.9302,139.4105,-1065.2125
616.500,-130.8119,139.2343,-1065.6255
616.600,-130.6933,139.0574,-1066.0385
616.700,-130.5742,138.8798,-1066.4516
616.800,-130.4547,138.7015,-1066.8648
616.900,-130.3347,138.5222,-1067.2781
617.000,-130.2140,138.3420,-1067.6914
617.100,-130.0926,138.1606,-1068.1048
617.200,-129.9702,137.9779,-1068.5183
617.300,-129.8469,137.7937,-1068.9319
617.400,-129.7224,137.6078,-1069.3455
617.500,-129.5966,137.4201,-1069.7592
617.600,-129.4692,137.2302,-1070.1729
617.700,-129.3402,137.0380,-1070.5868
617.800,-129.2092,136.8431,-1071.0007
617.900,-129.0762,136.6454,-1071.4147
618.000,-128.9409,136.4445,-1071.8287
618.100,-128.8031,136.2401,-1072.2428
618.200,-128.6625,136.0318,-1072.6570
618.300,-128.5189,135.8193,-1073.0713
618.400,-128.3720,135.6021,-1073.4856
618.500,-128.2217,135.3799,-1073.9000
618.600,-128.0676,135.1525,-1074.3145
618.700,-127.9098,134.9197,-1074.7290
618.800,-127.7483,134.6816,-1075.1437
618.900,-127.5833,134.4385,-1075.5584
619.000,-127.4151,134.1910,-1075.9733
619.100,-127.2440,133.9398,-1076.3882
619.200,-127.0707,133.6857,-1076.8032
619.300,-126.8959,133.4299,-1077.2184
619.400,-126.7203,133.1736,-1077.6336
619.500,-126.5449,132.9181,-1078.0489
619.600,-126.3707,132.6649,-1078.4643
619.700,-126.1986,132.4155,-1078.8797
619.800,-126.0297,132.1714,-1079.2953
619.900,-125.8651,131.9340,-1079.7110
620.000,-125.7056,131.7047,-1080.1268
620.100,-125.5523,131.4850,-1080.5427
620.200,-125.4060,131.2761,-1080.9587
620.300,-125.2676,131.0790,-1081.3748
620.400,-125.1377,130.8949,-1081.7910
620.500,-125.0170,130.7243,-1082.2073
620.600,-124.9057,130.5679,-1082.6236
620.700,-124.8042,130.4259,-1083.0400
620.800,-124.7123,130.2983,-1083.4566
620.900,-124.6299,130.1846,-1083.8731
621.000,-124.5566,130.0843,-1084.2898
621.100,-124.4916,129.9962,-1084.7064
621.200,-124.4341,129.9190,-1085.1232
621.300,-124.3828,129.8511,-1085.5399
621.400,-124.3364,129.7904,-1085.9567
621.500,-124.2934,129.7347,-1086.3736
621.600,-124.2522,129.6817,-1086.7904
621.700,-124.2110,129.6288,-1087.2073
621.800,-124.1680,129.5735,-1087.6242
621.900,-124.1215,129.5132,-1088.0412
622.000,-124.0697,129.4454,-1088.4582
622.100,-124.0111,129.3679,-1088.8752
622.200,-123.9443,129.2787,-1089.2922
622.300,-123.8679,129.1758,-1089.7094
622.400,-123.7809,129.0579,-1090.1265
622.500,-123.6826,128.9239,-1090.5437
622.600,-123.5723,128.7730,-1090.9610
622.700,-123.4499,128.6047,-1091.3784
622.800,-123.3153,128.4191,-1091.7959
622.900,-123.1685,128.2165,-1092.2134
623.000,-123.0101,127.9974,-1092.6311
623.100,-122.8406,127.7627,-1093.0488
623.200,-122.6607,127.5135,-1093.4667
623.300,-122.4712,127.2509,-1093.8846
623.400,-122.2730,126.9765,-1094.3027
623.500,-122.0672,126.6916,-1094.7208
623.600,-121.8548,126.3977,-1095.1391
623.700,-121.6367,126.0962,-1095.5574
623.800,-121.4141,125.7888,-1095.9759
623.900,-121.1877,125.4766,-1096.3945
624.000,-120.9587,125.1611,-1096.8131
624.100,-120.7278,124.8435,-1097.2319
624.200,-120.4958,124.5248,-1097.6507
624.300,-120.2634,124.2062,-1098.0697
624.400,-120.0314,123.8886,-1098.4887
624.500,-119.8003,123.5727,-1098.9078
624.600,-119.5705,123.2592,-1099.3270
624.700,-119.3423,122.9484,-1099.7462
624.800,-119.1156,122.6404,-1100.1656
624.900,-118.8902,122.3346,-1100.5849
625.000,-118.6653,122.0303,-1101.0043
625.100,-118.4404,121.7267,-1101.4238
625.200,-118.2148,121.4229,-1101.8434
625.300,-117.9882,121.1185,-1102.2630
625.400,-117.7605,120.8134,-1102.6827
625.500,-117.5317,120.5075,-1103.1024
625.600,-117.3019,120.2012,-1103.5223
625.700,-117.0712,119.8945,-1103.9422
625.800,-116.8398,119.5876,-1104.3622
625.900,-116.6077,119.2807,-1104.7823
626.000,-116.3749,118.9738,-1105.2025
626.100,-116.1414,118.6669,-1105.6227
626.200,-115.9071,118.3600,-1106.0431
626.300,-115.6721,118.0530,-1106.4635
626.400,-115.4363,117.7460,-1106.8840
626.500,-115.1995,117.4389,-1107.3046
626.600,-114.9618,117.1315,-1107.7253
626.700,-114.7231,116.8240,-1108.1461
626.800,-114.4835,116.5163,-1108.5669
626.900,-114.2427,116.2083,-1108.9879
627.000,-114.0010,115.9001,-1109.4089
627.100,-113.7581,115.5916,-1109.8300
627.200,-113.5142,115.2827,-1110.2512
627.300,-113.2692,114.9737,-1110.6725
627.400,-113.0232,114.6643,-1111.0939
627.500,-112.7761,114.3547,-1111.5154
627.600,-112.5280,114.0448,-1111.9370
627.700,-112.2789,113.7347,-1112.3586
627.800,-112.0288,113.4244,-1112.7804
627.900,-111.7778,113.1139,-1113.2022
628.000,-111.5259,112.8034,-1113.6241
628.100,-111.2733,112.4928,-1114.0462
628.200,-111.0199,112.1823,-1114.4683
628.300,-110.7658,111.8719,-1114.8905
628.400,-110.5111,111.5616,-1115.3128
628.500,-110.2559,111.2518,-1115.7352
628.600,-110.0003,110.9423,-1116.1577
628.700,-109.7444,110.6333,-1116.5803
628.800,-109.4883,110.3250,-1117.0030
628.900,-109.2321,110.0175,-1117.4259
629.000,-108.9757,109.7107,-1117.8488
629.100,-108.7194,109.4049,-1118.2718
629.200,-108.4630,109.1000,-1118.6949
629.300,-108.2068,108.7961,-1119.1182
629.400,-107.9505,108.4932,-1119.5415
629.500,-107.6942,108.1913,-1119.9649
629.600,-107.4379,107.8903,-1120.3885
629.700,-107.1814,107.5901,-1120.8121
629.800,-106.9246,107.2906,-1121.2358
629.900,-106.6674,106.9917,-1121.6597
630.000,-106.4096,106.6931,-1122.0836
630.100,-106.1511,106.3948,-1122.5076
630.200,-105.8916,106.0965,-1122.9318
630.300,-105.6309,105.7981,-1123.3560
630.400,-105.3688,105.4991,-1123.7803
630.500,-105.1050,105.1995,-1124.2047
630.600,-104.8393,104.8988,-1124.6292
630.700,-104.5713,104.5968,-1125.0538
630.800,-104.3008,104.2932,-1125.4785
630.900,-104.0273,103.9875,-1125.9033
631.000,-103.7504,103.6794,-1126.3282
631.100,-103.4698,103.3684,-1126.7532
631.200,-103.1853,103.0546,-1127.1783
631.300,-102.8970,102.7380,-1127.6035
631.400,-102.6053,102.4193,-1128.0288
631.500,-102.3109,102.0991,-1128.4542
631.600,-102.0147,101.7787,-1128.8797
631.700,-101.7178,101.4591,-1129.3053
631.800,-101.4217,101.1420,-1129.7309
631.900,-101.1277,100.8288,-1130.1566
632.000,-100.8375,100.5212,-1130.5825
632.100,-100.5528,100.2209,-1131.0084
632.200,-100.2752,99.9297,-1131.4343
632.300,-100.0066,99.6492,-1131.8603
632.400,-99.7486,99.3811,-1132.2864
632.500,-99.5030,99.1269,-1132.7125
632.600,-99.2712,98.8882,-1133.1386
632.700,-99.0548,98.6663,-1133.5648
632.800,-98.8550,98.4622,-1133.9909
632.900,-98.6731,98.2771,-1134.4170
633.000,-98.5097,98.1117,-1134.8431
633.100,-98.3656,97.9662,-1135.2692
633.200,-98.2410,97.8410,-1135.6952
633.300,-98.1357,97.7357,-1136.1210
633.400,-98.0493,97.6497,-1136.5468
633.500,-97.9807,97.5820,-1136.9724
633.600,-97.9287,97.5311,-1137.3979
633.700,-97.8914,97.4951,-1137.8232
633.800,-97.8666,97.4720,-1138.2484
633.900,-97.8519,97.4590,-1138.6733
634.000,-97.8444,97.4534,-1139.0980
634.100,-97.8410,97.4519,-1139.5225
634.200,-97.8385,97.4514,-1139.9468
634.300,-97.8336,97.4485,-1140.3709
634.400,-97.8231,97.4398,-1140.7947
634.500,-97.8037,97.4223,-1141.2183
634.600,-97.7725,97.3928,-1141.6418
634.700,-97.7268,97.3486,-1142.0650
634.800,-97.6643,97.2874,-1142.4881
634.900,-97.5829,97.2072,-1142.9111
635.000,-97.4811,97.1064,-1143.3339
635.100,-97.3577,96.9840,-1143.7565
635.200,-97.2119,96.8394,-1144.1791
635.300,-97.0436,96.6723,-1144.6017
635.400,-96.8526,96.4830,-1145.0242
635.500,-96.6396,96.2722,-1145.4466
635.600,-96.4051,96.0407,-1145.8691
635.700,-96.1502,95.7898,-1146.2915
635.800,-95.8762,95.5208,-1146.7140
635.900,-95.5842,95.2354,-1147.1365
636.000,-95.2758,94.9351,-1147.5590
636.100,-94.9525,94.6217,-1147.9816
636.200,-94.6157,94.2967,-1148.4043
636.300,-94.2670,93.9619,-1148.8271
636.400,-93.9078,93.6187,-1149.2499
636.500,-93.5393,93.2685,-1149.6728
636.600,-93.1627,92.9125,-1150.0959
636.700,-92.7792,92.5521,-1150.5190
636.800,-92.3898,92.1881,-1150.9422
636.900,-91.9953,91.8216,-1151.3655
637.000,-91.5966,91.4532,-1151.7889
637.100,-91.1944,91.0839,-1152.2123
637.200,-90.7893,90.7141,-1152.6359
637.300,-90.3817,90.3443,-1153.0596
637.400,-89.9718,89.9746,-1153.4834
637.500,-89.5594,89.6050,-1153.9072
637.600,-89.1443,89.2351,-1154.3312
637.700,-88.7262,88.8648,-1154.7552
637.800,-88.3050,88.4940,-1155.1793
637.900,-87.8807,88.1228,-1155.6035
638.000,-87.4535,87.7513,-1156.0278
638.100,-87.0236,87.3797,-1156.4522
638.200,-86.5911,87.0082,-1156.8767
638.300,-86.1563,86.6368,-1157.3013
638.400,-85.7191,86.2657,-1157.7260
638.500,-85.2796,85.8948,-1158.1508
638.600,-84.8377,85.5242,-1158.5757
638.700,-84.3934,85.1537,-1159.0007
638.800,-83.9467,84.7834,-1159.4257
638.900,-83.4977,84.4133,-1159.8509
639.000,-83.0462,84.0433,-1160.2762
639.100,-82.5924,83.6734,-1160.7016
639.200,-82.1362,83.3037,-1161.1271
639.300,-81.6777,82.9341,-1161.5527
639.400,-81.2170,82.5649,-1161.9784
639.500,-80.7541,82.1959,-1162.4042
639.600,-80.2892,81.8272,-1162.8301
639.700,-79.8224,81.4590,-1163.2561
639.800,-79.3537,81.0914,-1163.6822
639.900,-78.8834,80.7243,-1164.1084
640.000,-78.4114,80.3579,-1164.5346
640.100,-77.9380,79.9924,-1164.9610
640.200,-77.4633,79.6277,-1165.3875
640.300,-76.9874,79.2642,-1165.8141
640.400,-76.5106,78.9017,-1166.2408
640.500,-76.0329,78.5406,-1166.6675
640.600,-75.5545,78.1810,-1167.0944
640.700,-75.0756,77.8229,-1167.5214
640.800,-74.5965,77.4666,-1167.9484
640.900,-74.1173,77.1122,-1168.3756
641.000,-73.6382,76.7599,-1168.8029
641.100,-73.1595,76.4099,-1169.2302
641.200,-72.6814,76.0622,-1169.6577
641.300,-72.2040,75.7171,-1170.0853
641.400,-71.7276,75.3747,-1170.5129
641.500,-71.2524,75.0351,-1170.9407
641.600,-70.7785,74.6984,-1171.3686
641.700,-70.3060,74.3648,-1171.7965
641.800,-69.8351,74.0341,-1172.2246
641.900,-69.3658,73.7065,-1172.6528
642.000,-68.8982,73.3820,-1173.0811
642.100,-68.4322,73.0604,-1173.5094
642.200,-67.9678,72.7418,-1173.9379
642.300,-67.5050,72.4260,-1174.3665
642.400,-67.0435,72.1129,-1174.7951
642.500,-66.5834,71.8024,-1175.2239
642.600,-66.1244,71.4943,-1175.6527
642.700,-65.6664,71.1886,-1176.0816
642.800,-65.2093,70.8850,-1176.5107
642.900,-64.7529,70.5834,-1176.9398
643.000,-64.2971,70.2837,-1177.3690
643.100,-63.8417,69.9858,-1177.7983
643.200,-63.3866,69.6894,-1178.2277
643.300,-62.9316,69.3946,-1178.6571
643.400,-62.4765,69.1012,-1179.0867
643.500,-62.0213,68.8090,-1179.5163
643.600,-61.5660,68.5179,-1179.9460
643.700,-61.1106,68.2279,-1180.3758
643.800,-60.6555,67.9392,-1180.8057
643.900,-60.2013,67.6520,-1181.2356
644.000,-59.7488,67.3667,-1181.6656
644.100,-59.2992,67.0839,-1182.0957
644.200,-58.8539,66.8044,-1182.5258
644.300,-58.4145,66.5290,-1182.9560
644.400,-57.9828,66.2588,-1183.3862
644.500,-57.5607,65.9948,-1183.8164
644.600,-57.1503,65.7382,-1184.2466
644.700,-56.7535,65.4899,-1184.6768
644.800,-56.3724,65.2511,-1185.1070
644.900,-56.0089,65.0229,-1185.5371
645.000,-55.6648,64.8062,-1185.9671
645.100,-55.3419,64.6019,-1186.3971
645.200,-55.0418,64.4109,-1186.8269
645.300,-54.7659,64.2339,-1187.2566
645.400,-54.5152,64.0714,-1187.6861
645.500,-54.2906,63.9239,-1188.1154
645.600,-54.0925,63.7915,-1188.5444
645.700,-53.9210,63.6742,-1188.9732
645.800,-53.7756,63.5719,-1189.4016
645.900,-53.6555,63.4839,-1189.8298
646.000,-53.5592,63.4094,-1190.2575
646.100,-53.4850,63.3475,-1190.6849
646.200,-53.4304,63.2968,-1191.1118
646.300,-53.3925,63.2555,-1191.5383
646.400,-53.3683,63.2220,-1191.9643
646.500,-53.3539,63.1941,-1192.3898
646.600,-53.3456,63.1695,-1192.8148
646.700,-53.3392,63.1460,-1193.2393
646.800,-53.3306,63.1210,-1193.6633
646.900,-53.3158,63.0922,-1194.0868
647.000,-53.2906,63.0572,-1194.5097
647.100,-53.2514,63.0138,-1194.9323
647.200,-53.1946,62.9601,-1195.3543
647.300,-53.1175,62.8942,-1195.7759
647.400,-53.0173,62.8147,-1196.1971
647.500,-52.8921,62.7203,-1196.6179
647.600,-52.7404,62.6104,-1197.0383
647.700,-52.5613,62.4843,-1197.4584
647.800,-52.3545,62.3419,-1197.8782
647.900,-52.1199,62.1834,-1198.2978
648.000,-51.8582,62.0091,-1198.7172
648.100,-51.5703,61.8196,-1199.1363
648.200,-51.2575,61.6159,-1199.5554
648.300,-50.9211,61.3988,-1199.9742
648.400,-50.5630,61.1694,-1200.3930
648.500,-50.1849,60.9289,-1200.8117
648.600,-49.7887,60.6784,-1201.2304
648.700,-49.3760,60.4190,-1201.6490
648.800,-48.9488,60.1519,-1202.0677
648.900,-48.5086,59.8779,-1202.4863
649.000,-48.0568,59.5981,-1202.9049
649.100,-47.5949,59.3132,-1203.3236
649.200,-47.1238,59.0238,-1203.7423
649.300,-46.6445,58.7306,-1204.1611
649.400,-46.1579,58.4341,-1204.5799
649.500,-45.6647,58.1347,-1204.9988
649.600,-45.1657,57.8329,-1205.4177
649.700,-44.6617,57.5291,-1205.8367
649.800,-44.1534,57.2237,-1206.2558
649.900,-43.6419,56.9173,-1206.6750
650.000,-43.1279,56.6103,-1207.0943
650.100,-42.6123,56.3031,-1207.5136
650.200,-42.0956,55.9959,-1207.9331
650.300,-41.5786,55.6890,-1208.3526
650.400,-41.0615,55.3826,-1208.7722
650.500,-40.5446,55.0766,-1209.1919
650.600,-40.0282,54.7711,-1209.6118
650.700,-39.5123,54.4658,-1210.0317
650.800,-38.9970,54.1608,-1210.4517
650.900,-38.4821,53.8557,-1210.8718
651.000,-37.9677,53.5505,-1211.2920
651.100,-37.4537,53.2450,-1211.7124
651.200,-36.9402,52.9390,-1212.1328
651.300,-36.4270,52.6324,-1212.5532
651.400,-35.9143,52.3251,-1212.9738
651.500,-35.4020,52.0170,-1213.3945
651.600,-34.8903,51.7081,-1213.8153
651.700,-34.3791,51.3983,-1214.2361
651.800,-33.8685,51.0877,-1214.6571
651.900,-33.3588,50.7763,-1215.0781
652.000,-32.8499,50.4641,-1215.4992
652.100,-32.3421,50.1513,-1215.9204
652.200,-31.8355,49.8381,-1216.3417
652.300,-31.3303,49.5245,-1216.7631
652.400,-30.8265,49.2108,-1217.1846
652.500,-30.3245,48.8972,-1217.6062
652.600,-29.8244,48.5840,-1218.0279
652.700,-29.3263,48.2714,-1218.4497
652.800,-28.8305,47.9597,-1218.8715
652.900,-28.3372,47.6493,-1219.2935
653.000,-27.8466,47.3404,-1219.7155
653.100,-27.3589,47.0335,-1220.1377
653.200,-26.8743,46.7288,-1220.5599
653.300,-26.3931,46.4266,-1220.9822
653.400,-25.9155,46.1274,-1221.4046
653.500,-25.4418,45.8315,-1221.8272
653.600,-24.9720,45.5391,-1222.2498
653.700,-24.5064,45.2506,-1222.6725
653.800,-24.0453,44.9662,-1223.0953
653.900,-23.5887,44.6862,-1223.5182
654.000,-23.1369,44.4107,-1223.9411
654.100,-22.6899,44.1399,-1224.3642
654.200,-22.2479,43.8740,-1224.7874
654.300,-21.8108,43.6129,-1225.2106
654.400,-21.3788,43.3568,-1225.6339
654.500,-20.9519,43.1056,-1226.0573
654.600,-20.5300,42.8593,-1226.4808
654.700,-20.1132,42.6179,-1226.9043
654.800,-19.7014,42.3811,-1227.3280
654.900,-19.2945,42.1491,-1227.7517
655.000,-18.8925,41.9215,-1228.1754
655.100,-18.4954,41.6985,-1228.5992
655.200,-18.1031,41.4798,-1229.0231
655.300,-17.7157,41.2656,-1229.4471
655.400,-17.3332,41.0557,-1229.8711
655.500,-16.9555,40.8504,-1230.2951
655.600,-16.5829,40.6497,-1230.7192
655.700,-16.2153,40.4537,-1231.1433
655.800,-15.8529,40.2626,-1231.5674
655.900,-15.4957,40.0764,-1231.9915
656.000,-15.1437,39.8950,-1232.4157
656.100,-14.7970,39.7183,-1232.8398
656.200,-14.4553,39.5458,-1233.2639
656.300,-14.1188,39.3771,-1233.6880
656.400,-13.7873,39.2118,-1234.1122
656.500,-13.4611,39.0495,-1234.5363
656.600,-13.1406,38.8899,-1234.9604
656.700,-12.8264,38.7329,-1235.3845
656.800,-12.5192,38.5787,-1235.8086
656.900,-12.2201,38.4274,-1236.2326
657.000,-11.9301,38.2791,-1236.6566
657.100,-11.6502,38.1343,-1237.0806
657.200,-11.3818,37.9931,-1237.5044
657.300,-11.1259,37.8558,-1237.9282
657.400,-10.8836,37.7227,-1238.3519
657.500,-10.6562,37.5940,-1238.7754
657.600,-10.4445,37.4700,-1239.1987
657.700,-10.2495,37.3508,-1239.6219
657.800,-10.0720,37.2366,-1240.0449
657.900,-9.9126,37.1275,-1240.4676
658.000,-9.7715,37.0235,-1240.8900
658.100,-9.6491,36.9246,-1241.3122
658.200,-9.5451,36.8308,-1241.7341
658.300,-9.4592,36.7418,-1242.1556
658.400,-9.3906,36.6575,-1242.5767
658.500,-9.3383,36.5775,-1242.9975
658.600,-9.3009,36.5015,-1243.4178
658.700,-9.2769,36.4288,-1243.8377
658.800,-9.2642,36.3589,-1244.2572
658.900,-9.2608,36.2911,-1244.6761
659.000,-9.2642,36.2246,-1245.0946
659.100,-9.2719,36.1586,-1245.5126
659.200,-9.2813,36.0922,-1245.9301
659.300,-9.2898,36.0245,-1246.3471
659.400,-9.2947,35.9547,-1246.7636
659.500,-9.2936,35.8817,-1247.1796
659.600,-9.2840,35.8048,-1247.5951
659.700,-9.2639,35.7232,-1248.0102
659.800,-9.2312,35.6363,-1248.4248
659.900,-9.1844,35.5435,-1248.8389
660.000,-9.1222,35.4443,-1249.2527
660.100,-9.0435,35.3385,-1249.6661
660.200,-8.9477,35.2258,-1250.0791
660.300,-8.8345,35.1062,-1250.4918
660.400,-8.7037,34.9798,-1250.9042
660.500,-8.5557,34.8467,-1251.3163
660.600,-8.3908,34.7072,-1251.7282
660.700,-8.2098,34.5616,-1252.1398
660.800,-8.0133,34.4103,-1252.5513
660.900,-7.8024,34.2537,-1252.9626
661.000,-7.5780,34.0923,-1253.3738
661.100,-7.3410,33.9265,-1253.7849
661.200,-7.0926,33.7567,-1254.1959
661.300,-6.8336,33.5832,-1254.6068
661.400,-6.5648,33.4065,-1255.0176
661.500,-6.2871,33.2268,-1255.4284
661.600,-6.0009,33.0444,-1255.8392
661.700,-5.7067,32.8593,-1256.2499
661.800,-5.4048,32.6717,-1256.6606
661.900,-5.0955,32.4816,-1257.0713
662.000,-4.7789,32.2891,-1257.4819
662.100,-4.4553,32.0943,-1257.8926
662.200,-4.1249,31.8972,-1258.3032
662.300,-3.7884,31.6981,-1258.7139
662.400,-3.4463,31.4970,-1259.1245
662.500,-3.0997,31.2944,-1259.5352
662.600,-2.7495,31.0903,-1259.9458
662.700,-2.3964,30.8850,-1260.3566
662.800,-2.0414,30.6785,-1260.7674
662.900,-1.6849,30.4707,-1261.1782
663.000,-1.3273,30.2615,-1261.5891
663.100,-0.9690,30.0505,-1262.0000
663.200,-0.6100,29.8374,-1262.4110
663.300,-0.2507,29.6218,-1262.8221
663.400,0.1090,29.4033,-1263.2332
663.500,0.4689,29.1815,-1263.6443
663.600,0.8290,28.9559,-1264.0555
663.700,1.1891,28.7263,-1264.4666
663.800,1.5491,28.4923,-1264.8779
663.900,1.9091,28.2535,-1265.2891
664.000,2.2687,28.0097,-1265.7004
664.100,2.6280,27.7607,-1266.1116
664.200,2.9869,27.5065,-1266.5229
664.300,3.3452,27.2468,-1266.9342
664.400,3.7029,26.9818,-1267.3455
664.500,4.0598,26.7116,-1267.7568
664.600,4.4161,26.4363,-1268.1681
664.700,4.7715,26.1564,-1268.5793
664.800,5.1260,25.8722,-1268.9906
664.900,5.4797,25.5843,-1269.4018
665.000,5.8326,25.2933,-1269.8131
665.100,6.1845,24.9998,-1270.2242
665.200,6.5357,24.7047,-1270.6354
665.300,6.8860,24.4089,-1271.0465
665.400,7.2355,24.1133,-1271.4576
665.500,7.5843,23.8188,-1271.8687
665.600,7.9323,23.5265,-1272.2797
665.700,8.2796,23.2373,-1272.6907
665.800,8.6262,22.9524,-1273.1016
665.900,8.9721,22.6725,-1273.5125
666.000,9.3173,22.3988,-1273.9233
666.100,9.6617,22.1319,-1274.3341
666.200,10.0053,21.8728,-1274.7448
666.300,10.3482,21.6221,-1275.1555
666.400,10.6902,21.3804,-1275.5661
666.500,11.0313,21.1481,-1275.9766
666.600,11.3714,20.9257,-1276.3872
666.700,11.7105,20.7133,-1276.7976
666.800,12.0486,20.5111,-1277.2081
666.900,12.3854,20.3192,-1277.6185
667.000,12.7209,20.1374,-1278.0288
667.100,13.0551,19.9655,-1278.4391
667.200,13.3879,19.8035,-1278.8494
667.300,13.7190,19.6510,-1279.2596
667.400,14.0485,19.5078,-1279.6698
667.500,14.3762,19.3736,-1280.0800
667.600,14.7020,19.2482,-1280.4902
667.700,15.0257,19.1315,-1280.9003
667.800,15.3473,19.0233,-1281.3104
667.900,15.6666,18.9238,-1281.7205
668.000,15.9834,18.8331,-1282.1306
668.100,16.2978,18.7514,-1282.5405
668.200,16.6094,18.6791,-1282.9505
668.300,16.9183,18.6164,-1283.3604
668.400,17.2243,18.5636,-1283.7702
668.500,17.5273,18.5206,-1284.1800
668.600,17.8272,18.4870,-1284.5897
668.700,18.1238,18.4620,-1284.9993
668.800,18.4171,18.4446,-1285.4090
668.900,18.7068,18.4337,-1285.8185
669.000,18.9926,18.4282,-1286.2281
669.100,19.2741,18.4271,-1286.6377
669.200,19.5508,18.4296,-1287.0472
669.300,19.8218,18.4351,-1287.4567
669.400,20.0863,18.4429,-1287.8662
669.500,20.3434,18.4525,-1288.2757
669.600,20.5922,18.4635,-1288.6852
669.700,20.8316,18.4754,-1289.0946
669.800,21.0607,18.4878,-1289.5040
669.900,21.2784,18.5000,-1289.9133
670.000,21.4837,18.5115,-1290.3225
670.100,21.6760,18.5219,-1290.7317
670.200,21.8542,18.5306,-1291.1408
670.300,22.0178,18.5372,-1291.5499
670.400,22.1663,18.5410,-1291.9588
670.500,22.2992,18.5418,-1292.3676
670.600,22.4165,18.5392,-1292.7764
670.700,22.5183,18.5328,-1293.1850
670.800,22.6048,18.5225,-1293.5935
670.900,22.6768,18.5081,-1294.0018
671.000,22.7350,18.4896,-1294.4101
671.100,22.7806,18.4671,-1294.8182
671.200,22.8149,18.4408,-1295.2261
671.300,22.8394,18.4108,-1295.6339
671.400,22.8560,18.3775,-1296.0416
671.500,22.8664,18.3411,-1296.4491
671.600,22.8728,18.3022,-1296.8564
671.700,22.8773,18.2611,-1297.2636
671.800,22.8819,18.2182,-1297.6707
671.900,22.8886,18.1740,-1298.0775
672.000,22.8997,18.1289,-1298.4842
672.100,22.9169,18.0833,-1298.8908
672.200,22.9420,18.0376,-1299.2972
672.300,22.9767,17.9921,-1299.7035
672.400,23.0223,17.9473,-1300.1096
672.500,23.0800,17.9033,-1300.5156
672.600,23.1508,17.8603,-1300.9214
672.700,23.2354,17.8187,-1301.3272
672.800,23.3343,17.7785,-1301.7328
672.900,23.4476,17.7399,-1302.1383
673.000,23.5756,17.7030,-1302.5437
673.100,23.7181,17.6677,-1302.9490
673.200,23.8747,17.6340,-1303.3542
673.300,24.0450,17.6020,-1303.7594
673.400,24.2286,17.5716,-1304.1645
673.500,24.4247,17.5426,-1304.5696
673.600,24.6329,17.5150,-1304.9746
673.700,24.8523,17.4886,-1305.3796
673.800,25.0826,17.4633,-1305.7845
673.900,25.3230,17.4390,-1306.1895
674.000,25.5732,17.4154,-1306.5943
674.100,25.8329,17.3925,-1306.9992
674.200,26.1019,17.3700,-1307.4041
674.300,26.3802,17.3480,-1307.8089
674.400,26.6676,17.3263,-1308.2137
674.500,26.9644,17.3047,-1308.6184
674.600,27.2705,17.2833,-1309.0232
674.700,27.5856,17.2618,-1309.4279
674.800,27.9093,17.2402,-1309.8325
674.900,28.2409,17.2180,-1310.2372
675.000,28.5791,17.1951,-1310.6418
675.100,28.9227,17.1709,-1311.0464
675.200,29.2705,17.1448,-1311.4510
675.300,29.6215,17.1161,-1311.8556
675.400,29.9745,17.0841,-1312.2602
675.500,30.3289,17.0475,-1312.6648
675.600,30.6838,17.0054,-1313.0694
675.700,31.0386,16.9563,-1313.4740
675.800,31.3929,16.8991,-1313.8785
675.900,31.7459,16.8323,-1314.2830
676.000,32.0971,16.7545,-1314.6875
676.100,32.4460,16.6642,-1315.0919
676.200,32.7921,16.5600,-1315.4962
676.300,33.1348,16.4407,-1315.9005
676.400,33.4737,16.3048,-1316.3047
676.500,33.8084,16.1513,-1316.7087
676.600,34.1385,15.9792,-1317.1127
676.700,34.4638,15.7876,-1317.5165
676.800,34.7842,15.5760,-1317.9202
676.900,35.0996,15.3441,-1318.3237
677.000,35.4101,15.0921,-1318.7271
677.100,35.7160,14.8204,-1319.1303
677.200,36.0177,14.5298,-1319.5333
677.300,36.3157,14.2215,-1319.9362
677.400,36.6107,13.8972,-1320.3388
677.500,36.9035,13.5588,-1320.7412
677.600,37.1948,13.2088,-1321.1434
677.700,37.4857,12.8499,-1321.5453
677.800,37.7772,12.4850,-1321.9470
677.900,38.0702,12.1175,-1322.3485
678.000,38.3658,11.7507,-1322.7497
678.100,38.6649,11.3882,-1323.1507
678.200,38.9685,11.0334,-1323.5514
678.300,39.2775,10.6899,-1323.9518
678.400,39.5927,10.3612,-1324.3520
678.500,39.9146,10.0504,-1324.7519
678.600,40.2441,9.7604,-1325.1516
678.700,40.5814,9.4942,-1325.5510
678.800,40.9271,9.2539,-1325.9502
678.900,41.2814,9.0417,-1326.3492
679.000,41.6444,8.8593,-1326.7479
679.100,42.0161,8.7078,-1327.1465
679.200,42.3964,8.5882,-1327.5449
679.300,42.7852,8.5010,-1327.9431
679.400,43.1822,8.4466,-1328.3411
679.500,43.5870,8.4247,-1328.7390
679.600,43.9992,8.4351,-1329.1368
679.700,44.4183,8.4774,-1329.5344
679.800,44.8437,8.5508,-1329.9320
679.900,45.2750,8.6547,-1330.3295
680.000,45.7115,8.7884,-1330.7269
680.100,46.1526,8.9514,-1331.1242
680.200,46.5980,9.1431,-1331.5215
680.300,47.0471,9.3634,-1331.9187
680.400,47.4995,9.6123,-1332.3160
680.500,47.9548,9.8900,-1332.7132
680.600,48.4128,10.1970,-1333.1103
680.700,48.8732,10.5341,-1333.5075
680.800,49.3358,10.9017,-1333.9047
680.900,49.8002,11.3003,-1334.3018
681.000,50.2661,11.7296,-1334.6991
681.100,50.7327,12.1885,-1335.0963
681.200,51.1995,12.6754,-1335.4936
681.300,51.6653,13.1877,-1335.8909
681.400,52.1292,13.7227,-1336.2883
681.500,52.5902,14.2779,-1336.6857
681.600,53.0470,14.8505,-1337.0831
681.700,53.4985,15.4384,-1337.4807
681.800,53.9436,16.0392,-1337.8782
681.900,54.3809,16.6507,-1338.2758
682.000,54.8093,17.2707,-1338.6735
682.100,55.2276,17.8968,-1339.0711
682.200,55.6345,18.5267,-1339.4688
682.300,56.0289,19.1576,-1339.8666
682.400,56.4097,19.7870,-1340.2644
682.500,56.7759,20.4121,-1340.6622
682.600,57.1266,21.0300,-1341.0601
682.700,57.4609,21.6382,-1341.4580
682.800,57.7783,22.2340,-1341.8559
682.900,58.0784,22.8151,-1342.2539
683.000,58.3608,23.3794,-1342.6520
683.100,58.6257,23.9253,-1343.0501
683.200,58.8732,24.4516,-1343.4482
683.300,59.1039,24.9576,-1343.8465
683.400,59.3186,25.4431,-1344.2447
683.500,59.5183,25.9086,-1344.6431
683.600,59.7042,26.3551,-1345.0416
683.700,59.8779,26.7840,-1345.4401
683.800,60.0411,27.1975,-1345.8387
683.900,60.1956,27.5981,-1346.2374
684.000,60.3436,27.9888,-1346.6362
684.100,60.4871,28.3728,-1347.0350
684.200,60.6284,28.7536,-1347.4340
684.300,60.7696,29.1349,-1347.8330
684.400,60.9130,29.5205,-1348.2321
684.500,61.0608,29.9142,-1348.6314
684.600,61.2151,30.3196,-1349.0306
684.700,61.3777,30.7403,-1349.4300
684.800,61.5505,31.1797,-1349.8294
684.900,61.7352,31.6407,-1350.2290
685.000,61.9332,32.1262,-1350.6285
685.100,62.1456,32.6387,-1351.0282
685.200,62.3737,33.1800,-1351.4279
685.300,62.6180,33.7520,-1351.8276
685.400,62.8791,34.3559,-1352.2274
685.500,63.1575,34.9926,-1352.6273
685.600,63.4532,35.6627,-1353.0272
685.700,63.7662,36.3664,-1353.4271
685.800,64.0963,37.1036,-1353.8271
685.900,64.4430,37.8740,-1354.2272
686.000,64.8061,38.6771,-1354.6272
686.100,65.1849,39.5122,-1355.0273
686.200,65.5789,40.3786,-1355.4274
686.300,65.9876,41.2756,-1355.8276
686.400,66.4105,42.2026,-1356.2278
686.500,66.8472,43.1591,-1356.6280
686.600,67.2974,44.1447,-1357.0283
686.700,67.7608,45.1595,-1357.4286
686.800,68.2374,46.2034,-1357.8290
686.900,68.7270,47.2766,-1358.2294
687.000,69.2295,48.3789,-1358.6298
687.100,69.7445,49.5097,-1359.0304
687.200,70.2712,50.6674,-1359.4309
687.300,70.8086,51.8492,-1359.8316
687.400,71.3551,53.0510,-1360.2323
687.500,71.9089,54.2676,-1360.6331
687.600,72.4679,55.4931,-1361.0339
687.700,73.0303,56.7219,-1361.4347
687.800,73.5943,57.9484,-1361.8356
687.900,74.1584,59.1672,-1362.2365
688.000,74.7209,60.3734,-1362.6375
688.100,75.2804,61.5620,-1363.0384
688.200,75.8352,62.7284,-1363.4393
688.300,76.3836,63.8680,-1363.8402
688.400,76.9239,64.9764,-1364.2411
688.500,77.4543,66.0495,-1364.6419
688.600,77.9729,67.0834,-1365.0428
688.700,78.4781,68.0747,-1365.4436
688.800,78.9682,69.0204,-1365.8444
688.900,79.4415,69.9178,-1366.2451
689.000,79.8967,70.7650,-1366.6458
689.100,80.3327,71.5608,-1367.0464
689.200,80.7487,72.3045,-1367.4470
689.300,81.1443,72.9965,-1367.8475
689.400,81.5193,73.6380,-1368.2479
689.500,81.8744,74.2313,-1368.6483
689.600,82.2105,74.7797,-1369.0486
689.700,82.5289,75.2875,-1369.4489
689.800,82.8317,75.7600,-1369.8491
689.900,83.1211,76.2039,-1370.2492
690.000,83.4000,76.6264,-1370.6492
690.100,83.6712,77.0359,-1371.0492
690.200,83.9381,77.4414,-1371.4491
690.300,84.2040,77.8524,-1371.8489
690.400,84.4724,78.2789,-1372.2486
690.500,84.7466,78.7310,-1372.6482
690.600,85.0298,79.2185,-1373.0478
690.700,85.3253,79.7509,-1373.4472
690.800,85.6357,80.3369,-1373.8466
690.900,85.9637,80.9838,-1374.2459
691.000,86.3115,81.6979,-1374.6451
691.100,86.6810,82.4835,-1375.0442
691.200,87.0738,83.3429,-1375.4432
691.300,87.4910,84.2763,-1375.8421
691.400,87.9335,85.2817,-1376.2410
691.500,88.4017,86.3551,-1376.6398
691.600,88.8958,87.4902,-1377.0385
691.700,89.4158,88.6791,-1377.4372
691.800,89.9611,89.9127,-1377.8358
691.900,90.5312,91.1807,-1378.2343
692.000,91.1252,92.4726,-1378.6328
692.100,91.7422,93.7777,-1379.0313
692.200,92.3812,95.0857,-1379.4298
692.300,93.0410,96.3873,-1379.8282
692.400,93.7205,97.6740,-1380.2266
692.500,94.4187,98.9386,-1380.6251
692.600,95.1345,100.1750,-1381.0236
692.700,95.8672,101.3786,-1381.4221
692.800,96.6159,102.5458,-1381.8206
692.900,97.3802,103.6744,-1382.2192
693.000,98.1596,104.7631,-1382.6179
693.100,98.9541,105.8115,-1383.0166
693.200,99.7636,106.8201,-1383.4154
693.300,100.5881,107.7899,-1383.8143
693.400,101.4277,108.7222,-1384.2133
693.500,102.2818,109.6185,-1384.6124
693.600,103.1498,110.4799,-1385.0115
693.700,104.0303,111.3074,-1385.4108
693.800,104.9216,112.1013,-1385.8101
693.900,105.8219,112.8619,-1386.2094
694.000,106.7295,113.5893,-1386.6089
694.100,107.6424,114.2838,-1387.0083
694.200,108.5592,114.9457,-1387.4079
694.300,109.4781,115.5753,-1387.8074
694.400,110.3977,116.1732,-1388.2071
694.500,111.3164,116.7401,-1388.6068
694.600,112.2328,117.2767,-1389.0067
694.700,113.1456,117.7838,-1389.4066
694.800,114.0532,118.2625,-1389.8066
694.900,114.9545,118.7139,-1390.2067
695.000,115.8482,119.1389,-1390.6069
695.100,116.7331,119.5389,-1391.0072
695.200,117.6084,119.9152,-1391.4076
695.300,118.4731,120.2689,-1391.8082
695.400,119.3267,120.6014,-1392.2088
695.500,120.1687,120.9142,-1392.6096
695.600,120.9988,121.2087,-1393.0104
695.700,121.8173,121.4861,-1393.4114
695.800,122.6242,121.7479,-1393.8125
695.900,123.4203,121.9956,-1394.2138
696.000,124.2063,122.2305,-1394.6151
696.100,124.9832,122.4539,-1395.0166
696.200,125.7524,122.6671,-1395.4182
696.300,126.5153,122.8714,-1395.8199
696.400,127.2737,123.0681,-1396.2218
696.500,128.0292,123.2581,-1396.6237
696.600,128.7837,123.4427,-1397.0258
696.700,129.5393,123.6228,-1397.4280
696.800,130.2979,123.7994,-1397.8304
696.900,131.0614,123.9732,-1398.2328
697.000,131.8319,124.1452,-1398.6353
697.100,132.6111,124.3159,-1399.0380
697.200,133.4008,124.4859,-1399.4408
697.300,134.2025,124.6559,-1399.8437
697.400,135.0177,124.8262,-1400.2467
697.500,135.8476,124.9972,-1400.6498
697.600,136.6931,125.1691,-1401.0530
697.700,137.5549,125.3423,-1401.4563
697.800,138.4337,125.5166,-1401.8598
697.900,139.3295,125.6923,-1402.2633
698.000,140.2425,125.8691,-1402.6669
698.100,141.1725,126.0470,-1403.0706
698.200,142.1188,126.2257,-1403.4744
698.300,143.0811,126.4051,-1403.8783
698.400,144.0584,126.5847,-1404.2823
698.500,145.0499,126.7643,-1404.6863
698.600,146.0546,126.9433,-1405.0904
698.700,147.0715,127.1215,-1405.4947
698.800,148.0998,127.2983,-1405.8989
698.900,149.1384,127.4733,-1406.3033
699.000,150.1865,127.6461,-1406.7077
699.100,151.2437,127.8161,-1407.1122
699.200,152.3096,127.9829,-1407.5168
699.300,153.3839,128.1458,-1407.9214
699.400,154.4669,128.3043,-1408.3261
699.500,155.5589,128.4579,-1408.7308
699.600,156.6603,128.6058,-1409.1356
699.700,157.7717,128.7477,-1409.5404
699.800,158.8935,128.8833,-1409.9453
699.900,160.0255,129.0127,-1410.3502
700.000,161.1673,129.1363,-1410.7552
700.100,162.3177,129.2549,-1411.1602
700.200,163.4746,129.3690,-1411.5653
700.300,164.6355,129.4794,-1411.9704
700.400,165.7974,129.5864,-1412.3756
700.500,166.9568,129.6903,-1412.7810
700.600,168.1100,129.7914,-1413.1863
700.700,169.2536,129.8898,-1413.5918
700.800,170.3840,129.9857,-1413.9974
700.900,171.4976,130.0795,-1414.4031
701.000,172.5912,130.1713,-1414.8089
701.100,173.6617,130.2614,-1415.2148
701.200,174.7062,130.3502,-1415.6208
701.300,175.7219,130.4379,-1416.0269
701.400,176.7066,130.5249,-1416.4332
701.500,177.6582,130.6114,-1416.8396
701.600,178.5750,130.6979,-1417.2461
701.700,179.4558,130.7844,-1417.6527
701.800,-179.7001,130.8714,-1418.0595
701.900,-178.8928,130.9589,-1418.4664
702.000,-178.1221,131.0472,-1418.8735
702.100,-177.3869,131.1363,-1419.2807
702.200,-176.6860,131.2262,-1419.6880
702.300,-176.0172,131.3168,-1420.0954
702.400,-175.3782,131.4079,-1420.5030
702.500,-174.7660,131.4991,-1420.9107
702.600,-174.1775,131.5900,-1421.3185
702.700,-173.6091,131.6801,-1421.7264
702.800,-173.0573,131.7687,-1422.1345
702.900,-172.5182,131.8551,-1422.5427
703.000,-171.9883,131.9386,-1422.9510
703.100,-171.4641,132.0183,-1423.3594
703.200,-170.9420,132.0934,-1423.7679
703.300,-170.4192,132.1631,-1424.1766
703.400,-169.8927,132.2268,-1424.5853
703.500,-169.3604,132.2836,-1424.9942
703.600,-168.8201,132.3332,-1425.4032
703.700,-168.2703,132.3750,-1425.8123
703.800,-167.7099,132.4089,-1426.2215
703.900,-167.1383,132.4347,-1426.6308
704.000,-166.5550,132.4524,-1427.0403
704.100,-165.9602,132.4622,-1427.4498
704.200,-165.3541,132.4644,-1427.8595
704.300,-164.7374,132.4595,-1428.2693
704.400,-164.1109,132.4481,-1428.6792
704.500,-163.4758,132.4308,-1429.0892
704.600,-162.8331,132.4084,-1429.4994
704.700,-162.1842,132.3816,-1429.9096
704.800,-161.5304,132.3513,-1430.3199
704.900,-160.8730,132.3183,-1430.7303
705.000,-160.2133,132.2834,-1431.1409
705.100,-159.5528,132.2475,-1431.5515
705.200,-158.8925,132.2114,-1431.9621
705.300,-158.2337,132.1757,-1432.3729
705.400,-157.5776,132.1412,-1432.7837
705.500,-156.9250,132.1087,-1433.1946
705.600,-156.2771,132.0786,-1433.6056
705.700,-155.6346,132.0516,-1434.0166
705.800,-154.9984,132.0281,-1434.4276
705.900,-154.3690,132.0083,-1434.8387
706.000,-153.7468,131.9924,-1435.2498
706.100,-153.1319,131.9800,-1435.6609
706.200,-152.5239,131.9704,-1436.0720
706.300,-151.9223,131.9630,-1436.4831
706.400,-151.3265,131.9570,-1436.8943
706.500,-150.7362,131.9517,-1437.3055
706.600,-150.1510,131.9468,-1437.7167
706.700,-149.5709,131.9423,-1438.1280
706.800,-148.9962,131.9381,-1438.5393
706.900,-148.4271,131.9342,-1438.9507
707.000,-147.8637,131.9307,-1439.3621
707.100,-147.3064,131.9277,-1439.7735
707.200,-146.7554,131.9251,-1440.1850
707.300,-146.2108,131.9228,-1440.5966
707.400,-145.6727,131.9209,-1441.0082
707.500,-145.1413,131.9191,-1441.4199
707.600,-144.6167,131.9173,-1441.8317
707.700,-144.0990,131.9155,-1442.2435
707.800,-143.5882,131.9136,-1442.6553
707.900,-143.0844,131.9113,-1443.0672
708.000,-142.5876,131.9086,-1443.4792
708.100,-142.0979,131.9053,-1443.8913
708.200,-141.6153,131.9014,-1444.3034
708.300,-141.1398,131.8968,-1444.7155
708.400,-140.6714,131.8913,-1445.1277
708.500,-140.2101,131.8848,-1445.5400
708.600,-139.7559,131.8773,-1445.9523
708.700,-139.3087,131.8686,-1446.3647
708.800,-138.8685,131.8588,-1446.7772
708.900,-138.4353,131.8477,-1447.1897
709.000,-138.0089,131.8353,-1447.6023
709.100,-137.5893,131.8216,-1448.0149
709.200,-137.1763,131.8065,-1448.4276
709.300,-136.7699,131.7899,-1448.8403
709.400,-136.3698,131.7719,-1449.2532
709.500,-135.9761,131.7525,-1449.6660
709.600,-135.5884,131.7317,-1450.0790
709.700,-135.2066,131.7094,-1450.4920
709.800,-134.8305,131.6856,-1450.9051
709.900,-134.4599,131.6605,-1451.3182
710.000,-134.0946,131.6340,-1451.7314
710.100,-133.7342,131.6061,-1452.1447
710.200,-133.3787,131.5767,-1452.5580
710.300,-133.0275,131.5460,-1452.9714
710.400,-132.6805,131.5139,-1453.3849
710.500,-132.3374,131.4802,-1453.7984
710.600,-131.9977,131.4450,-1454.2120
710.700,-131.6611,131.4083,-1454.6257
710.800,-131.3273,131.3697,-1455.0394
710.900,-130.9959,131.3293,-1455.4532
711.000,-130.6666,131.2870,-1455.8670
711.100,-130.3389,131.2424,-1456.2809
711.200,-130.0125,131.1954,-1456.6949
711.300,-129.6872,131.1458,-1457.1090
711.400,-129.3626,131.0934,-1457.5231
711.500,-129.0384,131.0378,-1457.9372
711.600,-128.7144,130.9787,-1458.3514
711.700,-128.3904,130.9157,-1458.7657
711.800,-128.0663,130.8484,-1459.1800
711.900,-127.7420,130.7762,-1459.5944
712.000,-127.4175,130.6985,-1460.0089
712.100,-127.0928,130.6146,-1460.4234
712.200,-126.7680,130.5239,-1460.8380
712.300,-126.4434,130.4258,-1461.2527
712.400,-126.1192,130.3201,-1461.6675
712.500,-125.7955,130.2068,-1462.0824
712.600,-125.4725,130.0862,-1462.4973
712.700,-125.1501,129.9588,-1462.9124
712.800,-124.8282,129.8256,-1463.3275
712.900,-124.5066,129.6874,-1463.7428
713.000,-124.1853,129.5453,-1464.1581
713.100,-123.8644,129.4007,-1464.5736
713.200,-123.5440,129.2550,-1464.9891
713.300,-123.2244,129.1097,-1465.4047
713.400,-122.9059,128.9664,-1465.8204
713.500,-122.5891,128.8267,-1466.2362
713.600,-122.2744,128.6923,-1466.6521
713.700,-121.9624,128.5647,-1467.0680
713.800,-121.6538,128.4456,-1467.4841
713.900,-121.3491,128.3363,-1467.9003
714.000,-121.0489,128.2384,-1468.3165
714.100,-120.7539,128.1530,-1468.7328
714.200,-120.4646,128.0813,-1469.1492
714.300,-120.1817,128.0240,-1469.5657
714.400,-119.9056,127.9818,-1469.9822
714.500,-119.6369,127.9549,-1470.3988
714.600,-119.3760,127.9434,-1470.8154
714.700,-119.1230,127.9469,-1471.2321
714.800,-118.8784,127.9646,-1471.6488
714.900,-118.6421,127.9952,-1472.0655
715.000,-118.4141,128.0374,-1472.4823
715.100,-118.1943,128.0891,-1472.8991
715.200,-117.9824,128.1480,-1473.3158
715.300,-117.7780,128.2115,-1473.7326
715.400,-117.5806,128.2768,-1474.1494
715.500,-117.3895,128.3408,-1474.5662
715.600,-117.2042,128.4004,-1474.9829
715.700,-117.0238,128.4525,-1475.3997
715.800,-116.8477,128.4940,-1475.8164
715.900,-116.6751,128.5221,-1476.2332
716.000,-116.5053,128.5341,-1476.6499
716.100,-116.3377,128.5279,-1477.0667
716.200,-116.1716,128.5014,-1477.4835
716.300,-116.0064,128.4534,-1477.9003
716.400,-115.8418,128.3830,-1478.3171
716.500,-115.6775,128.2896,-1478.7340
716.600,-115.5130,128.1732,-1479.1509
716.700,-115.3483,128.0344,-1479.5679
716.800,-115.1833,127.8740,-1479.9849
716.900,-115.0179,127.6932,-1480.4020
717.000,-114.8523,127.4934,-1480.8191
717.100,-114.6864,127.2764,-1481.2364
717.200,-114.5206,127.0441,-1481.6537
717.300,-114.3550,126.7983,-1482.0710
717.400,-114.1898,126.5411,-1482.4885
717.500,-114.0254,126.2744,-1482.9060
717.600,-113.8619,126.0001,-1483.3236
717.700,-113.6996,125.7200,-1483.7413
717.800,-113.5388,125.4358,-1484.1591
717.900,-113.3799,125.1492,-1484.5769
718.000,-113.2230,124.8615,-1484.9949
718.100,-113.0684,124.5741,-1485.4129
718.200,-112.9165,124.2882,-1485.8310
718.300,-112.7672,124.0050,-1486.2492
718.400,-112.6209,123.7252,-1486.6674
718.500,-112.4775,123.4494,-1487.0857
718.600,-112.3369,123.1778,-1487.5041
718.700,-112.1988,122.9101,-1487.9225
718.800,-112.0628,122.6455,-1488.3410
718.900,-111.9286,122.3832,-1488.7596
719.000,-111.7958,122.1225,-1489.1782
719.100,-111.6641,121.8629,-1489.5968
719.200,-111.5334,121.6040,-1490.0156
719.300,-111.4035,121.3458,-1490.4344
719.400,-111.2740,121.0881,-1490.8532
719.500,-111.1447,120.8311,-1491.2722
719.600,-111.0153,120.5746,-1491.6912
719.700,-110.8855,120.3188,-1492.1103
719.800,-110.7551,120.0634,-1492.5294
719.900,-110.6238,119.8086,-1492.9487
720.000,-110.4912,119.5542,-1493.3680
720.100,-110.3573,119.3000,-1493.7874
720.200,-110.2217,119.0462,-1494.2069
720.300,-110.0845,118.7925,-1494.6265
720.400,-109.9455,118.5388,-1495.0462
720.500,-109.8046,118.2852,-1495.4659
720.600,-109.6618,118.0316,-1495.8857
720.700,-109.5173,117.7778,-1496.3057
720.800,-109.3710,117.5239,-1496.7257
720.900,-109.2231,117.2699,-1497.1458
721.000,-109.0738,117.0156,-1497.5660
721.100,-108.9232,116.7610,-1497.9862
721.200,-108.7716,116.5063,-1498.4066
721.300,-108.6192,116.2513,-1498.8270
721.400,-108.4663,115.9960,-1499.2476
721.500,-108.3131,115.7407,-1499.6682
721.600,-108.1599,115.4851,-1500.0889
721.700,-108.0070,115.2296,-1500.5097
721.800,-107.8547,114.9741,-1500.9306
721.900,-107.7033,114.7187,-1501.3516
722.000,-107.5530,114.4636,-1501.7727
722.100,-107.4042,114.2089,-1502.1939
722.200,-107.2569,113.9549,-1502.6152
722.300,-107.1115,113.7015,-1503.0365
722.400,-106.9681,113.4491,-1503.4580
722.500,-106.8269,113.1978,-1503.8796
722.600,-106.6880,112.9477,-1504.3012
722.700,-106.5514,112.6990,-1504.7230
722.800,-106.4172,112.4518,-1505.1448
722.900,-106.2855,112.2062,-1505.5668
723.000,-106.1561,111.9623,-1505.9888
723.100,-106.0290,111.7201,-1506.4109
723.200,-105.9040,111.4796,-1506.8332
723.300,-105.7809,111.2408,-1507.2555
723.400,-105.6596,111.0035,-1507.6779
723.500,-105.5399,110.7676,-1508.1004
723.600,-105.4214,110.5329,-1508.5230
723.700,-105.3038,110.2993,-1508.9457
723.800,-105.1870,110.0664,-1509.3684
723.900,-105.0706,109.8340,-1509.7913
724.000,-104.9544,109.6019,-1510.2143
724.100,-104.8380,109.3695,-1510.6373
724.200,-104.7212,109.1367,-1511.0604
724.300,-104.6038,108.9028,-1511.4836
724.400,-104.4854,108.6674,-1511.9070
724.500,-104.3659,108.4300,-1512.3304
724.600,-104.2450,108.1899,-1512.7539
724.700,-104.1224,107.9467,-1513.1775
724.800,-103.9981,107.7000,-1513.6012
724.900,-103.8720,107.4501,-1514.0250
725.000,-103.7442,107.1973,-1514.4490
725.100,-103.6147,106.9421,-1514.8730
725.200,-103.4834,106.6853,-1515.2972
725.300,-103.3504,106.4279,-1515.7214
725.400,-103.2158,106.1707,-1516.1457
725.500,-103.0797,105.9151,-1516.5701
725.600,-102.9427,105.6621,-1516.9946
725.700,-102.8051,105.4131,-1517.4192
725.800,-102.6675,105.1696,-1517.8438
725.900,-102.5306,104.9328,-1518.2686
726.000,-102.3952,104.7041,-1518.6933
726.100,-102.2620,104.4849,-1519.1182
726.200,-102.1317,104.2765,-1519.5431
726.300,-102.0051,104.0800,-1519.9680
726.400,-101.8831,103.8965,-1520.3930
726.500,-101.7663,103.7270,-1520.8179
726.600,-101.6555,103.5724,-1521.2429
726.700,-101.5513,103.4334,-1521.6679
726.800,-101.4542,103.3105,-1522.0929
726.900,-101.3647,103.2040,-1522.5178
727.000,-101.2831,103.1138,-1522.9427
727.100,-101.2096,103.0399,-1523.3675
727.200,-101.1441,102.9816,-1523.7922
727.300,-101.0866,102.9382,-1524.2168
727.400,-101.0367,102.9084,-1524.6413
727.500,-100.9937,102.8908,-1525.0657
727.600,-100.9570,102.8836,-1525.4899
727.700,-100.9255,102.8846,-1525.9140
727.800,-100.8981,102.8916,-1526.3379
727.900,-100.8736,102.9018,-1526.7617
728.000,-100.8507,102.9125,-1527.1853
728.100,-100.8279,102.9210,-1527.6087
728.200,-100.8038,102.9245,-1528.0320
728.300,-100.7769,102.9202,-1528.4551
728.400,-100.7461,102.9056,-1528.8781
728.500,-100.7100,102.8784,-1529.3010
728.600,-100.6675,102.8368,-1529.7237
728.700,-100.6179,102.7790,-1530.1463
728.800,-100.5602,102.7041,-1530.5688
728.900,-100.4941,102.6111,-1530.9913
729.000,-100.4192,102.5000,-1531.4137
729.100,-100.3353,102.3707,-1531.8360
729.200,-100.2424,102.2237,-1532.2583
729.300,-100.1408,102.0600,-1532.6806
729.400,-100.0308,101.8805,-1533.1029
729.500,-99.9128,101.6867,-1533.5253
729.600,-99.7874,101.4800,-1533.9476
729.700,-99.6553,101.2621,-1534.3700
729.800,-99.5171,101.0346,-1534.7925
729.900,-99.3734,100.7992,-1535.2150
730.000,-99.2251,100.5574,-1535.6375
730.100,-99.0729,100.3108,-1536.0602
730.200,-98.9174,100.0609,-1536.4829
730.300,-98.7594,99.8089,-1536.9057
730.400,-98.5993,99.5560,-1537.3286
730.500,-98.4379,99.3034,-1537.7516
730.600,-98.2756,99.0519,-1538.1746
730.700,-98.1130,98.8025,-1538.5978
730.800,-97.9504,98.5557,-1539.0210
730.900,-97.7881,98.3122,-1539.4443
731.000,-97.6263,98.0722,-1539.8678
731.100,-97.4647,97.8357,-1540.2912
731.200,-97.3030,97.6023,-1540.7148
731.300,-97.1407,97.3717,-1541.1385
731.400,-96.9775,97.1433,-1541.5622
731.500,-96.8131,96.9167,-1541.9860
731.600,-96.6473,96.6919,-1542.4098
731.700,-96.4798,96.4686,-1542.8338
731.800,-96.3107,96.2467,-1543.2578
731.900,-96.1398,96.0262,-1543.6819
732.000,-95.9668,95.8071,-1544.1061
732.100,-95.7917,95.5891,-1544.5304
732.200,-95.6142,95.3721,-1544.9548
732.300,-95.4340,95.1561,-1545.3793
732.400,-95.2510,94.9408,-1545.8039
732.500,-95.0649,94.7260,-1546.2285
732.600,-94.8756,94.5118,-1546.6533
732.700,-94.6829,94.2979,-1547.0781
732.800,-94.4867,94.0843,-1547.5031
732.900,-94.2868,93.8708,-1547.9281
733.000,-94.0834,93.6576,-1548.3533
733.100,-93.8763,93.4445,-1548.7785
733.200,-93.6656,93.2317,-1549.2039
733.300,-93.4513,93.0190,-1549.6293
733.400,-93.2337,92.8067,-1550.0548
733.500,-93.0128,92.5949,-1550.4805
733.600,-92.7888,92.3836,-1550.9062
733.700,-92.5618,92.1729,-1551.3320
733.800,-92.3322,91.9631,-1551.7579
733.900,-92.1001,91.7544,-1552.1840
734.000,-91.8659,91.5469,-1552.6101
734.100,-91.6297,91.3408,-1553.0363
734.200,-91.3918,91.1364,-1553.4626
734.300,-91.1526,90.9338,-1553.8890
734.400,-90.9123,90.7335,-1554.3156
734.500,-90.6712,90.5354,-1554.7422
734.600,-90.4297,90.3400,-1555.1689
734.700,-90.1878,90.1475,-1555.5958
734.800,-89.9461,89.9580,-1556.0227
734.900,-89.7045,89.7718,-1556.4497
735.000,-89.4635,89.5891,-1556.8769
735.100,-89.2232,89.4100,-1557.3041
735.200,-88.9837,89.2347,-1557.7315
735.300,-88.7451,89.0632,-1558.1589
735.400,-88.5077,88.8958,-1558.5865
735.500,-88.2713,88.7323,-1559.0142
735.600,-88.0359,88.5728,-1559.4419
735.700,-87.8016,88.4173,-1559.8698
735.800,-87.5681,88.2656,-1560.2977
735.900,-87.3353,88.1175,-1560.7258
736.000,-87.1030,87.9731,-1561.1539
736.100,-86.8709,87.8320,-1561.5822
736.200,-86.6388,87.6941,-1562.0105
736.300,-86.4061,87.5591,-1562.4390
736.400,-86.1727,87.4267,-1562.8675
736.500,-85.9381,87.2968,-1563.2961
736.600,-85.7018,87.1691,-1563.7249
736.700,-85.4633,87.0433,-1564.1537
736.800,-85.2222,86.9191,-1564.5826
736.900,-84.9779,86.7963,-1565.0116
737.000,-84.7295,86.6744,-1565.4407
737.100,-84.4766,86.5533,-1565.8700
737.200,-84.2182,86.4327,-1566.2993
737.300,-83.9540,86.3122,-1566.7287
737.400,-83.6835,86.1919,-1567.1582
737.500,-83.4067,86.0716,-1567.5879
737.600,-83.1237,85.9516,-1568.0176
737.700,-82.8348,85.8319,-1568.4474
737.800,-82.5410,85.7128,-1568.8773
737.900,-82.2431,85.5948,-1569.3073
738.000,-81.9427,85.4783,-1569.7374
738.100,-81.6414,85.3641,-1570.1675
738.200,-81.3412,85.2527,-1570.5976
738.300,-81.0441,85.1448,-1571.0279
738.400,-80.7526,85.0413,-1571.4581
738.500,-80.4690,84.9426,-1571.8884
738.600,-80.1958,84.8496,-1572.3187
738.700,-79.9356,84.7628,-1572.7490
738.800,-79.6909,84.6830,-1573.1792
738.900,-79.4642,84.6105,-1573.6094
739.000,-79.2577,84.5459,-1574.0396
739.100,-79.0735,84.4895,-1574.4697
739.200,-78.9134,84.4418,-1574.8997
739.300,-78.7788,84.4030,-1575.3296
739.400,-78.6707,84.3730,-1575.7593
739.500,-78.5895,84.3520,-1576.1889
739.600,-78.5349,84.3397,-1576.6183
739.700,-78.5063,84.3359,-1577.0474
739.800,-78.5022,84.3400,-1577.4764
739.900,-78.5205,84.3513,-1577.9050
740.000,-78.5584,84.3690,-1578.3334
740.100,-78.6127,84.3921,-1578.7616
740.200,-78.6798,84.4193,-1579.1894
740.300,-78.7554,84.4494,-1579.6169
740.400,-78.8352,84.4807,-1580.0441
740.500,-78.9146,84.5119,-1580.4709
740.600,-78.9892,84.5412,-1580.8975
740.700,-79.0546,84.5671,-1581.3237
740.800,-79.1064,84.5881,-1581.7496
740.900,-79.1408,84.6027,-1582.1753
741.000,-79.1544,84.6097,-1582.6006
741.100,-79.1441,84.6080,-1583.0258
741.200,-79.1073,84.5967,-1583.4506
741.300,-79.0421,84.5751,-1583.8753
741.400,-78.9469,84.5429,-1584.2998
741.500,-78.8208,84.4998,-1584.7241
741.600,-78.6632,84.4460,-1585.1483
741.700,-78.4740,84.3816,-1585.5724
741.800,-78.2536,84.3072,-1585.9964
741.900,-78.0024,84.2234,-1586.4203
742.000,-77.7216,84.1309,-1586.8442
742.100,-77.4120,84.0304,-1587.2681
742.200,-77.0751,83.9230,-1587.6919
742.300,-76.7122,83.8094,-1588.1158
742.400,-76.3248,83.6906,-1588.5397
742.500,-75.9142,83.5675,-1588.9636
742.600,-75.4819,83.4408,-1589.3875
742.700,-75.0291,83.3114,-1589.8115
742.800,-74.5571,83.1800,-1590.2356
742.900,-74.0671,83.0472,-1590.6598
743.000,-73.5598,82.9136,-1591.0840
743.100,-73.0363,82.7797,-1591.5083
743.200,-72.4974,82.6460,-1591.9327
743.300,-71.9438,82.5129,-1592.3571
743.400,-71.3762,82.3806,-1592.7817
743.500,-70.7952,82.2495,-1593.2064
743.600,-70.2008,82.1194,-1593.6311
743.700,-69.5931,81.9904,-1594.0559
743.800,-68.9716,81.8622,-1594.4808
743.900,-68.3357,81.7347,-1594.9058
744.000,-67.6850,81.6078,-1595.3309
744.100,-67.0189,81.4815,-1595.7561
744.200,-66.3369,81.3556,-1596.1813
744.300,-65.6385,81.2301,-1596.6067
744.400,-64.9233,81.1049,-1597.0321
744.500,-64.1910,80.9797,-1597.4576
744.600,-63.4410,80.8544,-1597.8832
744.700,-62.6732,80.7289,-1598.3090
744.800,-61.8871,80.6029,-1598.7348
744.900,-61.0826,80.4762,-1599.1607
745.000,-60.2594,80.3486,-1599.5867
745.100,-59.4176,80.2202,-1600.0128
745.200,-58.5572,80.0907,-1600.4390
745.300,-57.6783,79.9600,-1600.8653
745.400,-56.7812,79.8282,-1601.2917
745.500,-55.8660,79.6953,-1601.7182
745.600,-54.9333,79.5613,-1602.1448
745.700,-53.9834,79.4263,-1602.5715
745.800,-53.0167,79.2904,-1602.9983
745.900,-52.0337,79.1538,-1603.4252
746.000,-51.0347,79.0167,-1603.8522
746.100,-50.0201,78.8793,-1604.2793
746.200,-48.9902,78.7419,-1604.7065
746.300,-47.9452,78.6048,-1605.1338
746.400,-46.8852,78.4682,-1605.5612
746.500,-45.8101,78.3325,-1605.9887
746.600,-44.7199,78.1980,-1606.4163
746.700,-43.6144,78.0652,-1606.8440
746.800,-42.4932,77.9343,-1607.2718
746.900,-41.3560,77.8058,-1607.6997
747.000,-40.2023,77.6800,-1608.1277
747.100,-39.0315,77.5572,-1608.5558
747.200,-37.8430,77.4379,-1608.9840
747.300,-36.6363,77.3222,-1609.4123
747.400,-35.4107,77.2107,-1609.8407
747.500,-34.1656,77.1034,-1610.2692
747.600,-32.9003,77.0008,-1610.6978
747.700,-31.6143,76.9029,-1611.1265
747.800,-30.3071,76.8101,-1611.5553
747.900,-28.9782,76.7223,-1611.9842
748.000,-27.6273,76.6397,-1612.4131
748.100,-26.2540,76.5623,-1612.8422
748.200,-24.8581,76.4901,-1613.2714
748.300,-23.4395,76.4232,-1613.7006
748.400,-21.9984,76.3613,-1614.1299
748.500,-20.5347,76.3043,-1614.5593
748.600,-19.0489,76.2522,-1614.9888
748.700,-17.5412,76.2047,-1615.4184
748.800,-16.0121,76.1616,-1615.8481
748.900,-14.4622,76.1228,-1616.2778
749.000,-12.8919,76.0881,-1616.7077
749.100,-11.3017,76.0573,-1617.1376
749.200,-9.6920,76.0303,-1617.5676
749.300,-8.0632,76.0069,-1617.9977
749.400,-6.4154,75.9869,-1618.4279
749.500,-4.7492,75.9702,-1618.8581
749.600,-3.0656,75.9565,-1619.2885
749.700,-1.3666,75.9455,-1619.7189
749.800,0.3444,75.9369,-1620.1495
749.900,2.0624,75.9302,-1620.5801
750.000,3.7806,75.9252,-1621.0108
750.100,5.4909,75.9215,-1621.4416
750.200,7.1843,75.9188,-1621.8725
750.300,8.8517,75.9170,-1622.3034
750.400,10.4837,75.9159,-1622.7344
750.500,12.0713,75.9156,-1623.1654
750.600,13.6057,75.9160,-1623.5964
750.700,15.0787,75.9172,-1624.0275
750.800,16.4826,75.9192,-1624.4585
750.900,17.8104,75.9219,-1624.8896
751.000,19.0555,75.9255,-1625.3206
751.100,20.2123,75.9297,-1625.7516
751.200,21.2758,75.9346,-1626.1825
751.300,22.2416,75.9401,-1626.6134
751.400,23.1060,75.9460,-1627.0442
751.500,23.8663,75.9523,-1627.4748
751.600,24.5203,75.9588,-1627.9053
751.700,25.0672,75.9653,-1628.3357
751.800,25.5067,75.9719,-1628.7659
751.900,25.8401,75.9783,-1629.1959
752.000,26.0694,75.9846,-1629.6257
752.100,26.1982,75.9907,-1630.0553
752.200,26.2315,75.9966,-1630.4846
752.300,26.1754,76.0022,-1630.9136
752.400,26.0376,76.0076,-1631.3423
752.500,25.8273,76.0126,-1631.7707
752.600,25.5548,76.0173,-1632.1988
752.700,25.2318,76.0216,-1632.6265
752.800,24.8710,76.0254,-1633.0539
752.900,24.4860,76.0284,-1633.4809
753.000,24.0911,76.0305,-1633.9076
753.100,23.7007,76.0315,-1634.3339
753.200,23.3294,76.0311,-1634.7599
753.300,22.9912,76.0290,-1635.1855
753.400,22.6994,76.0252,-1635.6108
753.500,22.4661,76.0193,-1636.0358
753.600,22.3020,76.0112,-1636.4605
753.700,22.2161,76.0008,-1636.8850
753.800,22.2153,75.9882,-1637.3091
753.900,22.3045,75.9732,-1637.7330
754.000,22.4865,75.9561,-1638.1568
754.100,22.7619,75.9369,-1638.5803
754.200,23.1296,75.9159,-1639.0037
754.300,23.5866,75.8934,-1639.4269
754.400,24.1284,75.8696,-1639.8500
754.500,24.7493,75.8447,-1640.2730
754.600,25.4425,75.8192,-1640.6960
754.700,26.2008,75.7934,-1641.1188
754.800,27.0166,75.7675,-1641.5417
754.900,27.8824,75.7419,-1641.9645
755.000,28.7906,75.7169,-1642.3873
755.100,29.7341,75.6928,-1642.8101
755.200,30.7065,75.6697,-1643.2329
755.300,31.7018,75.6481,-1643.6558
755.400,32.7148,75.6280,-1644.0787
755.500,33.7410,75.6098,-1644.5016
755.600,34.7762,75.5936,-1644.9246
755.700,35.8168,75.5796,-1645.3477
755.800,36.8593,75.5682,-1645.7708
755.900,37.9002,75.5593,-1646.1940
756.000,38.9359,75.5531,-1646.6173
756.100,39.9625,75.5495,-1647.0407
756.200,40.9764,75.5484,-1647.4641
756.300,41.9742,75.5495,-1647.8876
756.400,42.9535,75.5524,-1648.3113
756.500,43.9121,75.5568,-1648.7350
756.600,44.8484,75.5622,-1649.1587
756.700,45.7611,75.5683,-1649.5826
756.800,46.6491,75.5746,-1650.0065
756.900,47.5114,75.5806,-1650.4305
757.000,48.3468,75.5858,-1650.8546
757.100,49.1545,75.5898,-1651.2788
757.200,49.9338,75.5920,-1651.7031
757.300,50.6840,75.5920,-1652.1275
757.400,51.4046,75.5894,-1652.5519
757.500,52.0955,75.5839,-1652.9764
757.600,52.7568,75.5751,-1653.4011
757.700,53.3887,75.5628,-1653.8258
757.800,53.9919,75.5468,-1654.2506
757.900,54.5672,75.5271,-1654.6755
758.000,55.1156,75.5036,-1655.1005
758.100,55.6386,75.4766,-1655.5256
758.200,56.1377,75.4462,-1655.9508
758.300,56.6148,75.4127,-1656.3760
758.400,57.0719,75.3765,-1656.8014
758.500,57.5112,75.3381,-1657.2269
758.600,57.9351,75.2982,-1657.6525
758.700,58.3461,75.2573,-1658.0782
758.800,58.7468,75.2163,-1658.5040
758.900,59.1397,75.1759,-1658.9298
759.000,59.5276,75.1371,-1659.3558
759.100,59.9128,75.1007,-1659.7819
759.200,60.2981,75.0678,-1660.2081
759.300,60.6858,75.0393,-1660.6344
759.400,61.0782,75.0163,-1661.0608
759.500,61.4774,74.9997,-1661.4872
759.600,61.8854,74.9906,-1661.9138
759.700,62.3039,74.9901,-1662.3405
759.800,62.7344,74.9990,-1662.7672
759.900,63.1782,75.0183,-1663.1941
760.000,63.6363,75.0488,-1663.6210
760.100,64.1095,75.0915,-1664.0480
760.200,64.5982,75.1471,-1664.4751
760.300,65.1028,75.2162,-1664.9023
760.400,65.6232,75.2995,-1665.3295
760.500,66.1592,75.3973,-1665.7568
760.600,66.7104,75.5103,-1666.1842
760.700,67.2761,75.6386,-1666.6117
760.800,67.8555,75.7825,-1667.0392
760.900,68.4477,75.9421,-1667.4668
761.000,69.0518,76.1176,-1667.8944
761.100,69.6666,76.3089,-1668.3221
761.200,70.2913,76.5160,-1668.7498
761.300,70.9249,76.7390,-1669.1777
761.400,71.5664,76.9778,-1669.6055
761.500,72.2152,77.2325,-1670.0335
761.600,72.8707,77.5031,-1670.4614
761.700,73.5325,77.7899,-1670.8895
761.800,74.2001,78.0929,-1671.3176
761.900,74.8732,78.4124,-1671.7458
762.000,75.5513,78.7485,-1672.1740
762.100,76.2335,79.1011,-1672.6024
762.200,76.9184,79.4698,-1673.0308
762.300,77.6042,79.8538,-1673.4593
762.400,78.2886,80.2521,-1673.8879
762.500,78.9688,80.6634,-1674.3165
762.600,79.6422,81.0861,-1674.7452
762.700,80.3062,81.5188,-1675.1740
762.800,80.9587,81.9599,-1675.6027
762.900,81.5976,82.4079,-1676.0316
763.000,82.2208,82.8608,-1676.4604
763.100,82.8264,83.3165,-1676.8892
763.200,83.4124,83.7726,-1677.3181
763.300,83.9766,84.2264,-1677.7470
763.400,84.5172,84.6749,-1678.1758
763.500,85.0321,85.1150,-1678.6047
763.600,85.5194,85.5433,-1679.0335
763.700,85.9772,85.9564,-1679.4623
763.800,86.4037,86.3508,-1679.8910
763.900,86.7975,86.7230,-1680.3197
764.000,87.1569,87.0697,-1680.7484
764.100,87.4810,87.3880,-1681.1771
764.200,87.7689,87.6753,-1681.6056
764.300,88.0201,87.9296,-1682.0342
764.400,88.2347,88.1497,-1682.4626
764.500,88.4131,88.3349,-1682.8910
764.600,88.5566,88.4855,-1683.3194
764.700,88.6666,88.6026,-1683.7477
764.800,88.7454,88.6880,-1684.1759
764.900,88.7956,88.7445,-1684.6040
765.000,88.8206,88.7754,-1685.0321
765.100,88.8240,88.7846,-1685.4601
765.200,88.8100,88.7765,-1685.8880
765.300,88.7830,88.7556,-1686.3158
765.400,88.7476,88.7269,-1686.7436
765.500,88.7086,88.6949,-1687.1713
765.600,88.6710,88.6645,-1687.5989
765.700,88.6393,88.6402,-1688.0264
765.800,88.6181,88.6260,-1688.4538
765.900,88.6117,88.6258,-1688.8812
766.000,88.6240,88.6431,-1689.3085
766.100,88.6583,88.6809,-1689.7357
766.200,88.7175,88.7417,-1690.1628
766.300,88.8038,88.8278,-1690.5899
766.400,88.9190,88.9407,-1691.0169
766.500,89.0639,89.0818,-1691.4438
766.600,89.2390,89.2521,-1691.8707
766.700,89.4441,89.4520,-1692.2975
766.800,89.6785,89.6817,-1692.7242
766.900,89.9410,89.9413,-1693.1509
767.000,90.2301,90.2303,-1693.5776
767.100,90.5439,90.5483,-1694.0042
767.200,90.8804,90.8947,-1694.4308
767.300,91.2375,91.2685,-1694.8574
767.400,91.6131,91.6692,-1695.2839
767.500,92.0051,92.0957,-1695.7105
767.600,92.4114,92.5473,-1696.1371
767.700,92.8303,93.0234,-1696.5637
767.800,93.2601,93.5234,-1696.9903
767.900,93.6995,94.0467,-1697.4169
768.000,94.1472,94.5931,-1697.8436
768.100,94.6024,95.1624,-1698.2704
768.200,95.0641,95.7545,-1698.6972
768.300,95.5317,96.3694,-1699.1241
768.400,96.0047,97.0068,-1699.5511
768.500,96.4822,97.6663,-1699.9782
768.600,96.9632,98.3466,-1700.4053
768.700,97.4464,99.0463,-1700.8325
768.800,97.9302,99.7633,-1701.2598
768.900,98.4131,100.4955,-1701.6871
769.000,98.8934,101.2405,-1702.1145
769.100,99.3697,101.9963,-1702.5420
769.200,99.8407,102.7610,-1702.9695
769.300,100.3052,103.5324,-1703.3970
769.400,100.7621,104.3087,-1703.8246
769.500,101.2102,105.0879,-1704.2523
769.600,101.6486,105.8680,-1704.6800
769.700,102.0765,106.6471,-1705.1078
769.800,102.4930,107.4235,-1705.5357
769.900,102.8977,108.1952,-1705.9636
770.000,103.2899,108.9608,-1706.3917
770.100,103.6693,109.7188,-1706.8198
770.200,104.0357,110.4679,-1707.2480
770.300,104.3890,111.2071,-1707.6763
770.400,104.7295,111.9358,-1708.1047
770.500,105.0575,112.6535,-1708.5332
770.600,105.3734,113.3602,-1708.9618
770.700,105.6780,114.0562,-1709.3905
770.800,105.9721,114.7423,-1709.8193
770.900,106.2569,115.4195,-1710.2482
771.000,106.5334,116.0893,-1710.6773
771.100,106.8031,116.7535,-1711.1064
771.200,107.0674,117.4142,-1711.5357
771.300,107.3278,118.0738,-1711.9651
771.400,107.5862,118.7349,-1712.3945
771.500,107.8441,119.4004,-1712.8242
771.600,108.1032,120.0732,-1713.2539
771.700,108.3654,120.7563,-1713.6837
771.800,108.6323,121.4527,-1714.1137
771.900,108.9057,122.1653,-1714.5438
772.000,109.1870,122.8969,-1714.9739
772.100,109.4778,123.6500,-1715.4042
772.200,109.7796,124.4271,-1715.8346
772.300,110.0934,125.2300,-1716.2651
772.400,110.4206,126.0604,-1716.6957
772.500,110.7619,126.9194,-1717.1264
772.600,111.1181,127.8077,-1717.5571
772.700,111.4898,128.7254,-1717.9880
772.800,111.8772,129.6722,-1718.4189
772.900,112.2806,130.6471,-1718.8499
773.000,112.6998,131.6486,-1719.2810
773.100,113.1345,132.6750,-1719.7122
773.200,113.5844,133.7240,-1720.1434
773.300,114.0489,134.7929,-1720.5747
773.400,114.5272,135.8789,-1721.0061
773.500,115.0185,136.9792,-1721.4375
773.600,115.5221,138.0907,-1721.8690
773.700,116.0371,139.2108,-1722.3005
773.800,116.5626,140.3367,-1722.7321
773.900,117.0978,141.4664,-1723.1637
774.000,117.6420,142.5978,-1723.5954
774.100,118.1945,143.7296,-1724.0271
774.200,118.7548,144.8609,-1724.4589
774.300,119.3222,145.9913,-1724.8907
774.400,119.8964,147.1206,-1725.3226
774.500,120.4766,148.2492,-1725.7545
774.600,121.0622,149.3770,-1726.1865
774.700,121.6524,150.5039,-1726.6185
774.800,122.2464,151.6288,-1727.0505
774.900,122.8430,152.7496,-1727.4826
775.000,123.4414,153.8631,-1727.9146
775.100,124.0407,154.9652,-1728.3467
775.200,124.6401,156.0512,-1728.7788
775.300,125.2387,157.1164,-1729.2110
775.400,125.8354,158.1562,-1729.6432
775.500,126.4289,159.1661,-1730.0754
775.600,127.0177,160.1421,-1730.5077
775.700,127.6001,161.0804,-1730.9400
775.800,128.1741,161.9779,-1731.3724
775.900,128.7377,162.8317,-1731.8049
776.000,129.2889,163.6395,-1732.2375
776.100,129.8257,164.3992,-1732.6701
776.200,130.3462,165.1093,-1733.1029
776.300,130.8485,165.7687,-1733.5358
776.400,131.3310,166.3766,-1733.9688
776.500,131.7921,166.9326,-1734.4019
776.600,132.2305,167.4367,-1734.8352
776.700,132.6453,167.8895,-1735.2686
776.800,133.0358,168.2920,-1735.7022
776.900,133.4016,168.6454,-1736.1359
777.000,133.7429,168.9518,-1736.5698
777.100,134.0602,169.2137,-1737.0039
777.200,134.3542,169.4340,-1737.4382
777.300,134.6264,169.6160,-1737.8728
777.400,134.8784,169.7638,-1738.3075
777.500,135.1123,169.8816,-1738.7425
777.600,135.3303,169.9740,-1739.1776
777.700,135.5349,170.0459,-1739.6131
777.800,135.7289,170.1024,-1740.0487
777.900,135.9150,170.1487,-1740.4846
778.000,136.0961,170.1899,-1740.9207
778.100,136.2748,170.2308,-1741.3570
778.200,136.4537,170.2762,-1741.7936
778.300,136.6354,170.3304,-1742.2304
778.400,136.8221,170.3972,-1742.6674
778.500,137.0156,170.4799,-1743.1047
778.600,137.2178,170.5812,-1743.5421
778.700,137.4300,170.7032,-1743.9797
778.800,137.6532,170.8473,-1744.4175
778.900,137.8883,171.0141,-1744.8555
779.000,138.1357,171.2039,-1745.2936
779.100,138.3957,171.4162,-1745.7318
779.200,138.6680,171.6500,-1746.1702
779.300,138.9526,171.9039,-1746.6088
779.400,139.2490,172.1761,-1747.0474
779.500,139.5565,172.4646,-1747.4862
779.600,139.8745,172.7670,-1747.9250
779.700,140.2023,173.0810,-1748.3639
779.800,140.5390,173.4042,-1748.8029
779.900,140.8838,173.7342,-1749.2420
780.000,141.2360,174.0686,-1749.6812
780.100,141.5948,174.4054,-1750.1204
780.200,141.9596,174.7424,-1750.5596
780.300,142.3299,175.0778,-1750.9989
780.400,142.7051,175.4098,-1751.4382
780.500,143.0850,175.7369,-1751.8776
780.600,143.4695,176.0577,-1752.3170
780.700,143.8584,176.3710,-1752.7564
780.800,144.2520,176.6755,-1753.1959
780.900,144.6505,176.9705,-1753.6353
781.000,145.0540,177.2553,-1754.0747
781.100,145.4629,177.5296,-1754.5141
781.200,145.8771,177.7939,-1754.9535
781.300,146.2965,178.0489,-1755.3929
781.400,146.7206,178.2955,-1755.8322
781.500,147.1491,178.5346,-1756.2716
781.600,147.5812,178.7668,-1756.7109
781.700,148.0162,178.9925,-1757.1503
781.800,148.4533,179.2118,-1757.5897
781.900,148.8916,179.4246,-1758.0291
782.000,149.3303,179.6307,-1758.4685
782.100,149.7684,179.8298,-1758.9079
782.200,150.2051,-179.9783,-1759.3474
782.300,150.6397,-179.7939,-1759.7869
782.400,151.0714,-179.6172,-1760.2264
782.500,151.4994,-179.4483,-1760.6660
782.600,151.9233,-179.2875,-1761.1055
782.700,152.3424,-179.1348,-1761.5452
782.800,152.7563,-178.9901,-1761.9848
782.900,153.1647,-178.8536,-1762.4246
783.000,153.5673,-178.7251,-1762.8643
783.100,153.9639,-178.6044,-1763.3041
783.200,154.3545,-178.4915,-1763.7439
783.300,154.7391,-178.3860,-1764.1838
783.400,155.1178,-178.2877,-1764.6238
783.500,155.4910,-178.1962,-1765.0637
783.600,155.8588,-178.1110,-1765.5038
783.700,156.2219,-178.0319,-1765.9439
783.800,156.5805,-177.9582,-1766.3840
783.900,156.9354,-177.8894,-1766.8242
784.000,157.2871,-177.8252,-1767.2644
784.100,157.6361,-177.7649,-1767.7047
784.200,157.9832,-177.7081,-1768.1450
784.300,158.3290,-177.6543,-1768.5854
784.400,158.6741,-177.6028,-1769.0258
784.500,159.0190,-177.5534,-1769.4662
784.600,159.3644,-177.5056,-1769.9067
784.700,159.7105,-177.4589,-1770.3473
784.800,160.0579,-177.4130,-1770.7878
784.900,160.4068,-177.3677,-1771.2285
785.000,160.7575,-177.3224,-1771.6691
785.100,161.1100,-177.2771,-1772.1098
785.200,161.4644,-177.2315,-1772.5505
785.300,161.8207,-177.1853,-1772.9912
785.400,162.1787,-177.1384,-1773.4320
785.500,162.5382,-177.0906,-1773.8728
785.600,162.8989,-177.0416,-1774.3135
785.700,163.2605,-176.9914,-1774.7543
785.800,163.6226,-176.9397,-1775.1951
785.900,163.9848,-176.8863,-1775.6359
786.000,164.3466,-176.8311,-1776.0767
786.100,164.7077,-176.7738,-1776.5175
786.200,165.0675,-176.7142,-1776.9583
786.300,165.4258,-176.6520,-1777.3990
786.400,165.7822,-176.5870,-1777.8398
786.500,166.1363,-176.5188,-1778.2805
786.600,166.4880,-176.4469,-1778.7211
786.700,166.8371,-176.3710,-1779.1617
786.800,167.1836,-176.2904,-1779.6023
786.900,167.5274,-176.2044,-1780.0428
787.000,167.8687,-176.1123,-1780.4832
787.100,168.2078,-176.0135,-1780.9236
787.200,168.5450,-175.9072,-1781.3638
787.300,168.8808,-175.7931,-1781.8039
787.400,169.2157,-175.6712,-1782.2440
787.500,169.5503,-175.5419,-1782.6839
787.600,169.8848,-175.4060,-1783.1238
787.700,170.2194,-175.2644,-1783.5636
787.800,170.5538,-175.1181,-1784.0033
787.900,170.8877,-174.9679,-1784.4430
788.000,171.2203,-174.8147,-1784.8828
788.100,171.5509,-174.6593,-1785.3224
788.200,171.8789,-174.5026,-1785.7621
788.300,172.2034,-174.3454,-1786.2018
788.400,172.5238,-174.1885,-1786.6416
788.500,172.8393,-174.0327,-1787.0813
788.600,173.1495,-173.8788,-1787.5211
788.700,173.4536,-173.7275,-1787.9610
788.800,173.7511,-173.5797,-1788.4009
788.900,174.0416,-173.4359,-1788.8409
789.000,174.3245,-173.2968,-1789.2809
789.100,174.5996,-173.1630,-1789.7211
789.200,174.8663,-173.0349,-1790.1614
789.300,175.1246,-172.9129,-1790.6018
789.400,175.3741,-172.7974,-1791.0423
789.500,175.6148,-172.6884,-1791.4830
789.600,175.8465,-172.5860,-1791.9238
789.700,176.0693,-172.4902,-1792.3648
789.800,176.2834,-172.4007,-1792.8059
789.900,176.4887,-172.3171,-1793.2473
790.000,176.6857,-172.2391,-1793.6888
790.100,176.8745,-172.1660,-1794.1304
790.200,177.0555,-172.0973,-1794.5723
790.300,177.2291,-172.0321,-1795.0144
790.400,177.3956,-171.9698,-1795.4566
790.500,177.5555,-171.9095,-1795.8991
790.600,177.7092,-171.8506,-1796.3417
790.700,177.8570,-171.7921,-1796.7845
790.800,177.9995,-171.7335,-1797.2275
790.900,178.1371,-171.6742,-1797.6707
791.000,178.2702,-171.6136,-1798.1140
791.100,178.3992,-171.5514,-1798.5575
791.200,178.5245,-171.4873,-1799.0012
791.300,178.6466,-171.4211,-1799.4450
791.400,178.7658,-171.3529,-1799.8889
791.500,178.8825,-171.2828,-1800.3330
791.600,178.9971,-171.2111,-1800.7772
791.700,179.1100,-171.1381,-1801.2214
791.800,179.2215,-171.0643,-1801.6658
791.900,179.3320,-170.9902,-1802.1102
792.000,179.4418,-170.9164,-1802.5548
792.100,179.5512,-170.8437,-1802.9993
792.200,179.6605,-170.7726,-1803.4439
792.300,179.7699,-170.7039,-1803.8886
792.400,179.8799,-170.6383,-1804.3333
792.500,179.9905,-170.5765,-1804.7779
792.600,-179.8979,-170.5191,-1805.2226
792.700,-179.7852,-170.4667,-1805.6673
792.800,-179.6713,-170.4200,-1806.1120
792.900,-179.5558,-170.3796,-1806.5567
793.000,-179.4388,-170.3460,-1807.0013
793.100,-179.3201,-170.3198,-1807.4458
793.200,-179.1995,-170.3014,-1807.8904
793.300,-179.0771,-170.2913,-1808.3348
793.400,-178.9529,-170.2898,-1808.7792
793.500,-178.8270,-170.2968,-1809.2235
793.600,-178.6995,-170.3120,-1809.6677
793.700,-178.5709,-170.3349,-1810.1118
793.800,-178.4413,-170.3644,-1810.5559
793.900,-178.3113,-170.3998,-1810.9999
794.000,-178.1810,-170.4403,-1811.4440
794.100,-178.0506,-170.4855,-1811.8879
794.200,-177.9203,-170.5349,-1812.3319
794.300,-177.7901,-170.5884,-1812.7759
794.400,-177.6599,-170.6459,-1813.2199
794.500,-177.5299,-170.7074,-1813.6639
794.600,-177.4000,-170.7727,-1814.1078
794.700,-177.2702,-170.8416,-1814.5518
794.800,-177.1406,-170.9140,-1814.9958
794.900,-177.0112,-170.9896,-1815.4398
795.000,-176.8821,-171.0682,-1815.8838
795.100,-176.7532,-171.1496,-1816.3279
795.200,-176.6247,-171.2336,-1816.7719
795.300,-176.4966,-171.3200,-1817.2160
795.400,-176.3689,-171.4084,-1817.6601
795.500,-176.2418,-171.4988,-1818.1042
795.600,-176.1151,-171.5909,-1818.5483
795.700,-175.9891,-171.6845,-1818.9925
795.800,-175.8637,-171.7794,-1819.4367
795.900,-175.7391,-171.8755,-1819.8809
796.000,-175.6152,-171.9727,-1820.3252
796.100,-175.4922,-172.0707,-1820.7695
796.200,-175.3700,-172.1695,-1821.2138
796.300,-175.2488,-172.2689,-1821.6582
796.400,-175.1285,-172.3689,-1822.1026
796.500,-175.0094,-172.4693,-1822.5471
796.600,-174.8913,-172.5700,-1822.9915
796.700,-174.7744,-172.6710,-1823.4361
796.800,-174.6587,-172.7722,-1823.8806
796.900,-174.5443,-172.8733,-1824.3252
797.000,-174.4312,-172.9744,-1824.7698
797.100,-174.3194,-173.0752,-1825.2145
797.200,-174.2091,-173.1756,-1825.6591
797.300,-174.1002,-173.2755,-1826.1038
797.400,-173.9927,-173.3746,-1826.5486
797.500,-173.8868,-173.4727,-1826.9933
797.600,-173.7823,-173.5696,-1827.4381
797.700,-173.6794,-173.6651,-1827.8829
797.800,-173.5780,-173.7587,-1828.3277
797.900,-173.4782,-173.8503,-1828.7725
798.000,-173.3800,-173.9394,-1829.2173
798.100,-173.2833,-174.0257,-1829.6621
798.200,-173.1881,-174.1089,-1830.1069
798.300,-173.0945,-174.1886,-1830.5517
798.400,-173.0025,-174.2643,-1830.9964
798.500,-172.9119,-174.3357,-1831.4412
798.600,-172.8229,-174.4024,-1831.8859
798.700,-172.7354,-174.4640,-1832.3306
798.800,-172.6494,-174.5202,-1832.7753
798.900,-172.5649,-174.5704,-1833.2199
799.000,-172.4819,-174.6144,-1833.6645
799.100,-172.4005,-174.6518,-1834.1090
799.200,-172.3207,-174.6821,-1834.5534
799.300,-172.2426,-174.7050,-1834.9978
799.400,-172.1663,-174.7199,-1835.4421
799.500,-172.0919,-174.7264,-1835.8863
799.600,-172.0197,-174.7241,-1836.3304
799.700,-171.9496,-174.7128,-1836.7744
799.800,-171.8819,-174.6924,-1837.2183
799.900,-171.8166,-174.6633,-1837.6621
800.000,-171.7537,-174.6260,-1838.1058
800.100,-171.6931,-174.5813,-1838.5494
800.200,-171.6347,-174.5298,-1838.9929
800.300,-171.5783,-174.4723,-1839.4364
800.400,-171.5236,-174.4091,-1839.8798
800.500,-171.4705,-174.3408,-1840.3232
800.600,-171.4188,-174.2677,-1840.7666
800.700,-171.3682,-174.1902,-1841.2100
800.800,-171.3184,-174.1088,-1841.6534
800.900,-171.2693,-174.0240,-1842.0968
801.000,-171.2207,-173.9363,-1842.5402
801.100,-171.1723,-173.8463,-1842.9836
801.200,-171.1241,-173.7546,-1843.4270
801.300,-171.0757,-173.6617,-1843.8705
801.400,-171.0272,-173.5682,-1844.3141
801.500,-170.9785,-173.4746,-1844.7577
801.600,-170.9295,-173.3815,-1845.2014
801.700,-170.8801,-173.2892,-1845.6452
801.800,-170.8305,-173.1982,-1846.0891
801.900,-170.7807,-173.1088,-1846.5332
802.000,-170.7309,-173.0213,-1846.9773
802.100,-170.6812,-172.9358,-1847.4215
802.200,-170.6319,-172.8525,-1847.8659
802.300,-170.5832,-172.7713,-1848.3105
802.400,-170.5355,-172.6922,-1848.7552
802.500,-170.4891,-172.6150,-1849.2000
802.600,-170.4445,-172.5395,-1849.6450
802.700,-170.4019,-172.4653,-1850.0902
802.800,-170.3619,-172.3920,-1850.5355
802.900,-170.3248,-172.3193,-1850.9810
803.000,-170.2909,-172.2466,-1851.4267
803.100,-170.2608,-172.1737,-1851.8725
803.200,-170.2346,-172.0999,-1852.3185
803.300,-170.2127,-172.0251,-1852.7647
803.400,-170.1953,-171.9487,-1853.2110
803.500,-170.1824,-171.8706,-1853.6575
803.600,-170.1743,-171.7907,-1854.1041
803.700,-170.1708,-171.7087,-1854.5508
803.800,-170.1720,-171.6247,-1854.9977
803.900,-170.1777,-171.5389,-1855.4447
804.000,-170.1877,-171.4514,-1855.8918
804.100,-170.2017,-171.3627,-1856.3389
804.200,-170.2195,-171.2731,-1856.7862
804.300,-170.2408,-171.1830,-1857.2335
804.400,-170.2650,-171.0931,-1857.6809
804.500,-170.2920,-171.0040,-1858.1284
804.600,-170.3212,-170.9163,-1858.5759
804.700,-170.3523,-170.8306,-1859.0234
804.800,-170.3848,-170.7477,-1859.4710
804.900,-170.4185,-170.6682,-1859.9186
805.000,-170.4528,-170.5928,-1860.3661
805.100,-170.4876,-170.5221,-1860.8137
805.200,-170.5224,-170.4567,-1861.2613
805.300,-170.5572,-170.3973,-1861.7088
805.400,-170.5916,-170.3443,-1862.1563
805.500,-170.6254,-170.2984,-1862.6038
805.600,-170.6586,-170.2601,-1863.0512
805.700,-170.6911,-170.2300,-1863.4986
805.800,-170.7229,-170.2084,-1863.9459
805.900,-170.7541,-170.1957,-1864.3931
806.000,-170.7848,-170.1919,-1864.8402
806.100,-170.8152,-170.1967,-1865.2873
806.200,-170.8456,-170.2094,-1865.7342
806.300,-170.8763,-170.2291,-1866.1811
806.400,-170.9075,-170.2547,-1866.6279
806.500,-170.9392,-170.2856,-1867.0748
806.600,-170.9717,-170.3210,-1867.5215
806.700,-171.0046,-170.3607,-1867.9683
806.800,-171.0380,-170.4043,-1868.4151
806.900,-171.0716,-170.4517,-1868.8618
807.000,-171.1051,-170.5028,-1869.3086
807.100,-171.1385,-170.5574,-1869.7553
807.200,-171.1715,-170.6152,-1870.2020
807.300,-171.2038,-170.6761,-1870.6488
807.400,-171.2354,-170.7399,-1871.0955
807.500,-171.2660,-170.8062,-1871.5423
807.600,-171.2955,-170.8748,-1871.9891
807.700,-171.3239,-170.9455,-1872.4359
807.800,-171.3509,-171.0180,-1872.8827
807.900,-171.3766,-171.0921,-1873.3295
808.000,-171.4009,-171.1675,-1873.7763
808.100,-171.4236,-171.2440,-1874.2232
808.200,-171.4449,-171.3215,-1874.6701
808.300,-171.4646,-171.3997,-1875.1170
808.400,-171.4829,-171.4785,-1875.5640
808.500,-171.4998,-171.5577,-1876.0109
808.600,-171.5153,-171.6371,-1876.4580
808.700,-171.5296,-171.7167,-1876.9050
808.800,-171.5427,-171.7964,-1877.3521
808.900,-171.5547,-171.8759,-1877.7992
809.000,-171.5659,-171.9553,-1878.2464
809.100,-171.5762,-172.0345,-1878.6936
809.200,-171.5860,-172.1133,-1879.1408
809.300,-171.5952,-172.1916,-1879.5881
809.400,-171.6040,-172.2694,-1880.0354
809.500,-171.6127,-172.3465,-1880.4827
809.600,-171.6212,-172.4228,-1880.9300
809.700,-171.6297,-172.4982,-1881.3774
809.800,-171.6383,-172.5725,-1881.8248
809.900,-171.6472,-172.6455,-1882.2723
810.000,-171.6563,-172.7170,-1882.7198
810.100,-171.6657,-172.7869,-1883.1672
810.200,-171.6755,-172.8548,-1883.6147
810.300,-171.6857,-172.9204,-1884.0622
810.400,-171.6964,-172.9835,-1884.5098
810.500,-171.7075,-173.0438,-1884.9573
810.600,-171.7191,-173.1009,-1885.4048
810.700,-171.7311,-173.1545,-1885.8523
810.800,-171.7435,-173.2041,-1886.2998
810.900,-171.7563,-173.2495,-1886.7473
811.000,-171.7695,-173.2903,-1887.1948
811.100,-171.7830,-173.3260,-1887.6422
811.200,-171.7969,-173.3563,-1888.0896
811.300,-171.8111,-173.3809,-1888.5370
811.400,-171.8256,-173.3994,-1888.9844
811.500,-171.8404,-173.4114,-1889.4317
811.600,-171.8554,-173.4165,-1889.8789
811.700,-171.8708,-173.4143,-1890.3261
811.800,-171.8864,-173.4044,-1890.7732
811.900,-171.9024,-173.3864,-1891.2203
812.000,-171.9188,-173.3597,-1891.6672
812.100,-171.9356,-173.3241,-1892.1141
812.200,-171.9529,-173.2792,-1892.5609
812.300,-171.9708,-173.2251,-1893.0075
812.400,-171.9893,-173.1619,-1893.4541
812.500,-172.0083,-173.0903,-1893.9005
812.600,-172.0279,-173.0110,-1894.3469
812.700,-172.0480,-172.9247,-1894.7932
812.800,-172.0685,-172.8320,-1895.2395
812.900,-172.0892,-172.7335,-1895.6857
813.000,-172.1102,-172.6295,-1896.1320
813.100,-172.1312,-172.5206,-1896.5782
813.200,-172.1523,-172.4072,-1897.0244
813.300,-172.1732,-172.2898,-1897.4706
813.400,-172.1938,-172.1689,-1897.9168
813.500,-172.2142,-172.0451,-1898.3630
813.600,-172.2341,-171.9190,-1898.8093
813.700,-172.2536,-171.7913,-1899.2556
813.800,-172.2727,-171.6625,-1899.7019
813.900,-172.2911,-171.5333,-1900.1484
814.000,-172.3090,-171.4041,-1900.5949
814.100,-172.3264,-171.2756,-1901.0414
814.200,-172.3432,-171.1481,-1901.4881
814.300,-172.3595,-171.0221,-1901.9349
814.400,-172.3753,-170.8979,-1902.3818
814.500,-172.3907,-170.7757,-1902.8288
814.600,-172.4058,-170.6556,-1903.2760
814.700,-172.4207,-170.5378,-1903.7233
814.800,-172.4355,-170.4222,-1904.1708
814.900,-172.4503,-170.3085,-1904.6184
815.000,-172.4654,-170.1966,-1905.0662
815.100,-172.4807,-170.0862,-1905.5141
815.200,-172.4965,-169.9768,-1905.9622
815.300,-172.5129,-169.8679,-1906.4105
815.400,-172.5301,-169.7591,-1906.8590
815.500,-172.5480,-169.6498,-1907.3076
815.600,-172.5670,-169.5395,-1907.7564
815.700,-172.5869,-169.4277,-1908.2054
815.800,-172.6080,-169.3139,-1908.6545
815.900,-172.6303,-169.1977,-1909.1038
816.000,-172.6537,-169.0789,-1909.5533
816.100,-172.6783,-168.9572,-1910.0028
816.200,-172.7041,-168.8325,-1910.4526
816.300,-172.7311,-168.7049,-1910.9024
816.400,-172.7591,-168.5745,-1911.3524
816.500,-172.7881,-168.4415,-1911.8025
816.600,-172.8180,-168.3063,-1912.2527
816.700,-172.8488,-168.1694,-1912.7030
816.800,-172.8803,-168.0314,-1913.1534
816.900,-172.9125,-167.8928,-1913.6038
817.000,-172.9452,-167.7544,-1914.0543
817.100,-172.9784,-167.6168,-1914.5049
817.200,-173.0119,-167.4808,-1914.9555
817.300,-173.0457,-167.3473,-1915.4061
817.400,-173.0796,-167.2168,-1915.8568
817.500,-173.1137,-167.0901,-1916.3074
817.600,-173.1478,-166.9680,-1916.7581
817.700,-173.1818,-166.8512,-1917.2087
817.800,-173.2158,-166.7401,-1917.6594
817.900,-173.2497,-166.6356,-1918.1100
818.000,-173.2835,-166.5381,-1918.5606
818.100,-173.3171,-166.4482,-1919.0111
818.200,-173.3506,-166.3664,-1919.4616
818.300,-173.3839,-166.2932,-1919.9120
818.400,-173.4171,-166.2288,-1920.3623
818.500,-173.4502,-166.1732,-1920.8126
818.600,-173.4831,-166.1260,-1921.2628
818.700,-173.5160,-166.0864,-1921.7128
818.800,-173.5488,-166.0535,-1922.1629
818.900,-173.5816,-166.0263,-1922.6128
819.000,-173.6143,-166.0039,-1923.0628
819.100,-173.6470,-165.9857,-1923.5127
819.200,-173.6797,-165.9715,-1923.9626
819.300,-173.7123,-165.9610,-1924.4124
819.400,-173.7448,-165.9541,-1924.8623
819.500,-173.7772,-165.9508,-1925.3122
819.600,-173.8094,-165.9508,-1925.7620
819.700,-173.8414,-165.9541,-1926.2119
819.800,-173.8732,-165.9606,-1926.6617
819.900,-173.9048,-165.9699,-1927.1116
820.000,-173.9360,-165.9819,-1927.5615
820.100,-173.9670,-165.9963,-1928.0113
820.200,-173.9975,-166.0130,-1928.4612
820.300,-174.0278,-166.0318,-1928.9111
820.400,-174.0575,-166.0523,-1929.3610
820.500,-174.0869,-166.0744,-1929.8109
820.600,-174.1157,-166.0979,-1930.2609
820.700,-174.1440,-166.1226,-1930.7108
820.800,-174.1718,-166.1483,-1931.1608
820.900,-174.1989,-166.1747,-1931.6108
821.000,-174.2255,-166.2018,-1932.0608
821.100,-174.2513,-166.2294,-1932.5109
821.200,-174.2765,-166.2573,-1932.9610
821.300,-174.3009,-166.2853,-1933.4110
821.400,-174.3245,-166.3134,-1933.8612
821.500,-174.3473,-166.3414,-1934.3113
821.600,-174.3693,-166.3691,-1934.7615
821.700,-174.3905,-166.3965,-1935.2117
821.800,-174.4107,-166.4234,-1935.6619
821.900,-174.4301,-166.4497,-1936.1121
822.000,-174.4486,-166.4753,-1936.5624
822.100,-174.4661,-166.4999,-1937.0127
822.200,-174.4828,-166.5235,-1937.4630
822.300,-174.4986,-166.5459,-1937.9133
822.400,-174.5134,-166.5669,-1938.3637
822.500,-174.5274,-166.5864,-1938.8141
822.600,-174.5406,-166.6040,-1939.2644
822.700,-174.5530,-166.6197,-1939.7148
822.800,-174.5646,-166.6331,-1940.1652
822.900,-174.5755,-166.6441,-1940.6156
823.000,-174.5857,-166.6522,-1941.0660
823.100,-174.5952,-166.6574,-1941.5164
823.200,-174.6042,-166.6592,-1941.9668
823.300,-174.6127,-166.6573,-1942.4172
823.400,-174.6206,-166.6515,-1942.8676
823.500,-174.6282,-166.6414,-1943.3180
823.600,-174.6354,-166.6268,-1943.7684
823.700,-174.6422,-166.6072,-1944.2187
823.800,-174.6487,-166.5824,-1944.6690
823.900,-174.6549,-166.5520,-1945.1193
824.000,-174.6609,-166.5158,-1945.5695
824.100,-174.6666,-166.4733,-1946.0197
824.200,-174.6719,-166.4242,-1946.4698
824.300,-174.6770,-166.3682,-1946.9199
824.400,-174.6816,-166.3047,-1947.3700
824.500,-174.6857,-166.2334,-1947.8199
824.600,-174.6891,-166.1538,-1948.2698
824.700,-174.6918,-166.0658,-1948.7196
824.800,-174.6936,-165.9691,-1949.1693
824.900,-174.6943,-165.8641,-1949.6189
825.000,-174.6939,-165.7511,-1950.0685
825.100,-174.6923,-165.6309,-1950.5180
825.200,-174.6896,-165.5040,-1950.9675
825.300,-174.6859,-165.3711,-1951.4169
825.400,-174.6813,-165.2326,-1951.8664
825.500,-174.6761,-165.0891,-1952.3158
825.600,-174.6703,-164.9410,-1952.7652
825.700,-174.6642,-164.7888,-1953.2147
825.800,-174.6580,-164.6333,-1953.6642
825.900,-174.6520,-164.4750,-1954.1137
826.000,-174.6462,-164.3146,-1954.5632
826.100,-174.6410,-164.1528,-1955.0128
826.200,-174.6364,-163.9904,-1955.4625
826.300,-174.6327,-163.8279,-1955.9123
826.400,-174.6301,-163.6662,-1956.3621
826.500,-174.6286,-163.5058,-1956.8120
826.600,-174.6284,-163.3472,-1957.2621
826.700,-174.6296,-163.1911,-1957.7123
826.800,-174.6324,-163.0378,-1958.1626
826.900,-174.6367,-162.8876,-1958.6130
827.000,-174.6427,-162.7409,-1959.0636
827.100,-174.6502,-162.5975,-1959.5144
827.200,-174.6592,-162.4577,-1959.9653
827.300,-174.6698,-162.3211,-1960.4164
827.400,-174.6817,-162.1876,-1960.8677
827.500,-174.6947,-162.0568,-1961.3191
827.600,-174.7088,-161.9280,-1961.7708
827.700,-174.7237,-161.8008,-1962.2226
827.800,-174.7391,-161.6745,-1962.6747
827.900,-174.7548,-161.5483,-1963.1269
828.000,-174.7706,-161.4214,-1963.5793
828.100,-174.7861,-161.2932,-1964.0319
828.200,-174.8012,-161.1628,-1964.4847
828.300,-174.8156,-161.0296,-1964.9377
828.400,-174.8289,-160.8929,-1965.3909
828.500,-174.8412,-160.7524,-1965.8443
828.600,-174.8520,-160.6077,-1966.2978
828.700,-174.8615,-160.4584,-1966.7515
828.800,-174.8693,-160.3046,-1967.2053
828.900,-174.8754,-160.1463,-1967.6593
829.000,-174.8799,-159.9837,-1968.1134
829.100,-174.8827,-159.8172,-1968.5676
829.200,-174.8838,-159.6472,-1969.0220
829.300,-174.8834,-159.4743,-1969.4765
829.400,-174.8814,-159.2993,-1969.9310
829.500,-174.8781,-159.1228,-1970.3857
829.600,-174.8735,-158.9457,-1970.8404
829.700,-174.8678,-158.7688,-1971.2952
829.800,-174.8611,-158.5929,-1971.7500
829.900,-174.8537,-158.4189,-1972.2049
830.000,-174.8456,-158.2476,-1972.6598
830.100,-174.8370,-158.0797,-1973.1148
830.200,-174.8280,-157.9160,-1973.5697
830.300,-174.8189,-157.7573,-1974.0247
830.400,-174.8097,-157.6042,-1974.4797
830.500,-174.8005,-157.4573,-1974.9347
830.600,-174.7914,-157.3173,-1975.3896
830.700,-174.7825,-157.1846,-1975.8445
830.800,-174.7739,-157.0597,-1976.2994
830.900,-174.7655,-156.9428,-1976.7542
831.000,-174.7574,-156.8339,-1977.2090
831.100,-174.7494,-156.7326,-1977.6636
831.200,-174.7414,-156.6381,-1978.1183
831.300,-174.7334,-156.5495,-1978.5728
831.400,-174.7253,-156.4658,-1979.0274
831.500,-174.7168,-156.3860,-1979.4819
831.600,-174.7081,-156.3098,-1979.9364
831.700,-174.6990,-156.2366,-1980.3909
831.800,-174.6898,-156.1666,-1980.8454
831.900,-174.6803,-156.0995,-1981.2998
832.000,-174.6708,-156.0353,-1981.7543
832.100,-174.6613,-155.9740,-1982.2088
832.200,-174.6519,-155.9155,-1982.6633
832.300,-174.6426,-155.8597,-1983.1179
832.400,-174.6336,-155.8064,-1983.5724
832.500,-174.6248,-155.7555,-1984.0269
832.600,-174.6164,-155.7068,-1984.4815
832.700,-174.6083,-155.6601,-1984.9360
832.800,-174.6005,-155.6153,-1985.3906
832.900,-174.5932,-155.5722,-1985.8452
833.000,-174.5862,-155.5306,-1986.2998
833.100,-174.5796,-155.4904,-1986.7544
833.200,-174.5732,-155.4513,-1987.2090
833.300,-174.5672,-155.4132,-1987.6637
833.400,-174.5613,-155.3759,-1988.1183
833.500,-174.5556,-155.3393,-1988.5730
833.600,-174.5499,-155.3032,-1989.0277
833.700,-174.5442,-155.2674,-1989.4824
833.800,-174.5384,-155.2319,-1989.9372
833.900,-174.5324,-155.1964,-1990.3919
834.000,-174.5261,-155.1608,-1990.8467
834.100,-174.5193,-155.1250,-1991.3015
834.200,-174.5120,-155.0889,-1991.7563
834.300,-174.5041,-155.0523,-1992.2111
834.400,-174.4955,-155.0150,-1992.6659
834.500,-174.4862,-154.9770,-1993.1208
834.600,-174.4760,-154.9382,-1993.5756
834.700,-174.4648,-154.8983,-1994.0305
834.800,-174.4527,-154.8573,-1994.4854
834.900,-174.4397,-154.8150,-1994.9403
835.000,-174.4256,-154.7713,-1995.3953
835.100,-174.4104,-154.7260,-1995.8502
835.200,-174.3943,-154.6790,-1996.3052
835.300,-174.3771,-154.6301,-1996.7602
835.400,-174.3589,-154.5791,-1997.2152
835.500,-174.3398,-154.5259,-1997.6702
835.600,-174.3198,-154.4702,-1998.1252
835.700,-174.2989,-154.4119,-1998.5803
835.800,-174.2772,-154.3507,-1999.0353
835.900,-174.2547,-154.2863,-1999.4904
836.000,-174.2315,-154.2186,-1999.9454
836.100,-174.2076,-154.1474,-2000.4005
836.200,-174.1831,-154.0723,-2000.8556
836.300,-174.1580,-153.9931,-2001.3106
836.400,-174.1322,-153.9095,-2001.7657
836.500,-174.1059,-153.8213,-2002.2207
836.600,-174.0789,-153.7282,-2002.6757
836.700,-174.0512,-153.6299,-2003.1308
836.800,-174.0227,-153.5260,-2003.5858
836.900,-173.9933,-153.4162,-2004.0407
837.000,-173.9627,-153.3000,-2004.4957
837.100,-173.9307,-153.1771,-2004.9506
837.200,-173.8971,-153.0472,-2005.4055
837.300,-173.8616,-152.9101,-2005.8603
837.400,-173.8240,-152.7659,-2006.3152
837.500,-173.7842,-152.6149,-2006.7700
837.600,-173.7423,-152.4575,-2007.2248
837.700,-173.6985,-152.2944,-2007.6796
837.800,-173.6529,-152.1259,-2008.1344
837.900,-173.6059,-151.9526,-2008.5892
838.000,-173.5579,-151.7751,-2009.0441
838.100,-173.5093,-151.5941,-2009.4991
838.200,-173.4604,-151.4101,-2009.9540
838.300,-173.4118,-151.2241,-2010.4091
838.400,-173.3638,-151.0368,-2010.8642
838.500,-173.3169,-150.8492,-2011.3194
838.600,-173.2714,-150.6621,-2011.7747
838.700,-173.2277,-150.4763,-2012.2300
838.800,-173.1861,-150.2928,-2012.6855
838.900,-173.1471,-150.1124,-2013.1411
839.000,-173.1109,-149.9358,-2013.5969
839.100,-173.0778,-149.7637,-2014.0528
839.200,-173.0480,-149.5967,-2014.5088
839.300,-173.0216,-149.4353,-2014.9650
839.400,-172.9989,-149.2798,-2015.4214
839.500,-172.9798,-149.1304,-2015.8779
839.600,-172.9642,-148.9871,-2016.3347
839.700,-172.9521,-148.8498,-2016.7916
839.800,-172.9432,-148.7181,-2017.2487
839.900,-172.9373,-148.5917,-2017.7060
840.000,-172.9340,-148.4697,-2018.1635
840.100,-172.9328,-148.3514,-2018.6212
840.200,-172.9334,-148.2358,-2019.0791
840.300,-172.9351,-148.1218,-2019.5372
840.400,-172.9374,-148.0082,-2019.9955
840.500,-172.9398,-147.8939,-2020.4540
840.600,-172.9416,-147.7776,-2020.9127
840.700,-172.9423,-147.6581,-2021.3716
840.800,-172.9414,-147.5344,-2021.8307
840.900,-172.9383,-147.4054,-2022.2900
841.000,-172.9328,-147.2704,-2022.7494
841.100,-172.9243,-147.1285,-2023.2091
841.200,-172.9126,-146.9794,-2023.6689
841.300,-172.8975,-146.8226,-2024.1289
841.400,-172.8788,-146.6583,-2024.5890
841.500,-172.8564,-146.4863,-2025.0494
841.600,-172.8304,-146.3071,-2025.5098
841.700,-172.8008,-146.1210,-2025.9704
841.800,-172.7677,-145.9288,-2026.4311
841.900,-172.7314,-145.7310,-2026.8920
842.000,-172.6920,-145.5287,-2027.3530
842.100,-172.6497,-145.3227,-2027.8140
842.200,-172.6050,-145.1139,-2028.2752
842.300,-172.5580,-144.9034,-2028.7365
842.400,-172.5092,-144.6921,-2029.1978
842.500,-172.4587,-144.4810,-2029.6593
842.600,-172.4069,-144.2710,-2030.1208
842.700,-172.3541,-144.0629,-2030.5823
842.800,-172.3006,-143.8577,-2031.0439
842.900,-172.2466,-143.6561,-2031.5056
843.000,-172.1924,-143.4587,-2031.9673
843.100,-172.1382,-143.2663,-2032.4290
843.200,-172.0842,-143.0794,-2032.8907
843.300,-172.0306,-142.8984,-2033.3524
843.400,-171.9774,-142.7237,-2033.8141
843.500,-171.9248,-142.5551,-2034.2758
843.600,-171.8726,-142.3924,-2034.7375
843.700,-171.8208,-142.2347,-2035.1992
843.800,-171.7692,-142.0811,-2035.6608
843.900,-171.7174,-141.9308,-2036.1225
844.000,-171.6654,-141.7829,-2036.5841
844.100,-171.6130,-141.6370,-2037.0458
844.200,-171.5603,-141.4928,-2037.5075
844.300,-171.5071,-141.3504,-2037.9692
844.400,-171.4538,-141.2096,-2038.4310
844.500,-171.4002,-141.0707,-2038.8928
844.600,-171.3466,-140.9335,-2039.3546
844.700,-171.2931,-140.7981,-2039.8164
844.800,-171.2396,-140.6644,-2040.2783
844.900,-171.1865,-140.5325,-2040.7402
845.000,-171.1336,-140.4021,-2041.2022
845.100,-171.0810,-140.2732,-2041.6642
845.200,-171.0289,-140.1457,-2042.1262
845.300,-170.9771,-140.0195,-2042.5883
845.400,-170.9258,-139.8945,-2043.0503
845.500,-170.8750,-139.7705,-2043.5125
845.600,-170.8245,-139.6474,-2043.9746
845.700,-170.7744,-139.5252,-2044.4368
845.800,-170.7246,-139.4037,-2044.8990
845.900,-170.6751,-139.2827,-2045.3612
846.000,-170.6258,-139.1622,-2045.8235
846.100,-170.5765,-139.0421,-2046.2858
846.200,-170.5273,-138.9221,-2046.7481
846.300,-170.4779,-138.8023,-2047.2105
846.400,-170.4283,-138.6825,-2047.6729
846.500,-170.3784,-138.5627,-2048.1353
846.600,-170.3280,-138.4426,-2048.5977
846.700,-170.2770,-138.3222,-2049.0602
846.800,-170.2253,-138.2014,-2049.5227
846.900,-170.1728,-138.0802,-2049.9853
847.000,-170.1193,-137.9584,-2050.4478
847.100,-170.0649,-137.8361,-2050.9104
847.200,-170.0093,-137.7130,-2051.3731
847.300,-169.9525,-137.5893,-2051.8358
847.400,-169.8945,-137.4647,-2052.2985
847.500,-169.8351,-137.3394,-2052.7613
847.600,-169.7744,-137.2131,-2053.2241
847.700,-169.7124,-137.0859,-2053.6870
847.800,-169.6490,-136.9578,-2054.1499
847.900,-169.5842,-136.8285,-2054.6128
848.000,-169.5181,-136.6982,-2055.0758
848.100,-169.4506,-136.5666,-2055.5389
848.200,-169.3817,-136.4336,-2056.0020
848.300,-169.3115,-136.2992,-2056.4652
848.400,-169.2400,-136.1632,-2056.9284
848.500,-169.1673,-136.0255,-2057.3916
848.600,-169.0932,-135.8859,-2057.8550
848.700,-169.0179,-135.7443,-2058.3183
848.800,-168.9413,-135.6004,-2058.7817
848.900,-168.8634,-135.4541,-2059.2452
849.000,-168.7842,-135.3052,-2059.7087
849.100,-168.7034,-135.1535,-2060.1722
849.200,-168.6211,-134.9986,-2060.6358
849.300,-168.5369,-134.8404,-2061.0994
849.400,-168.4507,-134.6786,-2061.5631
849.500,-168.3622,-134.5127,-2062.0268
849.600,-168.2709,-134.3424,-2062.4905
849.700,-168.1764,-134.1674,-2062.9543
849.800,-168.0784,-133.9874,-2063.4181
849.900,-167.9767,-133.8024,-2063.8820
850.000,-167.8712,-133.6123,-2064.3459
850.100,-167.7620,-133.4175,-2064.8099
850.200,-167.6494,-133.2183,-2065.2739
850.300,-167.5341,-133.0153,-2065.7381
850.400,-167.4165,-132.8091,-2066.2023
850.500,-167.2974,-132.6004,-2066.6665
850.600,-167.1775,-132.3902,-2067.1309
850.700,-167.0576,-132.1795,-2067.5953
850.800,-166.9386,-131.9694,-2068.0599
850.900,-166.8211,-131.7610,-2068.5245
851.000,-166.7061,-131.5555,-2068.9893
851.100,-166.5944,-131.3541,-2069.4541
851.200,-166.4868,-131.1578,-2069.9191
851.300,-166.3841,-130.9678,-2070.3843
851.400,-166.2870,-130.7851,-2070.8495
851.500,-166.1964,-130.6106,-2071.3149
851.600,-166.1129,-130.4453,-2071.7805
851.700,-166.0369,-130.2897,-2072.2461
851.800,-165.9689,-130.1444,-2072.7120
851.900,-165.9093,-130.0097,-2073.1780
852.000,-165.8581,-129.8859,-2073.6441
852.100,-165.8152,-129.7727,-2074.1104
852.200,-165.7805,-129.6698,-2074.5768
852.300,-165.7535,-129.5766,-2075.0433
852.400,-165.7336,-129.4922,-2075.5100
852.500,-165.7199,-129.4156,-2075.9768
852.600,-165.7115,-129.3453,-2076.4437
852.700,-165.7072,-129.2798,-2076.9108
852.800,-165.7058,-129.2173,-2077.3780
852.900,-165.7061,-129.1561,-2077.8453
853.000,-165.7066,-129.0943,-2078.3127
853.100,-165.7060,-129.0298,-2078.7803
853.200,-165.7028,-128.9609,-2079.2479
853.300,-165.6960,-128.8858,-2079.7157
853.400,-165.6842,-128.8028,-2080.1836
853.500,-165.6664,-128.7105,-2080.6516
853.600,-165.6417,-128.6077,-2081.1197
853.700,-165.6093,-128.4935,-2081.5879
853.800,-165.5686,-128.3672,-2082.0563
853.900,-165.5191,-128.2286,-2082.5248
854.000,-165.4605,-128.0774,-2082.9934
854.100,-165.3928,-127.9138,-2083.4621
854.200,-165.3160,-127.7383,-2083.9310
854.300,-165.2301,-127.5515,-2084.4000
854.400,-165.1356,-127.3542,-2084.8691
854.500,-165.0328,-127.1472,-2085.3383
854.600,-164.9221,-126.9318,-2085.8077
854.700,-164.8041,-126.7089,-2086.2771
854.800,-164.6793,-126.4798,-2086.7467
854.900,-164.5484,-126.2456,-2087.2164
855.000,-164.4119,-126.0074,-2087.6862
855.100,-164.2706,-125.7664,-2088.1561
855.200,-164.1248,-125.5235,-2088.6261
855.300,-163.9754,-125.2798,-2089.0962
855.400,-163.8228,-125.0362,-2089.5664
855.500,-163.6675,-124.7934,-2090.0367
855.600,-163.5101,-124.5522,-2090.5071
855.700,-163.3511,-124.3132,-2090.9775
855.800,-163.1908,-124.0771,-2091.4480
855.900,-163.0297,-123.8441,-2091.9185
856.000,-162.8680,-123.6143,-2092.3891
856.100,-162.7058,-123.3875,-2092.8597
856.200,-162.5429,-123.1631,-2093.3304
856.300,-162.3788,-122.9403,-2093.8011
856.400,-162.2133,-122.7186,-2094.2719
856.500,-162.0459,-122.4972,-2094.7427
856.600,-161.8763,-122.2758,-2095.2136
856.700,-161.7043,-122.0544,-2095.6845
856.800,-161.5300,-121.8331,-2096.1556
856.900,-161.3535,-121.6118,-2096.6267
857.000,-161.1749,-121.3908,-2097.0978
857.100,-160.9944,-121.1702,-2097.5691
857.200,-160.8121,-120.9500,-2098.0404
857.300,-160.6281,-120.7303,-2098.5117
857.400,-160.4425,-120.5110,-2098.9832
857.500,-160.2554,-120.2922,-2099.4547
857.600,-160.0669,-120.0739,-2099.9263
857.700,-159.8770,-119.8559,-2100.3980
857.800,-159.6857,-119.6383,-2100.8697
857.900,-159.4931,-119.4210,-2101.3415
858.000,-159.2990,-119.2041,-2101.8134
858.100,-159.1035,-118.9874,-2102.2854
858.200,-158.9065,-118.7709,-2102.7574
858.300,-158.7078,-118.5546,-2103.2295
858.400,-158.5074,-118.3384,-2103.7017
858.500,-158.3052,-118.1224,-2104.1739
858.600,-158.1008,-117.9064,-2104.6462
858.700,-157.8942,-117.6904,-2105.1186
858.800,-157.6851,-117.4744,-2105.5910
858.900,-157.4733,-117.2583,-2106.0635
859.000,-157.2585,-117.0422,-2106.5361
859.100,-157.0405,-116.8259,-2107.0087
859.200,-156.8190,-116.6095,-2107.4814
859.300,-156.5937,-116.3930,-2107.9542
859.400,-156.3644,-116.1763,-2108.4270
859.500,-156.1309,-115.9594,-2108.9000
859.600,-155.8928,-115.7424,-2109.3730
859.700,-155.6501,-115.5253,-2109.8461
859.800,-155.4024,-115.3080,-2110.3192
859.900,-155.1498,-115.0908,-2110.7925
860.000,-154.8919,-114.8735,-2111.2658
860.100,-154.6288,-114.6563,-2111.7393
860.200,-154.3604,-114.4392,-2112.2128
860.300,-154.0865,-114.2221,-2112.6864
860.400,-153.8072,-114.0053,-2113.1601
860.500,-153.5225,-113.7886,-2113.6340
860.600,-153.2322,-113.5721,-2114.1079
860.700,-152.9365,-113.3558,-2114.5819
860.800,-152.6352,-113.1396,-2115.0560
860.900,-152.3284,-112.9235,-2115.5302
861.000,-152.0160,-112.7074,-2116.0045
861.100,-151.6979,-112.4912,-2116.4789
861.200,-151.3740,-112.2749,-2116.9534
861.300,-151.0441,-112.0582,-2117.4280
861.400,-150.7081,-111.8411,-2117.9026
861.500,-150.3657,-111.6233,-2118.3774
861.600,-150.0166,-111.4048,-2118.8523
861.700,-149.6604,-111.1852,-2119.3272
861.800,-149.2965,-110.9644,-2119.8023
861.900,-148.9241,-110.7421,-2120.2774
862.000,-148.5426,-110.5179,-2120.7526
862.100,-148.1507,-110.2916,-2121.2279
862.200,-147.7474,-110.0627,-2121.7033
862.300,-147.3319,-109.8310,-2122.1788
862.400,-146.9039,-109.5962,-2122.6544
862.500,-146.4633,-109.3583,-2123.1301
862.600,-146.0109,-109.1176,-2123.6059
862.700,-145.5480,-108.8746,-2124.0818
862.800,-145.0761,-108.6302,-2124.5578
862.900,-144.5975,-108.3852,-2125.0338
863.000,-144.1146,-108.1407,-2125.5100
863.100,-143.6301,-107.8980,-2125.9862
863.200,-143.1470,-107.6584,-2126.4626
863.300,-142.6686,-107.4233,-2126.9390
863.400,-142.1984,-107.1942,-2127.4155
863.500,-141.7399,-106.9723,-2127.8922
863.600,-141.2969,-106.7592,-2128.3689
863.700,-140.8732,-106.5563,-2128.8456
863.800,-140.4724,-106.3648,-2129.3225
863.900,-140.0982,-106.1859,-2129.7994
864.000,-139.7540,-106.0208,-2130.2764
864.100,-139.4430,-105.8705,-2130.7534
864.200,-139.1677,-105.7357,-2131.2305
864.300,-138.9303,-105.6170,-2131.7076
864.400,-138.7322,-105.5147,-2132.1846
864.500,-138.5740,-105.4288,-2132.6617
864.600,-138.4556,-105.3591,-2133.1387
864.700,-138.3758,-105.3050,-2133.6157
864.800,-138.3325,-105.2654,-2134.0926
864.900,-138.3228,-105.2392,-2134.5695
865.000,-138.3426,-105.2247,-2135.0462
865.100,-138.3874,-105.2199,-2135.5228
865.200,-138.4516,-105.2226,-2135.9993
865.300,-138.5293,-105.2305,-2136.4757
865.400,-138.6143,-105.2409,-2136.9519
865.500,-138.6999,-105.2511,-2137.4280
865.600,-138.7797,-105.2585,-2137.9040
865.700,-138.8472,-105.2603,-2138.3798
865.800,-138.8964,-105.2541,-2138.8555
865.900,-138.9216,-105.2375,-2139.3311
866.000,-138.9177,-105.2084,-2139.8066
866.100,-138.8801,-105.1651,-2140.2820
866.200,-138.8051,-105.1061,-2140.7574
866.300,-138.6895,-105.0304,-2141.2326
866.400,-138.5308,-104.9371,-2141.7079
866.500,-138.3275,-104.8261,-2142.1831
866.600,-138.0784,-104.6972,-2142.6583
866.700,-137.7830,-104.5508,-2143.1335
866.800,-137.4415,-104.3875,-2143.6088
866.900,-137.0545,-104.2080,-2144.0841
867.000,-136.6231,-104.0133,-2144.5594
867.100,-136.1486,-103.8047,-2145.0348
867.200,-135.6327,-103.5832,-2145.5103
867.300,-135.0773,-103.3503,-2145.9859
867.400,-134.4845,-103.1071,-2146.4616
867.500,-133.8564,-102.8551,-2146.9373
867.600,-133.1952,-102.5953,-2147.4132
867.700,-132.5029,-102.3289,-2147.8891
867.800,-131.7816,-102.0571,-2148.3652
867.900,-131.0334,-101.7807,-2148.8414
868.000,-130.2600,-101.5006,-2149.3176
868.100,-129.4633,-101.2176,-2149.7940
868.200,-128.6452,-100.9325,-2150.2705
868.300,-127.8073,-100.6458,-2150.7471
868.400,-126.9514,-100.3581,-2151.2237
868.500,-126.0790,-100.0698,-2151.7005
868.600,-125.1910,-99.7811,-2152.1774
868.700,-124.2879,-99.4918,-2152.6543
868.800,-123.3695,-99.2019,-2153.1314
868.900,-122.4352,-98.9110,-2153.6085
869.000,-121.4845,-98.6189,-2154.0857
869.100,-120.5173,-98.3254,-2154.5630
869.200,-119.5336,-98.0308,-2155.0404
869.300,-118.5340,-97.7350,-2155.5179
869.400,-117.5194,-97.4383,-2155.9955
869.500,-116.4906,-97.1407,-2156.4732
869.600,-115.4485,-96.8425,-2156.9510
869.700,-114.3939,-96.5436,-2157.4289
869.800,-113.3274,-96.2441,-2157.9069
869.900,-112.2498,-95.9440,-2158.3850
870.000,-111.1619,-95.6434,-2158.8632
870.100,-110.0641,-95.3422,-2159.3415
870.200,-108.9572,-95.0405,-2159.8199
870.300,-107.8419,-94.7383,-2160.2984
870.400,-106.7188,-94.4356,-2160.7770
870.500,-105.5885,-94.1325,-2161.2557
870.600,-104.4519,-93.8289,-2161.7345
870.700,-103.3096,-93.5249,-2162.2134
870.800,-102.1624,-93.2206,-2162.6924
870.900,-101.0110,-92.9159,-2163.1715
871.000,-99.8562,-92.6108,-2163.6507
871.100,-98.6988,-92.3055,-2164.1300
871.200,-97.5397,-91.9998,-2164.6094
871.300,-96.3796,-91.6939,-2165.0889
871.400,-95.2196,-91.3877,-2165.5684
871.500,-94.0606,-91.0813,-2166.0481
871.600,-92.9036,-90.7747,-2166.5278
871.700,-91.7497,-90.4679,-2167.0077
871.800,-90.6001,-90.1609,-2167.4876
871.900,-89.4561,-89.8538,-2167.9676
872.000,-88.3188,-89.5466,-2168.4478
872.100,-87.1897,-89.2393,-2168.9280
872.200,-86.0701,-88.9322,-2169.4083
872.300,-84.9614,-88.6251,-2169.8888
872.400,-83.8651,-88.3183,-2170.3693
872.500,-82.7825,-88.0117,-2170.8499
872.600,-81.7149,-87.7056,-2171.3306
872.700,-80.6635,-87.4000,-2171.8115
872.800,-79.6295,-87.0949,-2172.2924
872.900,-78.6137,-86.7905,-2172.7735
873.000,-77.6171,-86.4868,-2173.2546
873.100,-76.6403,-86.1839,-2173.7359
873.200,-75.6838,-85.8818,-2174.2172
873.300,-74.7479,-85.5805,-2174.6987
873.400,-73.8326,-85.2800,-2175.1802
873.500,-72.9381,-84.9803,-2175.6619
873.600,-72.0641,-84.6812,-2176.1437
873.700,-71.2104,-84.3828,-2176.6255
873.800,-70.3766,-84.0850,-2177.1075
873.900,-69.5622,-83.7876,-2177.5895
874.000,-68.7668,-83.4905,-2178.0717
874.100,-67.9898,-83.1936,-2178.5539
874.200,-67.2307,-82.8968,-2179.0363
874.300,-66.4889,-82.5999,-2179.5187
874.400,-65.7639,-82.3027,-2180.0013
874.500,-65.0550,-82.0052,-2180.4839
874.600,-64.3615,-81.7071,-2180.9666
874.700,-63.6829,-81.4082,-2181.4494
874.800,-63.0186,-81.1086,-2181.9323
874.900,-62.3680,-80.8082,-2182.4152
875.000,-61.7310,-80.5074,-2182.8983
875.100,-61.1076,-80.2065,-2183.3814
875.200,-60.4981,-79.9060,-2183.8646
875.300,-59.9033,-79.6069,-2184.3479
875.400,-59.3239,-79.3101,-2184.8312
875.500,-58.7613,-79.0167,-2185.3146
875.600,-58.2166,-78.7281,-2185.7981
875.700,-57.6911,-78.4456,-2186.2816
875.800,-57.1863,-78.1707,-2186.7651
875.900,-56.7032,-77.9050,-2187.2486
876.000,-56.2431,-77.6500,-2187.7321
876.100,-55.8068,-77.4071,-2188.2155
876.200,-55.3953,-77.1779,-2188.6990
876.300,-55.0092,-76.9637,-2189.1823
876.400,-54.6491,-76.7659,-2189.6656
876.500,-54.3154,-76.5857,-2190.1488
876.600,-54.0083,-76.4240,-2190.6318
876.700,-53.7279,-76.2818,-2191.1146
876.800,-53.4739,-76.1595,-2191.5972
876.900,-53.2461,-76.0574,-2192.0796
877.000,-53.0437,-75.9755,-2192.5617
877.100,-52.8657,-75.9133,-2193.0434
877.200,-52.7111,-75.8702,-2193.5249
877.300,-52.5780,-75.8448,-2194.0060
877.400,-52.4646,-75.8357,-2194.4866
877.500,-52.3683,-75.8409,-2194.9669
877.600,-52.2865,-75.8580,-2195.4466
877.700,-52.2159,-75.8847,-2195.9260
877.800,-52.1530,-75.9179,-2196.4048
877.900,-52.0938,-75.9546,-2196.8831
878.000,-52.0342,-75.9918,-2197.3610
878.100,-51.9701,-76.0263,-2197.8384
878.200,-51.8972,-76.0549,-2198.3152
878.300,-51.8113,-76.0747,-2198.7917
878.400,-51.7088,-76.0829,-2199.2676
878.500,-51.5863,-76.0771,-2199.7432
878.600,-51.4408,-76.0551,-2200.2183
878.700,-51.2703,-76.0152,-2200.6931
878.800,-51.0732,-75.9560,-2201.1676
878.900,-50.8489,-75.8765,-2201.6417
879.000,-50.5973,-75.7762,-2202.1156
879.100,-50.3191,-75.6549,-2202.5892
879.200,-50.0157,-75.5128,-2203.0627
879.300,-49.6890,-75.3503,-2203.5360
879.400,-49.3413,-75.1682,-2204.0092
879.500,-48.9751,-74.9675,-2204.4822
879.600,-48.5932,-74.7492,-2204.9552
879.700,-48.1984,-74.5146,-2205.4281
879.800,-47.7937,-74.2650,-2205.9011
879.900,-47.3816,-74.0017,-2206.3740
880.000,-46.9647,-73.7259,-2206.8469
880.100,-46.5452,-73.4388,-2207.3198
880.200,-46.1252,-73.1415,-2207.7928
880.300,-45.7064,-72.8351,-2208.2658
880.400,-45.2904,-72.5204,-2208.7389
880.500,-44.8783,-72.1981,-2209.2121
880.600,-44.4712,-71.8689,-2209.6853
880.700,-44.0699,-71.5333,-2210.1587
880.800,-43.6752,-71.1919,-2210.6321
880.900,-43.2877,-70.8453,-2211.1055
881.000,-42.9079,-70.4939,-2211.5791
881.100,-42.5361,-70.1385,-2212.0528
881.200,-42.1725,-69.7797,-2212.5266
881.300,-41.8172,-69.4179,-2213.0004
881.400,-41.4701,-69.0536,-2213.4744
881.500,-41.1310,-68.6872,-2213.9485
881.600,-40.7996,-68.3190,-2214.4227
881.700,-40.4757,-67.9492,-2214.8970
881.800,-40.1586,-67.5779,-2215.3713
881.900,-39.8478,-67.2053,-2215.8458
882.000,-39.5426,-66.8312,-2216.3204
882.100,-39.2426,-66.4559,-2216.7951
882.200,-38.9469,-66.0791,-2217.2699
882.300,-38.6551,-65.7009,-2217.7449
882.400,-38.3666,-65.3213,-2218.2199
882.500,-38.0810,-64.9403,-2218.6950
882.600,-37.7979,-64.5577,-2219.1702
882.700,-37.5170,-64.1738,-2219.6455
882.800,-37.2380,-63.7883,-2220.1210
882.900,-36.9609,-63.4015,-2220.5965
883.000,-36.6855,-63.0132,-2221.0721
883.100,-36.4120,-62.6237,-2221.5478
883.200,-36.1403,-62.2328,-2222.0237
883.300,-35.8708,-61.8408,-2222.4996
883.400,-35.6036,-61.4476,-2222.9756
883.500,-35.3392,-61.0534,-2223.4518
883.600,-35.0777,-60.6582,-2223.9280
883.700,-34.8199,-60.2621,-2224.4044
883.800,-34.5660,-59.8653,-2224.8808
883.900,-34.3166,-59.4678,-2225.3574
884.000,-34.0724,-59.0698,-2225.8341
884.100,-33.8338,-58.6715,-2226.3109
884.200,-33.6015,-58.2729,-2226.7877
884.300,-33.3759,-57.8742,-2227.2647
884.400,-33.1578,-57.4756,-2227.7418
884.500,-32.9476,-57.0773,-2228.2191
884.600,-32.7458,-56.6795,-2228.6964
884.700,-32.5528,-56.2824,-2229.1738
884.800,-32.3691,-55.8862,-2229.6514
884.900,-32.1951,-55.4912,-2230.1290
885.000,-32.0309,-55.0975,-2230.6068
885.100,-31.8769,-54.7055,-2231.0846
885.200,-31.7331,-54.3153,-2231.5626
885.300,-31.5997,-53.9272,-2232.0407
885.400,-31.4766,-53.5413,-2232.5189
885.500,-31.3637,-53.1578,-2232.9972
885.600,-31.2609,-52.7769,-2233.4756
885.700,-31.1679,-52.3987,-2233.9541
885.800,-31.0845,-52.0233,-2234.4327
885.900,-31.0103,-51.6508,-2234.9113
886.000,-30.9450,-51.2813,-2235.3901
886.100,-30.8883,-50.9149,-2235.8689
886.200,-30.8397,-50.5515,-2236.3478
886.300,-30.7990,-50.1912,-2236.8268
886.400,-30.7658,-49.8342,-2237.3059
886.500,-30.7399,-49.4803,-2237.7851
886.600,-30.7212,-49.1298,-2238.2643
886.700,-30.7097,-48.7827,-2238.7435
886.800,-30.7054,-48.4391,-2239.2228
886.900,-30.7084,-48.0992,-2239.7021
887.000,-30.7188,-47.7631,-2240.1815
887.100,-30.7365,-47.4311,-2240.6609
887.200,-30.7612,-47.1031,-2241.1403
887.300,-30.7925,-46.7794,-2241.6197
887.400,-30.8294,-46.4601,-2242.0992
887.500,-30.8706,-46.1453,-2242.5786
887.600,-30.9148,-45.8350,-2243.0580
887.700,-30.9606,-45.5295,-2243.5374
887.800,-31.0067,-45.2292,-2244.0168
887.900,-31.0518,-44.9349,-2244.4962
888.000,-31.0949,-44.6474,-2244.9755
888.100,-31.1350,-44.3676,-2245.4548
888.200,-31.1711,-44.0969,-2245.9340
888.300,-31.2022,-43.8364,-2246.4132
888.400,-31.2273,-43.5876,-2246.8923
888.500,-31.2455,-43.3518,-2247.3712
888.600,-31.2557,-43.1304,-2247.8500
888.700,-31.2569,-42.9246,-2248.3286
888.800,-31.2481,-42.7358,-2248.8071
888.900,-31.2285,-42.5652,-2249.2853
889.000,-31.1970,-42.4136,-2249.7632
889.100,-31.1531,-42.2821,-2250.2409
889.200,-31.0960,-42.1711,-2250.7183
889.300,-31.0254,-42.0812,-2251.1953
889.400,-30.9410,-42.0122,-2251.6720
889.500,-30.8428,-41.9640,-2252.1482
889.600,-30.7310,-41.9360,-2252.6240
889.700,-30.6061,-41.9272,-2253.0994
889.800,-30.4686,-41.9361,-2253.5742
889.900,-30.3196,-41.9612,-2254.0486
890.000,-30.1601,-42.0003,-2254.5224
890.100,-29.9913,-42.0512,-2254.9956
890.200,-29.8146,-42.1110,-2255.4682
890.300,-29.6316,-42.1772,-2255.9403
890.400,-29.4437,-42.2465,-2256.4118
890.500,-29.2527,-42.3162,-2256.8826
890.600,-29.0599,-42.3829,-2257.3529
890.700,-28.8672,-42.4440,-2257.8226
890.800,-28.6759,-42.4964,-2258.2917
890.900,-28.4875,-42.5376,-2258.7603
891.000,-28.3033,-42.5652,-2259.2283
891.100,-28.1247,-42.5773,-2259.6958
891.200,-27.9527,-42.5722,-2260.1629
891.300,-27.7882,-42.5484,-2260.6294
891.400,-27.6323,-42.5051,-2261.0956
891.500,-27.4855,-42.4417,-2261.5614
891.600,-27.3484,-42.3579,-2262.0268
891.700,-27.2214,-42.2538,-2262.4919
891.800,-27.1047,-42.1297,-2262.9568
891.900,-26.9984,-41.9862,-2263.4214
892.000,-26.9027,-41.8242,-2263.8857
892.100,-26.8172,-41.6444,-2264.3499
892.200,-26.7417,-41.4480,-2264.8140
892.300,-26.6761,-41.2360,-2265.2779
892.400,-26.6199,-41.0094,-2265.7417
892.500,-26.5728,-40.7694,-2266.2054
892.600,-26.5344,-40.5168,-2266.6690
892.700,-26.5043,-40.2524,-2267.1326
892.800,-26.4821,-39.9770,-2267.5962
892.900,-26.4677,-39.6912,-2268.0597
893.000,-26.4606,-39.3952,-2268.5233
893.100,-26.4609,-39.0895,-2268.9868
893.200,-26.4682,-38.7740,-2269.4503
893.300,-26.4824,-38.4491,-2269.9138
893.400,-26.5033,-38.1150,-2270.3773
893.500,-26.5306,-37.7722,-2270.8408
893.600,-26.5637,-37.4211,-2271.3044
893.700,-26.6018,-37.0627,-2271.7680
893.800,-26.6442,-36.6979,-2272.2316
893.900,-26.6898,-36.3274,-2272.6953
894.000,-26.7378,-35.9522,-2273.1591
894.100,-26.7870,-35.5727,-2273.6229
894.200,-26.8367,-35.1893,-2274.0868
894.300,-26.8859,-34.8022,-2274.5508
894.400,-26.9336,-34.4116,-2275.0148
894.500,-26.9790,-34.0175,-2275.4789
894.600,-27.0212,-33.6199,-2275.9431
894.700,-27.0594,-33.2188,-2276.4073
894.800,-27.0929,-32.8141,-2276.8716
894.900,-27.1210,-32.4059,-2277.3360
895.000,-27.1432,-31.9941,-2277.8004
895.100,-27.1588,-31.5789,-2278.2648
895.200,-27.1675,-31.1602,-2278.7294
895.300,-27.1689,-30.7382,-2279.1940
895.400,-27.1630,-30.3130,-2279.6586
895.500,-27.1497,-29.8847,-2280.1233
895.600,-27.1291,-29.4536,-2280.5881
895.700,-27.1015,-29.0197,-2281.0529
895.800,-27.0673,-28.5834,-2281.5178
895.900,-27.0273,-28.1447,-2281.9827
896.000,-26.9821,-27.7040,-2282.4477
896.100,-26.9328,-27.2615,-2282.9127
896.200,-26.8804,-26.8175,-2283.3778
896.300,-26.8262,-26.3722,-2283.8430
896.400,-26.7715,-25.9258,-2284.3082
896.500,-26.7177,-25.4788,-2284.7735
896.600,-26.6665,-25.0313,-2285.2388
896.700,-26.6192,-24.5837,-2285.7042
896.800,-26.5776,-24.1363,-2286.1696
896.900,-26.5432,-23.6894,-2286.6351
897.000,-26.5175,-23.2434,-2287.1006
897.100,-26.5019,-22.7985,-2287.5661
897.200,-26.4980,-22.3551,-2288.0317
897.300,-26.5069,-21.9136,-2288.4973
897.400,-26.5297,-21.4744,-2288.9629
897.500,-26.5676,-21.0377,-2289.4286
897.600,-26.6211,-20.6040,-2289.8942
897.700,-26.6911,-20.1735,-2290.3599
897.800,-26.7779,-19.7467,-2290.8256
897.900,-26.8818,-19.3238,-2291.2913
898.000,-27.0029,-18.9052,-2291.7570
898.100,-27.1411,-18.4911,-2292.2226
898.200,-27.2961,-18.0818,-2292.6883
898.300,-27.4675,-17.6776,-2293.1540
898.400,-27.6549,-17.2787,-2293.6196
898.500,-27.8577,-16.8853,-2294.0852
898.600,-28.0753,-16.4976,-2294.5508
898.700,-28.3071,-16.1158,-2295.0163
898.800,-28.5527,-15.7401,-2295.4818
898.900,-28.8114,-15.3707,-2295.9473
899.000,-29.0830,-15.0078,-2296.4127
899.100,-29.3673,-14.6517,-2296.8781
899.200,-29.6644,-14.3025,-2297.3434
899.300,-29.9742,-13.9606,-2297.8087
899.400,-30.2972,-13.6264,-2298.2739
899.500,-30.6333,-13.3002,-2298.7390
899.600,-30.9828,-12.9824,-2299.2041
899.700,-31.3452,-12.6735,-2299.6691
899.800,-31.7196,-12.3738,-2300.1340
899.900,-32.1043,-12.0838,-2300.5988
900.000,-32.4972,-11.8037,-2301.0636
900.100,-32.8957,-11.5338,-2301.5283
900.200,-33.2971,-11.2745,-2301.9928
900.300,-33.6989,-11.0265,-2302.4574
900.400,-34.0985,-10.7904,-2302.9218
900.500,-34.4937,-10.5671,-2303.3861
900.600,-34.8821,-10.3578,-2303.8503
900.700,-35.2616,-10.1636,-2304.3144
900.800,-35.6297,-9.9859,-2304.7784
900.900,-35.9843,-9.8259,-2305.2423
901.000,-36.3228,-9.6849,-2305.7059
901.100,-36.6429,-9.5641,-2306.1695
901.200,-36.9423,-9.4648,-2306.6328
901.300,-37.2186,-9.3878,-2307.0960
901.400,-37.4696,-9.3341,-2307.5590
901.500,-37.6932,-9.3044,-2308.0218
901.600,-37.8878,-9.2990,-2308.4843
901.700,-38.0519,-9.3180,-2308.9467
901.800,-38.1845,-9.3615,-2309.4088
901.900,-38.2851,-9.4287,-2309.8706
902.000,-38.3536,-9.5188,-2310.3323
902.100,-38.3905,-9.6307,-2310.7937
902.200,-38.3970,-9.7628,-2311.2548
902.300,-38.3748,-9.9131,-2311.7157
902.400,-38.3259,-10.0795,-2312.1763
902.500,-38.2533,-10.2594,-2312.6366
902.600,-38.1600,-10.4504,-2313.0967
902.700,-38.0497,-10.6494,-2313.5565
902.800,-37.9263,-10.8537,-2314.0160
902.900,-37.7939,-11.0602,-2314.4753
903.000,-37.6567,-11.2662,-2314.9342
903.100,-37.5189,-11.4688,-2315.3929
903.200,-37.3849,-11.6653,-2315.8513
903.300,-37.2585,-11.8533,-2316.3095
903.400,-37.1437,-12.0306,-2316.7673
903.500,-37.0438,-12.1952,-2317.2249
903.600,-36.9620,-12.3454,-2317.6822
903.700,-36.9011,-12.4799,-2318.1393
903.800,-36.8632,-12.5975,-2318.5962
903.900,-36.8502,-12.6974,-2319.0527
904.000,-36.8634,-12.7791,-2319.5091
904.100,-36.9036,-12.8424,-2319.9653
904.200,-36.9712,-12.8871,-2320.4212
904.300,-37.0663,-12.9136,-2320.8769
904.400,-37.1885,-12.9220,-2321.3325
904.500,-37.3369,-12.9129,-2321.7879
904.600,-37.5108,-12.8867,-2322.2432
904.700,-37.7088,-12.8442,-2322.6983
904.800,-37.9297,-12.7859,-2323.1533
904.900,-38.1721,-12.7125,-2323.6081
905.000,-38.4347,-12.6245,-2324.0629
905.100,-38.7162,-12.5224,-2324.5175
905.200,-39.0154,-12.4066,-2324.9721
905.300,-39.3313,-12.2774,-2325.4266
905.400,-39.6631,-12.1350,-2325.8810
905.500,-40.0102,-11.9793,-2326.3354
905.600,-40.3723,-11.8103,-2326.7897
905.700,-40.7489,-11.6279,-2327.2439
905.800,-41.1398,-11.4321,-2327.6981
905.900,-41.5441,-11.2229,-2328.1523
906.000,-41.9609,-11.0008,-2328.6065
906.100,-42.3884,-10.7663,-2329.0606
906.200,-42.8243,-10.5202,-2329.5148
906.300,-43.2659,-10.2632,-2329.9689
906.400,-43.7103,-9.9963,-2330.4231
906.500,-44.1549,-9.7199,-2330.8772
906.600,-44.5971,-9.4343,-2331.3314
906.700,-45.0345,-9.1395,-2331.7855
906.800,-45.4650,-8.8355,-2332.2396
906.900,-45.8865,-8.5218,-2332.6937
907.000,-46.2971,-8.1981,-2333.1478
907.100,-46.6950,-7.8640,-2333.6019
907.200,-47.0783,-7.5192,-2334.0559
907.300,-47.4452,-7.1635,-2334.5099
907.400,-47.7941,-6.7967,-2334.9638
907.500,-48.1234,-6.4187,-2335.4177
907.600,-48.4316,-6.0297,-2335.8716
907.700,-48.7177,-5.6298,-2336.3254
907.800,-48.9806,-5.2194,-2336.7793
907.900,-49.2196,-4.7989,-2337.2330
908.000,-49.4344,-4.3688,-2337.6868
908.100,-49.6252,-3.9297,-2338.1405
908.200,-49.7923,-3.4822,-2338.5942
908.300,-49.9368,-3.0272,-2339.0478
908.400,-50.0601,-2.5652,-2339.5014
908.500,-50.1643,-2.0972,-2339.9551
908.600,-50.2518,-1.6237,-2340.4087
908.700,-50.3254,-1.1455,-2340.8622
908.800,-50.3888,-0.6633,-2341.3158
908.900,-50.4456,-0.1777,-2341.7693
909.000,-50.4999,0.3109,-2342.2229
909.100,-50.5563,0.8018,-2342.6764
909.200,-50.6194,1.2946,-2343.1298
909.300,-50.6937,1.7890,-2343.5832
909.400,-50.7840,2.2847,-2344.0366
909.500,-50.8950,2.7812,-2344.4900
909.600,-51.0308,3.2785,-2344.9432
909.700,-51.1958,3.7762,-2345.3964
909.800,-51.3934,4.2741,-2345.8496
909.900,-51.6270,4.7722,-2346.3026
910.000,-51.8993,5.2702,-2346.7556
910.100,-52.2124,5.7680,-2347.2084
910.200,-52.5678,6.2654,-2347.6612
910.300,-52.9666,6.7625,-2348.1138
910.400,-53.4091,7.2590,-2348.5663
910.500,-53.8952,7.7548,-2349.0186
910.600,-54.4241,8.2500,-2349.4709
910.700,-54.9947,8.7445,-2349.9230
910.800,-55.6055,9.2384,-2350.3750
910.900,-56.2547,9.7316,-2350.8268
911.000,-56.9405,10.2244,-2351.2785
911.100,-57.6606,10.7172,-2351.7301
911.200,-58.4131,11.2102,-2352.1815
911.300,-59.1960,11.7043,-2352.6328
911.400,-60.0074,12.2002,-2353.0840
911.500,-60.8456,12.6992,-2353.5352
911.600,-61.7095,13.2029,-2353.9862
911.700,-62.5976,13.7134,-2354.4371
911.800,-63.5092,14.2333,-2354.8880
911.900,-64.4431,14.7658,-2355.3388
912.000,-65.3983,15.3149,-2355.7896
912.100,-66.3731,15.8852,-2356.2404
912.200,-67.3651,16.4818,-2356.6913
912.300,-68.3710,17.1097,-2357.1421
912.400,-69.3865,17.7739,-2357.5930
912.500,-70.4067,18.4788,-2358.0439
912.600,-71.4268,19.2277,-2358.4948
912.700,-72.4420,20.0233,-2358.9457
912.800,-73.4482,20.8678,-2359.3967
912.900,-74.4418,21.7630,-2359.8475
913.000,-75.4196,22.7106,-2360.2984
913.100,-76.3788,23.7124,-2360.7492
913.200,-77.3169,24.7700,-2361.2000
913.300,-78.2313,25.8855,-2361.6507
913.400,-79.1199,27.0607,-2362.1015
913.500,-79.9804,28.2977,-2362.5521
913.600,-80.8109,29.5984,-2363.0028
913.700,-81.6095,30.9650,-2363.4534
913.800,-82.3743,32.3992,-2363.9041
913.900,-83.1037,33.9028,-2364.3547
914.000,-83.7964,35.4771,-2364.8053
914.100,-84.4513,37.1232,-2365.2559
914.200,-85.0676,38.8425,-2365.7066
914.300,-85.6452,40.6369,-2366.1573
914.400,-86.1843,42.5099,-2366.6080
914.500,-86.6857,44.4689,-2367.0588
914.600,-87.1508,46.5281,-2367.5097
914.700,-87.5814,48.7139,-2367.9606
914.800,-87.9801,51.0739,-2368.4116
914.900,-88.3499,53.6925,-2368.8628
915.000,-88.6943,56.7200,-2369.3140
915.100,-89.0175,60.4304,-2369.7653
915.200,-89.3236,65.3453,-2370.2167
915.300,-89.6174,72.5244,-2370.6683
915.400,-89.9035,84.2455,-2371.1199
915.500,-90.1870,104.9768,-2371.5717
915.600,-90.4726,136.9454,-2372.0236
915.700,-90.7650,166.4285,-2372.4756
915.800,-91.0685,-176.1785,-2372.9276
915.900,-91.3873,-166.7625,-2373.3798
916.000,-91.7250,-161.4143,-2373.8321
916.100,-92.0847,-158.2373,-2374.2844
916.200,-92.4692,-156.3218,-2374.7368
916.300,-92.8805,-155.1926,-2375.1893
916.400,-93.3200,-154.5793,-2375.6418
916.500,-93.7888,-154.3158,-2376.0944
916.600,-94.2872,-154.2936,-2376.5470
916.700,-94.8151,-154.4389,-2376.9996
916.800,-95.3720,-154.6995,-2377.4523
916.900,-95.9570,-155.0374,-2377.9049
917.000,-96.5687,-155.4249,-2378.3576
917.100,-97.2057,-155.8413,-2378.8103
917.200,-97.8663,-156.2714,-2379.2631
917.300,-98.5488,-156.7037,-2379.7158
917.400,-99.2513,-157.1296,-2380.1685
917.500,-99.9721,-157.5430,-2380.6213
917.600,-100.7097,-157.9392,-2381.0740
917.700,-101.4626,-158.3147,-2381.5268
917.800,-102.2296,-158.6667,-2381.9797
917.900,-103.0098,-158.9932,-2382.4325
918.000,-103.8025,-159.2920,-2382.8854
918.100,-104.6070,-159.5614,-2383.3383
918.200,-105.4228,-159.7994,-2383.7913
918.300,-106.2494,-160.0041,-2384.2444
918.400,-107.0861,-160.1742,-2384.6975
918.500,-107.9318,-160.3090,-2385.1506
918.600,-108.7850,-160.4092,-2385.6038
918.700,-109.6441,-160.4772,-2386.0571
918.800,-110.5072,-160.5170,-2386.5104
918.900,-111.3722,-160.5338,-2386.9637
919.000,-112.2374,-160.5328,-2387.4170
919.100,-113.1009,-160.5186,-2387.8704
919.200,-113.9607,-160.4952,-2388.3238
919.300,-114.8150,-160.4652,-2388.7772
919.400,-115.6615,-160.4305,-2389.2306
919.500,-116.4982,-160.3922,-2389.6840
919.600,-117.3228,-160.3508,-2390.1375
919.700,-118.1330,-160.3065,-2390.5909
919.800,-118.9265,-160.2592,-2391.0445
919.900,-119.7013,-160.2086,-2391.4981
920.000,-120.4551,-160.1544,-2391.9517
920.100,-121.1862,-160.0962,-2392.4054
920.200,-121.8926,-160.0336,-2392.8591
920.300,-122.5730,-159.9663,-2393.3129
920.400,-123.2262,-159.8941,-2393.7668
920.500,-123.8514,-159.8168,-2394.2208
920.600,-124.4480,-159.7342,-2394.6749
920.700,-125.0163,-159.6463,-2395.1291
920.800,-125.5565,-159.5532,-2395.5833
920.900,-126.0698,-159.4549,-2396.0378
921.000,-126.5576,-159.3518,-2396.4923
921.100,-127.0218,-159.2439,-2396.9470
921.200,-127.4647,-159.1315,-2397.4018
921.300,-127.8892,-159.0149,-2397.8567
921.400,-128.2981,-158.8943,-2398.3118
921.500,-128.6948,-158.7700,-2398.7670
921.600,-129.0827,-158.6422,-2399.2224
921.700,-129.4651,-158.5110,-2399.6779
921.800,-129.8455,-158.3766,-2400.1335
921.900,-130.2272,-158.2390,-2400.5893
922.000,-130.6132,-158.0984,-2401.0452
922.100,-131.0063,-157.9548,-2401.5013
922.200,-131.4089,-157.8082,-2401.9574
922.300,-131.8231,-157.6588,-2402.4137
922.400,-132.2507,-157.5067,-2402.8701
922.500,-132.6929,-157.3519,-2403.3266
922.600,-133.1505,-157.1948,-2403.7831
922.700,-133.6240,-157.0355,-2404.2398
922.800,-134.1135,-156.8744,-2404.6965
922.900,-134.6187,-156.7119,-2405.1533
923.000,-135.1392,-156.5485,-2405.6101
923.100,-135.6740,-156.3846,-2406.0670
923.200,-136.2224,-156.2210,-2406.5239
923.300,-136.7830,-156.0581,-2406.9809
923.400,-137.3547,-155.8967,-2407.4379
923.500,-137.9363,-155.7373,-2407.8949
923.600,-138.5265,-155.5808,-2408.3519
923.700,-139.1239,-155.4277,-2408.8090
923.800,-139.7276,-155.2788,-2409.2660
923.900,-140.3363,-155.1347,-2409.7231
924.000,-140.9492,-154.9961,-2410.1802
924.100,-141.5655,-154.8638,-2410.6372
924.200,-142.1845,-154.7385,-2411.0943
924.300,-142.8057,-154.6210,-2411.5513
924.400,-143.4289,-154.5121,-2412.0083
924.500,-144.0540,-154.4127,-2412.4653
924.600,-144.6810,-154.3235,-2412.9223
924.700,-145.3100,-154.2452,-2413.3792
924.800,-145.9413,-154.1779,-2413.8360
924.900,-146.5751,-154.1212,-2414.2927
925.000,-147.2116,-154.0741,-2414.7494
925.100,-147.8509,-154.0353,-2415.2060
925.200,-148.4929,-154.0034,-2415.6625
925.300,-149.1374,-153.9772,-2416.1190
925.400,-149.7837,-153.9555,-2416.5755
925.500,-150.4311,-153.9377,-2417.0319
925.600,-151.0788,-153.9231,-2417.4882
925.700,-151.7258,-153.9114,-2417.9445
925.800,-152.3711,-153.9022,-2418.4008
925.900,-153.0138,-153.8952,-2418.8571
926.000,-153.6529,-153.8902,-2419.3133
926.100,-154.2874,-153.8868,-2419.7695
926.200,-154.9166,-153.8848,-2420.2257
926.300,-155.5397,-153.8841,-2420.6818
926.400,-156.1560,-153.8844,-2421.1380
926.500,-156.7647,-153.8856,-2421.5941
926.600,-157.3655,-153.8873,-2422.0502
926.700,-157.9577,-153.8895,-2422.5064
926.800,-158.5409,-153.8920,-2422.9625
926.900,-159.1149,-153.8946,-2423.4186
927.000,-159.6795,-153.8972,-2423.8747
927.100,-160.2345,-153.8997,-2424.3308
927.200,-160.7799,-153.9019,-2424.7870
927.300,-161.3158,-153.9037,-2425.2431
927.400,-161.8423,-153.9050,-2425.6993
927.500,-162.3596,-153.9058,-2426.1554
927.600,-162.8680,-153.9060,-2426.6116
927.700,-163.3679,-153.9055,-2427.0678
927.800,-163.8597,-153.9042,-2427.5240
927.900,-164.3438,-153.9021,-2427.9802
928.000,-164.8207,-153.8991,-2428.4364
928.100,-165.2908,-153.8951,-2428.8927
928.200,-165.7546,-153.8902,-2429.3489
928.300,-166.2127,-153.8842,-2429.8052
928.400,-166.6654,-153.8770,-2430.2615
928.500,-167.1132,-153.8687,-2430.7178
928.600,-167.5567,-153.8590,-2431.1742
928.700,-167.9961,-153.8479,-2431.6305
928.800,-168.4320,-153.8353,-2432.0869
928.900,-168.8646,-153.8211,-2432.5433
929.000,-169.2945,-153.8050,-2432.9997
929.100,-169.7218,-153.7870,-2433.4561
929.200,-170.1469,-153.7668,-2433.9125
929.300,-170.5701,-153.7443,-2434.3689
929.400,-170.9918,-153.7193,-2434.8253
929.500,-171.4121,-153.6914,-2435.2817
929.600,-171.8314,-153.6606,-2435.7381
929.700,-172.2498,-153.6265,-2436.1946
929.800,-172.6676,-153.5890,-2436.6510
929.900,-173.0850,-153.5477,-2437.1074
930.000,-173.5023,-153.5024,-2437.5638
930.100,-173.9195,-153.4529,-2438.0202
930.200,-174.3369,-153.3989,-2438.4765
930.300,-174.7546,-153.3401,-2438.9329
930.400,-175.1727,-153.2762,-2439.3892
930.500,-175.5913,-153.2069,-2439.8455
930.600,-176.0103,-153.1317,-2440.3018
930.700,-176.4298,-153.0504,-2440.7580
930.800,-176.8495,-152.9623,-2441.2142
930.900,-177.2692,-152.8673,-2441.6704
931.000,-177.6888,-152.7649,-2442.1265
931.100,-178.1077,-152.6552,-2442.5826
931.200,-178.5258,-152.5383,-2443.0387
931.300,-178.9426,-152.4146,-2443.4947
931.400,-179.3582,-152.2848,-2443.9507
931.500,-179.7724,-152.1492,-2444.4068
931.600,179.8146,-152.0085,-2444.8629
931.700,179.4026,-151.8631,-2445.3190
931.800,178.9912,-151.7137,-2445.7751
931.900,178.5802,-151.5608,-2446.2313
932.000,178.1693,-151.4052,-2446.6875
932.100,177.7582,-151.2475,-2447.1438
932.200,177.3468,-151.0886,-2447.6002
932.300,176.9350,-150.9293,-2448.0566
932.400,176.5228,-150.7704,-2448.5131
932.500,176.1100,-150.6127,-2448.9697
932.600,175.6967,-150.4569,-2449.4264
932.700,175.2831,-150.3039,-2449.8832
932.800,174.8694,-150.1541,-2450.3401
932.900,174.4558,-150.0082,-2450.7971
933.000,174.0426,-149.8667,-2451.2542
933.100,173.6303,-149.7299,-2451.7115
933.200,173.2194,-149.5979,-2452.1689
933.300,172.8105,-149.4710,-2452.6265
933.400,172.4041,-149.3489,-2453.0842
933.500,172.0012,-149.2313,-2453.5420
933.600,171.6024,-149.1178,-2454.0000
933.700,171.2086,-149.0078,-2454.4582
933.800,170.8206,-148.9004,-2454.9165
933.900,170.4395,-148.7947,-2455.3750
934.000,170.0660,-148.6896,-2455.8337
934.100,169.7011,-148.5839,-2456.2925
934.200,169.3455,-148.4765,-2456.7515
934.300,169.0000,-148.3659,-2457.2107
934.400,168.6652,-148.2510,-2457.6700
934.500,168.3417,-148.1305,-2458.1295
934.600,168.0299,-148.0035,-2458.5892
934.700,167.7302,-147.8688,-2459.0491
934.800,167.4427,-147.7257,-2459.5091
934.900,167.1675,-147.5735,-2459.9692
935.000,166.9045,-147.4119,-2460.4295
935.100,166.6536,-147.2407,-2460.8900
935.200,166.4144,-147.0598,-2461.3506
935.300,166.1866,-146.8695,-2461.8113
935.400,165.9696,-146.6703,-2462.2722
935.500,165.7629,-146.4628,-2462.7332
935.600,165.5658,-146.2477,-2463.1944
935.700,165.3777,-146.0259,-2463.6556
935.800,165.1980,-145.7984,-2464.1169
935.900,165.0258,-145.5664,-2464.5784
936.000,164.8606,-145.3308,-2465.0399
936.100,164.7017,-145.0928,-2465.5015
936.200,164.5484,-144.8536,-2465.9632
936.300,164.4003,-144.6141,-2466.4249
936.400,164.2567,-144.3755,-2466.8867
936.500,164.1172,-144.1386,-2467.3486
936.600,163.9816,-143.9045,-2467.8104
936.700,163.8494,-143.6739,-2468.2724
936.800,163.7205,-143.4477,-2468.7343
936.900,163.5948,-143.2267,-2469.1962
937.000,163.4724,-143.0115,-2469.6582
937.100,163.3534,-142.8026,-2470.1201
937.200,163.2378,-142.6004,-2470.5820
937.300,163.1259,-142.4048,-2471.0438
937.400,163.0177,-142.2155,-2471.5056
937.500,162.9132,-142.0316,-2471.9674
937.600,162.8125,-141.8523,-2472.4291
937.700,162.7154,-141.6764,-2472.8908
937.800,162.6217,-141.5034,-2473.3525
937.900,162.5312,-141.3326,-2473.8142
938.000,162.4436,-141.1638,-2474.2759
938.100,162.3585,-140.9969,-2474.7376
938.200,162.2755,-140.8318,-2475.1994
938.300,162.1939,-140.6686,-2475.6611
938.400,162.1134,-140.5072,-2476.1229
938.500,162.0335,-140.3477,-2476.5847
938.600,161.9536,-140.1901,-2477.0465
938.700,161.8734,-140.0342,-2477.5084
938.800,161.7925,-139.8800,-2477.9703
938.900,161.7105,-139.7275,-2478.4322
939.000,161.6273,-139.5766,-2478.8941
939.100,161.5426,-139.4272,-2479.3561
939.200,161.4563,-139.2792,-2479.8181
939.300,161.3683,-139.1325,-2480.2802
939.400,161.2786,-138.9869,-2480.7423
939.500,161.1873,-138.8424,-2481.2044
939.600,161.0944,-138.6987,-2481.6665
939.700,161.0001,-138.5558,-2482.1287
939.800,160.9046,-138.4134,-2482.5909
939.900,160.8081,-138.2714,-2483.0531
940.000,160.7110,-138.1296,-2483.5154
940.100,160.6136,-137.9878,-2483.9777
940.200,160.5161,-137.8459,-2484.4400
940.300,160.4189,-137.7037,-2484.9023
940.400,160.3223,-137.5610,-2485.3647
940.500,160.2266,-137.4176,-2485.8271
940.600,160.1322,-137.2735,-2486.2896
940.700,160.0394,-137.1285,-2486.7521
940.800,159.9482,-136.9824,-2487.2146
940.900,159.8591,-136.8352,-2487.6772
941.000,159.7721,-136.6868,-2488.1398
941.100,159.6875,-136.5370,-2488.6025
941.200,159.6051,-136.3859,-2489.0652
941.300,159.5252,-136.2334,-2489.5279
941.400,159.4477,-136.0794,-2489.9907
941.500,159.3724,-135.9239,-2490.4536
941.600,159.2993,-135.7669,-2490.9165
941.700,159.2282,-135.6083,-2491.3794
941.800,159.1589,-135.4481,-2491.8424
941.900,159.0911,-135.2862,-2492.3055
942.000,159.0245,-135.1227,-2492.7686
942.100,158.9588,-134.9573,-2493.2317
942.200,158.8937,-134.7901,-2493.6950
942.300,158.8289,-134.6209,-2494.1582
942.400,158.7639,-134.4496,-2494.6215
942.500,158.6985,-134.2761,-2495.0849
942.600,158.6324,-134.1001,-2495.5483
942.700,158.5654,-133.9216,-2496.0118
942.800,158.4972,-133.7402,-2496.4753
942.900,158.4278,-133.5557,-2496.9389
943.000,158.3572,-133.3676,-2497.4025
943.100,158.2855,-133.1756,-2497.8661
943.200,158.2129,-132.9791,-2498.3298
943.300,158.1397,-132.7776,-2498.7936
943.400,158.0664,-132.5704,-2499.2573
943.500,157.9936,-132.3571,-2499.7212
943.600,157.9215,-132.1374,-2500.1851
943.700,157.8506,-131.9114,-2500.6490
943.800,157.7807,-131.6795,-2501.1130
943.900,157.7116,-131.4421,-2501.5771
944.000,157.6424,-131.2003,-2502.0412
944.100,157.5724,-130.9547,-2502.5054
944.200,157.5006,-130.7066,-2502.9698
944.300,157.4259,-130.4569,-2503.4342
944.400,157.3475,-130.2070,-2503.8987
944.500,157.2647,-129.9579,-2504.3632
944.600,157.1768,-129.7111,-2504.8279
944.700,157.0833,-129.4679,-2505.2927
944.800,156.9838,-129.2294,-2505.7576
944.900,156.8780,-128.9970,-2506.2226
945.000,156.7656,-128.7718,-2506.6877
945.100,156.6465,-128.5551,-2507.1529
945.200,156.5207,-128.3478,-2507.6183
945.300,156.3884,-128.1509,-2508.0837
945.400,156.2497,-127.9652,-2508.5493
945.500,156.1050,-127.7912,-2509.0150
945.600,155.9547,-127.6293,-2509.4808
945.700,155.7996,-127.4798,-2509.9467
945.800,155.6403,-127.3424,-2510.4127
945.900,155.4776,-127.2169,-2510.8789
946.000,155.3125,-127.1025,-2511.3451
946.100,155.1459,-126.9983,-2511.8114
946.200,154.9788,-126.9031,-2512.2778
946.300,154.8122,-126.8153,-2512.7443
946.400,154.6469,-126.7332,-2513.2108
946.500,154.4837,-126.6548,-2513.6775
946.600,154.3234,-126.5781,-2514.1442
946.700,154.1665,-126.5007,-2514.6110
946.800,154.0136,-126.4205,-2515.0778
946.900,153.8648,-126.3352,-2515.5448
947.000,153.7205,-126.2427,-2516.0118
947.100,153.5807,-126.1410,-2516.4789
947.200,153.4454,-126.0284,-2516.9461
947.300,153.3144,-125.9032,-2517.4134
947.400,153.1877,-125.7643,-2517.8808
947.500,153.0648,-125.6109,-2518.3482
947.600,152.9457,-125.4422,-2518.8158
947.700,152.8301,-125.2581,-2519.2835
947.800,152.7176,-125.0587,-2519.7513
947.900,152.6081,-124.8442,-2520.2192
948.000,152.5012,-124.6154,-2520.6872
948.100,152.3969,-124.3731,-2521.1553
948.200,152.2949,-124.1184,-2521.6236
948.300,152.1951,-123.8524,-2522.0920
948.400,152.0974,-123.5764,-2522.5604
948.500,152.0018,-123.2918,-2523.0290
948.600,151.9082,-123.0000,-2523.4977
948.700,151.8167,-122.7023,-2523.9665
948.800,151.7274,-122.4000,-2524.4355
948.900,151.6404,-122.0944,-2524.9045
949.000,151.5556,-121.7867,-2525.3736
949.100,151.4734,-121.4779,-2525.8428
949.200,151.3937,-121.1691,-2526.3121
949.300,151.3169,-120.8612,-2526.7815
949.400,151.2429,-120.5550,-2527.2509
949.500,151.1719,-120.2513,-2527.7204
949.600,151.1039,-119.9506,-2528.1900
949.700,151.0387,-119.6534,-2528.6597
949.800,150.9759,-119.3596,-2529.1293
949.900,150.9149,-119.0690,-2529.5990
950.000,150.8551,-118.7810,-2530.0688
950.100,150.7958,-118.4948,-2530.5386
950.200,150.7366,-118.2099,-2531.0084
950.300,150.6773,-117.9256,-2531.4783
950.400,150.6178,-117.6418,-2531.9483
950.500,150.5579,-117.3583,-2532.4183
950.600,150.4976,-117.0752,-2532.8884
950.700,150.4367,-116.7926,-2533.3586
950.800,150.3749,-116.5106,-2533.8288
950.900,150.3119,-116.2293,-2534.2991
951.000,150.2474,-115.9488,-2534.7695
951.100,150.1809,-115.6691,-2535.2399
951.200,150.1121,-115.3903,-2535.7104
951.300,150.0406,-115.1123,-2536.1810
951.400,149.9660,-114.8353,-2536.6517
951.500,149.8880,-114.5590,-2537.1224
951.600,149.8063,-114.2837,-2537.5932
951.700,149.7207,-114.0091,-2538.0641
951.800,149.6310,-113.7354,-2538.5351
951.900,149.5369,-113.4624,-2539.0061
952.000,149.4385,-113.1901,-2539.4772
952.100,149.3356,-112.9186,-2539.9484
952.200,149.2283,-112.6476,-2540.4196
952.300,149.1166,-112.3772,-2540.8909
952.400,149.0006,-112.1073,-2541.3623
952.500,148.8805,-111.8379,-2541.8337
952.600,148.7565,-111.5688,-2542.3052
952.700,148.6289,-111.3001,-2542.7768
952.800,148.4978,-111.0315,-2543.2485
952.900,148.3637,-110.7632,-2543.7202
953.000,148.2268,-110.4949,-2544.1920
953.100,148.0875,-110.2268,-2544.6639
953.200,147.9462,-109.9587,-2545.1358
953.300,147.8033,-109.6906,-2545.6079
953.400,147.6590,-109.4226,-2546.0800
953.500,147.5139,-109.1546,-2546.5522
953.600,147.3682,-108.8867,-2547.0245
953.700,147.2222,-108.6189,-2547.4968
953.800,147.0762,-108.3512,-2547.9693
953.900,146.9305,-108.0836,-2548.4419
954.000,146.7853,-107.8163,-2548.9145
954.100,146.6406,-107.5493,-2549.3873
954.200,146.4966,-107.2826,-2549.8601
954.300,146.3532,-107.0162,-2550.3331
954.400,146.2105,-106.7502,-2550.8061
954.500,146.0682,-106.4845,-2551.2793
954.600,145.9262,-106.2191,-2551.7525
954.700,145.7841,-105.9541,-2552.2258
954.800,145.6417,-105.6893,-2552.6993
954.900,145.4985,-105.4246,-2553.1728
955.000,145.3540,-105.1600,-2553.6464
955.100,145.2079,-104.8953,-2554.1202
955.200,145.0596,-104.6304,-2554.5940
955.300,144.9085,-104.3652,-2555.0679
955.400,144.7541,-104.0994,-2555.5419
955.500,144.5960,-103.8328,-2556.0160
955.600,144.4335,-103.5651,-2556.4902
955.700,144.2663,-103.2960,-2556.9645
955.800,144.0938,-103.0252,-2557.4389
955.900,143.9153,-102.7522,-2557.9134
956.000,143.7301,-102.4767,-2558.3880
956.100,143.5370,-102.1986,-2558.8626
956.200,143.3345,-101.9178,-2559.3374
956.300,143.1211,-101.6347,-2559.8123
956.400,142.8953,-101.3497,-2560.2873
956.500,142.6562,-101.0636,-2560.7624
956.600,142.4029,-100.7772,-2561.2375
956.700,142.1352,-100.4918,-2561.7128
956.800,141.8534,-100.2084,-2562.1881
956.900,141.5583,-99.9285,-2562.6636
957.000,141.2509,-99.6533,-2563.1391
957.100,140.9330,-99.3844,-2563.6147
957.200,140.6066,-99.1230,-2564.0903
957.300,140.2742,-98.8707,-2564.5661
957.400,139.9387,-98.6288,-2565.0418
957.500,139.6033,-98.3986,-2565.5177
957.600,139.2716,-98.1813,-2565.9935
957.700,138.9473,-97.9781,-2566.4694
957.800,138.6344,-97.7900,-2566.9452
957.900,138.3369,-97.6178,-2567.4211
958.000,138.0585,-97.4622,-2567.8969
958.100,137.8029,-97.3235,-2568.3726
958.200,137.5729,-97.2018,-2568.8483
958.300,137.3705,-97.0969,-2569.3238
958.400,137.1971,-97.0084,-2569.7992
958.500,137.0527,-96.9353,-2570.2745
958.600,136.9359,-96.8764,-2570.7496
958.700,136.8445,-96.8303,-2571.2246
958.800,136.7747,-96.7949,-2571.6993
958.900,136.7216,-96.7681,-2572.1738
959.000,136.6794,-96.7475,-2572.6480
959.100,136.6414,-96.7306,-2573.1220
959.200,136.6003,-96.7144,-2573.5958
959.300,136.5486,-96.6963,-2574.0693
959.400,136.4785,-96.6734,-2574.5426
959.500,136.3821,-96.6431,-2575.0156
959.600,136.2521,-96.6028,-2575.4884
959.700,136.0809,-96.5503,-2575.9610
959.800,135.8616,-96.4836,-2576.4334
959.900,135.5875,-96.4010,-2576.9057
960.000,135.2523,-96.3013,-2577.3778
960.100,134.8497,-96.1835,-2577.8497
960.200,134.3738,-96.0470,-2578.3216
960.300,133.8187,-95.8918,-2578.7933
960.400,133.1783,-95.7180,-2579.2651
960.500,132.4465,-95.5261,-2579.7367
960.600,131.6170,-95.3167,-2580.2084
960.700,130.6827,-95.0910,-2580.6800
960.800,129.6364,-94.8499,-2581.1517
960.900,128.4698,-94.5948,-2581.6234
961.000,127.1741,-94.3269,-2582.0952
961.100,125.7393,-94.0476,-2582.5670
961.200,124.1544,-93.7582,-2583.0388
961.300,122.4073,-93.4600,-2583.5108
961.400,120.4846,-93.1543,-2583.9828
961.500,118.3716,-92.8422,-2584.4549
961.600,116.0527,-92.5247,-2584.9271
961.700,113.5117,-92.2027,-2585.3994
961.800,110.7322,-91.8772,-2585.8718
961.900,107.6988,-91.5488,-2586.3443
962.000,104.3989,-91.2182,-2586.8169
962.100,100.8238,-90.8862,-2587.2896
962.200,96.9713,-90.5531,-2587.7624
962.300,92.8475,-90.2194,-2588.2352
962.400,88.4688,-89.8851,-2588.7082
962.500,83.8634,-89.5504,-2589.1812
962.600,79.0738,-89.2149,-2589.6543
962.700,74.1558,-88.8786,-2590.1275
962.800,69.1771,-88.5414,-2590.6008
962.900,64.2117,-88.2031,-2591.0742
963.000,59.3333,-87.8640,-2591.5477
963.100,54.6088,-87.5242,-2592.0213
963.200,50.0931,-87.1838,-2592.4949
963.300,45.8265,-86.8429,-2592.9687
963.400,41.8343,-86.5016,-2593.4425
963.500,38.1280,-86.1599,-2593.9165
963.600,34.7080,-85.8179,-2594.3905
963.700,31.5663,-85.4756,-2594.8647
963.800,28.6892,-85.1330,-2595.3390
963.900,26.0597,-84.7901,-2595.8133
964.000,23.6588,-84.4469,-2596.2878
964.100,21.4672,-84.1036,-2596.7623
964.200,19.4658,-83.7600,-2597.2369
964.300,17.6362,-83.4162,-2597.7117
964.400,15.9614,-83.0722,-2598.1865
964.500,14.4254,-82.7282,-2598.6615
964.600,13.0137,-82.3840,-2599.1365
964.700,11.7129,-82.0397,-2599.6116
964.800,10.5110,-81.6954,-2600.0868
964.900,9.3970,-81.3510,-2600.5621
965.000,8.3611,-81.0066,-2601.0375
965.100,7.3944,-80.6621,-2601.5130
965.200,6.4888,-80.3177,-2601.9886
965.300,5.6373,-79.9733,-2602.4643
965.400,4.8332,-79.6290,-2602.9400
965.500,4.0711,-79.2848,-2603.4159
965.600,3.3456,-78.9407,-2603.8919
965.700,2.6524,-78.5968,-2604.3679
965.800,1.9875,-78.2532,-2604.8440
965.900,1.3474,-77.9099,-2605.3203
966.000,0.7290,-77.5670,-2605.7966
966.100,0.1299,-77.2247,-2606.2730
966.200,-0.4523,-76.8831,-2606.7496
966.300,-1.0194,-76.5422,-2607.2262
966.400,-1.5730,-76.2022,-2607.7029
966.500,-2.1145,-75.8633,-2608.1798
966.600,-2.6450,-75.5254,-2608.6567
966.700,-3.1652,-75.1888,-2609.1337
966.800,-3.6759,-74.8536,-2609.6109
966.900,-4.1777,-74.5197,-2610.0881
967.000,-4.6708,-74.1872,-2610.5654
967.100,-5.1556,-73.8562,-2611.0428
967.200,-5.6323,-73.5267,-2611.5204
967.300,-6.1010,-73.1986,-2611.9980
967.400,-6.5618,-72.8720,-2612.4757
967.500,-7.0147,-72.5467,-2612.9535
967.600,-7.4599,-72.2228,-2613.4314
967.700,-7.8975,-71.9002,-2613.9094
967.800,-8.3277,-71.5787,-2614.3875
967.900,-8.7508,-71.2584,-2614.8656
968.000,-9.1671,-70.9390,-2615.3439
968.100,-9.5769,-70.6206,-2615.8222
968.200,-9.9807,-70.3031,-2616.3006
968.300,-10.3785,-69.9862,-2616.7791
968.400,-10.7703,-69.6699,-2617.2577
968.500,-11.1557,-69.3542,-2617.7364
968.600,-11.5337,-69.0391,-2618.2151
968.700,-11.9033,-68.7246,-2618.6939
968.800,-12.2627,-68.4111,-2619.1728
968.900,-12.6106,-68.0990,-2619.6517
969.000,-12.9454,-67.7888,-2620.1307
969.100,-13.2657,-67.4813,-2620.6097
969.200,-13.5702,-67.1774,-2621.0888
969.300,-13.8578,-66.8783,-2621.5679
969.400,-14.1275,-66.5850,-2622.0470
969.500,-14.3781,-66.2988,-2622.5261
969.600,-14.6086,-66.0210,-2623.0052
969.700,-14.8180,-65.7530,-2623.4842
969.800,-15.0052,-65.4959,-2623.9632
969.900,-15.1692,-65.2511,-2624.4421
970.000,-15.3089,-65.0198,-2624.9209
970.100,-15.4235,-64.8032,-2625.3996
970.200,-15.5120,-64.6023,-2625.8781
970.300,-15.5737,-64.4179,-2626.3564
970.400,-15.6081,-64.2509,-2626.8345
970.500,-15.6149,-64.1017,-2627.3123
970.600,-15.5940,-63.9707,-2627.7898
970.700,-15.5456,-63.8578,-2628.2669
970.800,-15.4703,-63.7628,-2628.7437
970.900,-15.3690,-63.6851,-2629.2201
971.000,-15.2432,-63.6236,-2629.6960
971.100,-15.0944,-63.5771,-2630.1714
971.200,-14.9247,-63.5440,-2630.6464
971.300,-14.7367,-63.5223,-2631.1208
971.400,-14.5330,-63.5097,-2631.5946
971.500,-14.3168,-63.5039,-2632.0678
971.600,-14.0912,-63.5020,-2632.5404
971.700,-13.8596,-63.5013,-2633.0125
971.800,-13.6257,-63.4989,-2633.4839
971.900,-13.3930,-63.4919,-2633.9547
972.000,-13.1651,-63.4777,-2634.4249
972.100,-12.9453,-63.4535,-2634.8946
972.200,-12.7369,-63.4171,-2635.3637
972.300,-12.5428,-63.3663,-2635.8322
972.400,-12.3658,-63.2994,-2636.3003
972.500,-12.2080,-63.2150,-2636.7679
972.600,-12.0713,-63.1120,-2637.2350
972.700,-11.9571,-62.9897,-2637.7018
972.800,-11.8662,-62.8479,-2638.1682
972.900,-11.7992,-62.6867,-2638.6343
973.000,-11.7560,-62.5062,-2639.1001
973.100,-11.7363,-62.3072,-2639.5657
973.200,-11.7394,-62.0904,-2640.0310
973.300,-11.7642,-61.8568,-2640.4962
973.400,-11.8097,-61.6075,-2640.9613
973.500,-11.8743,-61.3437,-2641.4263
973.600,-11.9569,-61.0666,-2641.8911
973.700,-12.0557,-60.7774,-2642.3559
973.800,-12.1696,-60.4772,-2642.8207
973.900,-12.2971,-60.1670,-2643.2854
974.000,-12.4370,-59.8478,-2643.7502
974.100,-12.5883,-59.5205,-2644.2149
974.200,-12.7500,-59.1858,-2644.6797
974.300,-12.9212,-58.8442,-2645.1445
974.400,-13.1013,-58.4963,-2645.6093
974.500,-13.2897,-58.1425,-2646.0742
974.600,-13.4855,-57.7834,-2646.5391
974.700,-13.6881,-57.4194,-2647.0040
974.800,-13.8964,-57.0512,-2647.4691
974.900,-14.1093,-56.6794,-2647.9342
975.000,-14.3256,-56.3045,-2648.3993
975.100,-14.5440,-55.9271,-2648.8646
975.200,-14.7634,-55.5477,-2649.3299
975.300,-14.9827,-55.1664,-2649.7953
975.400,-15.2009,-54.7835,-2650.2608
975.500,-15.4173,-54.3991,-2650.7264
975.600,-15.6309,-54.0132,-2651.1921
975.700,-15.8410,-53.6257,-2651.6579
975.800,-16.0468,-53.2366,-2652.1237
975.900,-16.2476,-52.8459,-2652.5897
976.000,-16.4428,-52.4533,-2653.0557
976.100,-16.6318,-52.0588,-2653.5218
976.200,-16.8142,-51.6624,-2653.9880
976.300,-16.9896,-51.2639,-2654.4543
976.400,-17.1579,-50.8633,-2654.9206
976.500,-17.3187,-50.4606,-2655.3871
976.600,-17.4722,-50.0557,-2655.8536
976.700,-17.6185,-49.6488,-2656.3202
976.800,-17.7576,-49.2398,-2656.7869
976.900,-17.8900,-48.8289,-2657.2537
977.000,-18.0162,-48.4161,-2657.7206
977.100,-18.1368,-48.0015,-2658.1875
977.200,-18.2524,-47.5853,-2658.6546
977.300,-18.3638,-47.1677,-2659.1217
977.400,-18.4721,-46.7488,-2659.5889
977.500,-18.5780,-46.3289,-2660.0562
977.600,-18.6828,-45.9081,-2660.5236
977.700,-18.7875,-45.4868,-2660.9910
977.800,-18.8931,-45.0651,-2661.4586
977.900,-19.0010,-44.6435,-2661.9263
978.000,-19.1120,-44.2221,-2662.3940
978.100,-19.2275,-43.8013,-2662.8618
978.200,-19.3483,-43.3815,-2663.3298
978.300,-19.4756,-42.9630,-2663.7978
978.400,-19.6102,-42.5462,-2664.2659
978.500,-19.7531,-42.1315,-2664.7340
978.600,-19.9049,-41.7192,-2665.2023
978.700,-20.0663,-41.3097,-2665.6707
978.800,-20.2379,-40.9035,-2666.1391
978.900,-20.4201,-40.5009,-2666.6076
979.000,-20.6133,-40.1022,-2667.0762
979.100,-20.8175,-39.7078,-2667.5448
979.200,-21.0328,-39.3181,-2668.0135
979.300,-21.2593,-38.9332,-2668.4823
979.400,-21.4968,-38.5535,-2668.9511
979.500,-21.7449,-38.1792,-2669.4200
979.600,-22.0034,-37.8104,-2669.8889
979.700,-22.2719,-37.4474,-2670.3579
979.800,-22.5499,-37.0903,-2670.8270
979.900,-22.8371,-36.7391,-2671.2960
980.000,-23.1330,-36.3941,-2671.7651
980.100,-23.4372,-36.0552,-2672.2343
980.200,-23.7496,-35.7227,-2672.7034
980.300,-24.0700,-35.3966,-2673.1726
980.400,-24.3984,-35.0772,-2673.6418
980.500,-24.7349,-34.7647,-2674.1110
980.600,-25.0797,-34.4593,-2674.5802
980.700,-25.4331,-34.1613,-2675.0494
980.800,-25.7953,-33.8712,-2675.5186
980.900,-26.1659,-33.5890,-2675.9877
981.000,-26.5443,-33.3152,-2676.4569
981.100,-26.9293,-33.0497,-2676.9260
981.200,-27.3189,-32.7927,-2677.3951
981.300,-27.7109,-32.5441,-2677.8642
981.400,-28.1026,-32.3038,-2678.3332
981.500,-28.4916,-32.0719,-2678.8021
981.600,-28.8752,-31.8485,-2679.2711
981.700,-29.2511,-31.6340,-2679.7399
981.800,-29.6169,-31.4289,-2680.2087
981.900,-29.9701,-31.2337,-2680.6774
982.000,-30.3083,-31.0490,-2681.1460
982.100,-30.6290,-30.8756,-2681.6144
982.200,-30.9296,-30.7140,-2682.0828
982.300,-31.2075,-30.5647,-2682.5509
982.400,-31.4601,-30.4285,-2683.0190
982.500,-31.6849,-30.3056,-2683.4868
982.600,-31.8795,-30.1964,-2683.9544
982.700,-32.0415,-30.1013,-2684.4218
982.800,-32.1692,-30.0203,-2684.8889
982.900,-32.2607,-29.9534,-2685.3558
983.000,-32.3150,-29.9004,-2685.8224
983.100,-32.3313,-29.8610,-2686.2887
983.200,-32.3094,-29.8347,-2686.7547
983.300,-32.2498,-29.8208,-2687.2203
983.400,-32.1535,-29.8183,-2687.6856
983.500,-32.0222,-29.8262,-2688.1505
983.600,-31.8583,-29.8433,-2688.6150
983.700,-31.6648,-29.8682,-2689.0791
983.800,-31.4451,-29.8992,-2689.5428
983.900,-31.2032,-29.9349,-2690.0060
984.000,-30.9434,-29.9733,-2690.4688
984.100,-30.6705,-30.0127,-2690.9312
984.200,-30.3893,-30.0512,-2691.3931
984.300,-30.1046,-30.0871,-2691.8545
984.400,-29.8214,-30.1185,-2692.3155
984.500,-29.5445,-30.1439,-2692.7760
984.600,-29.2783,-30.1616,-2693.2361
984.700,-29.0271,-30.1702,-2693.6957
984.800,-28.7946,-30.1686,-2694.1549
984.900,-28.5843,-30.1558,-2694.6136
985.000,-28.3990,-30.1310,-2695.0720
985.100,-28.2410,-30.0936,-2695.5299
985.200,-28.1121,-30.0434,-2695.9876
985.300,-28.0136,-29.9801,-2696.4448
985.400,-27.9462,-29.9038,-2696.9018
985.500,-27.9101,-29.8147,-2697.3584
985.600,-27.9051,-29.7132,-2697.8148
985.700,-27.9306,-29.5997,-2698.2709
985.800,-27.9857,-29.4748,-2698.7268
985.900,-28.0690,-29.3391,-2699.1825
986.000,-28.1793,-29.1932,-2699.6380
986.100,-28.3150,-29.0376,-2700.0934
986.200,-28.4745,-28.8730,-2700.5486
986.300,-28.6563,-28.6999,-2701.0036
986.400,-28.8589,-28.5187,-2701.4586
986.500,-29.0811,-28.3298,-2701.9135
986.600,-29.3217,-28.1334,-2702.3682
986.700,-29.5798,-27.9298,-2702.8229
986.800,-29.8546,-27.7189,-2703.2776
986.900,-30.1455,-27.5010,-2703.7321
987.000,-30.4520,-27.2760,-2704.1867
987.100,-30.7734,-27.0440,-2704.6411
987.200,-31.1086,-26.8053,-2705.0956
987.300,-31.4564,-26.5601,-2705.5500
987.400,-31.8148,-26.3089,-2706.0044
987.500,-32.1813,-26.0520,-2706.4588
987.600,-32.5536,-25.7898,-2706.9132
987.700,-32.9290,-25.5224,-2707.3676
987.800,-33.3054,-25.2499,-2707.8220
987.900,-33.6806,-24.9720,-2708.2764
988.000,-34.0526,-24.6883,-2708.7308
988.100,-34.4198,-24.3984,-2709.1852
988.200,-34.7805,-24.1018,-2709.6397
988.300,-35.1332,-23.7977,-2710.0941
988.400,-35.4763,-23.4855,-2710.5485
988.500,-35.8085,-23.1648,-2711.0029
988.600,-36.1286,-22.8349,-2711.4573
988.700,-36.4352,-22.4953,-2711.9117
988.800,-36.7273,-22.1458,-2712.3660
988.900,-37.0041,-21.7858,-2712.8204
989.000,-37.2647,-21.4153,-2713.2747
989.100,-37.5086,-21.0341,-2713.7290
989.200,-37.7357,-20.6422,-2714.1833
989.300,-37.9459,-20.2399,-2714.6376
989.400,-38.1397,-19.8273,-2715.0919
989.500,-38.3177,-19.4048,-2715.5461
989.600,-38.4809,-18.9730,-2716.0004
989.700,-38.6309,-18.5327,-2716.4546
989.800,-38.7693,-18.0845,-2716.9089
989.900,-38.8984,-17.6295,-2717.3631
990.000,-39.0206,-17.1685,-2717.8174
990.100,-39.1387,-16.7029,-2718.2716
990.200,-39.2556,-16.2338,-2718.7259
990.300,-39.3746,-15.7625,-2719.1801
990.400,-39.4992,-15.2903,-2719.6343
990.500,-39.6327,-14.8186,-2720.0886
990.600,-39.7787,-14.3490,-2720.5428
990.700,-39.9406,-13.8828,-2720.9970
990.800,-40.1218,-13.4214,-2721.4511
990.900,-40.3255,-12.9664,-2721.9053
991.000,-40.5545,-12.5192,-2722.3594
991.100,-40.8115,-12.0811,-2722.8134
991.200,-41.0987,-11.6536,-2723.2674
991.300,-41.4179,-11.2378,-2723.7214
991.400,-41.7707,-10.8351,-2724.1753
991.500,-42.1579,-10.4466,-2724.6291
991.600,-42.5802,-10.0734,-2725.0828
991.700,-43.0376,-9.7166,-2725.5365
991.800,-43.5299,-9.3772,-2725.9900
991.900,-44.0564,-9.0559,-2726.4435
992.000,-44.6162,-8.7537,-2726.8968
992.100,-45.2082,-8.4713,-2727.3501
992.200,-45.8309,-8.2095,-2727.8033
992.300,-46.4830,-7.9689,-2728.2563
992.400,-47.1629,-7.7503,-2728.7093
992.500,-47.8692,-7.5542,-2729.1621
992.600,-48.6006,-7.3816,-2729.6149
992.700,-49.3559,-7.2330,-2730.0675
992.800,-50.1341,-7.1094,-2730.5201
992.900,-50.9346,-7.0117,-2730.9726
993.000,-51.7568,-6.9410,-2731.4250
993.100,-52.6002,-6.8985,-2731.8773
993.200,-53.4642,-6.8853,-2732.3296
993.300,-54.3481,-6.9026,-2732.7819
993.400,-55.2502,-6.9515,-2733.2342
993.500,-56.1682,-7.0327,-2733.6864
993.600,-57.0984,-7.1468,-2734.1387
993.700,-58.0365,-7.2943,-2734.5909
993.800,-58.9773,-7.4759,-2735.0432
993.900,-59.9158,-7.6924,-2735.4955
994.000,-60.8473,-7.9453,-2735.9477
994.100,-61.7674,-8.2367,-2736.3999
994.200,-62.6726,-8.5689,-2736.8520
994.300,-63.5592,-8.9445,-2737.3041
994.400,-64.4243,-9.3664,-2737.7561
994.500,-65.2649,-9.8371,-2738.2080
994.600,-66.0782,-10.3589,-2738.6599
994.700,-66.8616,-10.9336,-2739.1117
994.800,-67.6125,-11.5623,-2739.5634
994.900,-68.3285,-12.2449,-2740.0151
995.000,-69.0071,-12.9803,-2740.4667
995.100,-69.6462,-13.7659,-2740.9182
995.200,-70.2439,-14.5978,-2741.3697
995.300,-70.7984,-15.4705,-2741.8211
995.400,-71.3086,-16.3773,-2742.2726
995.500,-71.7736,-17.3105,-2742.7239
995.600,-72.1932,-18.2614,-2743.1753
995.700,-72.5678,-19.2213,-2743.6266
995.800,-72.8984,-20.1814,-2744.0780
995.900,-73.1867,-21.1336,-2744.5293
996.000,-73.4352,-22.0711,-2744.9807
996.100,-73.6470,-22.9887,-2745.4321
996.200,-73.8259,-23.8829,-2745.8836
996.300,-73.9763,-24.7524,-2746.3351
996.400,-74.1030,-25.5977,-2746.7866
996.500,-74.2115,-26.4216,-2747.2382
996.600,-74.3074,-27.2283,-2747.6899
996.700,-74.3964,-28.0237,-2748.1415
996.800,-74.4846,-28.8149,-2748.5933
996.900,-74.5777,-29.6096,-2749.0450
997.000,-74.6814,-30.4165,-2749.4969
997.100,-74.8009,-31.2445,-2749.9487
997.200,-74.9413,-32.1028,-2750.4005
997.300,-75.1068,-33.0004,-2750.8524
997.400,-75.3012,-33.9466,-2751.3043
997.500,-75.5277,-34.9503,-2751.7561
997.600,-75.7889,-36.0204,-2752.2080
997.700,-76.0864,-37.1655,-2752.6598
997.800,-76.4215,-38.3939,-2753.1115
997.900,-76.7946,-39.7138,-2753.5633
998.000,-77.2055,-41.1329,-2754.0149
998.100,-77.6538,-42.6587,-2754.4665
998.200,-78.1382,-44.2984,-2754.9181
998.300,-78.6572,-46.0584,-2755.3696
998.400,-79.2093,-47.9449,-2755.8210
998.500,-79.7924,-49.9631,-2756.2724
998.600,-80.4045,-52.1174,-2756.7237
998.700,-81.0436,-54.4112,-2757.1750
998.800,-81.7077,-56.8465,-2757.6262
998.900,-82.3952,-59.4237,-2758.0774
999.000,-83.1043,-62.1414,-2758.5286
999.100,-83.8337,-64.9959,-2758.9797
999.200,-84.5824,-67.9806,-2759.4309
999.300,-85.3494,-71.0856,-2759.8821
999.400,-86.1337,-74.2963,-2760.3333
999.500,-86.9345,-77.5930,-2760.7845
999.600,-87.7503,-80.9501,-2761.2358
999.700,-88.5796,-84.3358,-2761.6871
999.800,-89.4200,-87.7134,-2762.1386
999.900,-90.2685,-91.0436,-2762.5901
1000.000,-91.1223,-94.2885,-2763.0416
1000.100,-91.9780,-97.4152,-2763.4933
1000.200,-92.8328,-100.3987,-2763.9449
1000.300,-93.6843,-103.2222,-2764.3966
1000.400,-94.5301,-105.8766,-2764.8483
1000.500,-95.3681,-108.3587,-2765.2999
1000.600,-96.1962,-110.6700,-2765.7516
1000.700,-97.0124,-112.8149,-2766.2033
1000.800,-97.8147,-114.7994,-2766.6550
1000.900,-98.6008,-116.6312,-2767.1067
1001.000,-99.3687,-118.3179,-2767.5584
1001.100,-100.1161,-119.8677,-2768.0101
1001.200,-100.8409,-121.2886,-2768.4618
1001.300,-101.5411,-122.5885,-2768.9135
1001.400,-102.2149,-123.7750,-2769.3653
1001.500,-102.8606,-124.8554,-2769.8171
1001.600,-103.4770,-125.8371,-2770.2689
1001.700,-104.0631,-126.7270,-2770.7208
1001.800,-104.6184,-127.5320,-2771.1728
1001.900,-105.1429,-128.2591,-2771.6248
1002.000,-105.6372,-128.9150,-2772.0769
1002.100,-106.1024,-129.5063,-2772.5290
1002.200,-106.5401,-130.0400,-2772.9813
1002.300,-106.9527,-130.5226,-2773.4336
1002.400,-107.3430,-130.9607,-2773.8861
1002.500,-107.7142,-131.3608,-2774.3386
1002.600,-108.0703,-131.7292,-2774.7913
1002.700,-108.4152,-132.0719,-2775.2441
1002.800,-108.7533,-132.3946,-2775.6970
1002.900,-109.0891,-132.7024,-2776.1500
1003.000,-109.4270,-132.9999,-2776.6031
1003.100,-109.7715,-133.2913,-2777.0563
1003.200,-110.1266,-133.5798,-2777.5096
1003.300,-110.4961,-133.8680,-2777.9631
1003.400,-110.8836,-134.1579,-2778.4166
1003.500,-111.2919,-134.4505,-2778.8702
1003.600,-111.7235,-134.7464,-2779.3238
1003.700,-112.1802,-135.0453,-2779.7776
1003.800,-112.6635,-135.3468,-2780.2313
1003.900,-113.1739,-135.6496,-2780.6852
1004.000,-113.7118,-135.9525,-2781.1391
1004.100,-114.2768,-136.2538,-2781.5930
1004.200,-114.8681,-136.5521,-2782.0469
1004.300,-115.4848,-136.8458,-2782.5009
1004.400,-116.1252,-137.1334,-2782.9548
1004.500,-116.7878,-137.4136,-2783.4088
1004.600,-117.4708,-137.6855,-2783.8628
1004.700,-118.1721,-137.9482,-2784.3168
1004.800,-118.8898,-138.2013,-2784.7709
1004.900,-119.6220,-138.4446,-2785.2249
1005.000,-120.3669,-138.6782,-2785.6790
1005.100,-121.1229,-138.9024,-2786.1330
1005.200,-121.8885,-139.1179,-2786.5871
1005.300,-122.6625,-139.3257,-2787.0412
1005.400,-123.4440,-139.5269,-2787.4953
1005.500,-124.2324,-139.7231,-2787.9495
1005.600,-125.0274,-139.9159,-2788.4036
1005.700,-125.8289,-140.1075,-2788.8578
1005.800,-126.6370,-140.2999,-2789.3120
1005.900,-127.4520,-140.4951,-2789.7662
1006.000,-128.2741,-140.6945,-2790.2204
1006.100,-129.1033,-140.8991,-2790.6746
1006.200,-129.9395,-141.1086,-2791.1288
1006.300,-130.7822,-141.3220,-2791.5830
1006.400,-131.6307,-141.5377,-2792.0371
1006.500,-132.4843,-141.7537,-2792.4911
1006.600,-133.3417,-141.9682,-2792.9452
1006.700,-134.2018,-142.1796,-2793.3991
1006.800,-135.0629,-142.3866,-2793.8531
1006.900,-135.9235,-142.5884,-2794.3070
1007.000,-136.7821,-142.7842,-2794.7609
1007.100,-137.6370,-142.9734,-2795.2148
1007.200,-138.4867,-143.1558,-2795.6686
1007.300,-139.3297,-143.3312,-2796.1224
1007.400,-140.1646,-143.4994,-2796.5762
1007.500,-140.9901,-143.6605,-2797.0300
1007.600,-141.8051,-143.8143,-2797.4838
1007.700,-142.6084,-143.9611,-2797.9376
1007.800,-143.3992,-144.1010,-2798.3914
1007.900,-144.1766,-144.2340,-2798.8451
1008.000,-144.9400,-144.3603,-2799.2989
1008.100,-145.6889,-144.4803,-2799.7527
1008.200,-146.4230,-144.5940,-2800.2065
1008.300,-147.1423,-144.7018,-2800.6603
1008.400,-147.8468,-144.8039,-2801.1141
1008.500,-148.5366,-144.9006,-2801.5679
1008.600,-149.2123,-144.9921,-2802.0218
1008.700,-149.8744,-145.0788,-2802.4756
1008.800,-150.5235,-145.1609,-2802.9295
1008.900,-151.1604,-145.2388,-2803.3834
1009.000,-151.7860,-145.3127,-2803.8374
1009.100,-152.4012,-145.3828,-2804.2913
1009.200,-153.0070,-145.4496,-2804.7453
1009.300,-153.6045,-145.5131,-2805.1993
1009.400,-154.1944,-145.5736,-2805.6534
1009.500,-154.7779,-145.6313,-2806.1074
1009.600,-155.3558,-145.6865,-2806.5615
1009.700,-155.9290,-145.7391,-2807.0156
1009.800,-156.4982,-145.7892,-2807.4697
1009.900,-157.0641,-145.8371,-2807.9239
1010.000,-157.6275,-145.8825,-2808.3781
1010.100,-158.1887,-145.9257,-2808.8322
1010.200,-158.7483,-145.9663,-2809.2864
1010.300,-159.3067,-146.0044,-2809.7406
1010.400,-159.8643,-146.0399,-2810.1948
1010.500,-160.4211,-146.0725,-2810.6490
1010.600,-160.9776,-146.1020,-2811.1032
1010.700,-161.5338,-146.1282,-2811.5574
1010.800,-162.0900,-146.1509,-2812.0116
1010.900,-162.6461,-146.1699,-2812.4658
1011.000,-163.2024,-146.1847,-2812.9200
1011.100,-163.7588,-146.1953,-2813.3742
1011.200,-164.3156,-146.2012,-2813.8283
1011.300,-164.8728,-146.2022,-2814.2824
1011.400,-165.4305,-146.1980,-2814.7365
1011.500,-165.9888,-146.1884,-2815.1906
1011.600,-166.5479,-146.1730,-2815.6446
1011.700,-167.1080,-146.1516,-2816.0987
1011.800,-167.6692,-146.1237,-2816.5526
1011.900,-168.2317,-146.0891,-2817.0066
1012.000,-168.7957,-146.0473,-2817.4605
1012.100,-169.3614,-145.9979,-2817.9143
1012.200,-169.9288,-145.9408,-2818.3681
1012.300,-170.4981,-145.8758,-2818.8219
1012.400,-171.0690,-145.8031,-2819.2756
1012.500,-171.6416,-145.7232,-2819.7293
1012.600,-172.2154,-145.6365,-2820.1830
1012.700,-172.7902,-145.5436,-2820.6367
1012.800,-173.3658,-145.4450,-2821.0904
1012.900,-173.9420,-145.3411,-2821.5441
1013.000,-174.5184,-145.2323,-2821.9979
1013.100,-175.0949,-145.1191,-2822.4517
1013.200,-175.6713,-145.0021,-2822.9055
1013.300,-176.2473,-144.8816,-2823.3594
1013.400,-176.8226,-144.7585,-2823.8133
1013.500,-177.3969,-144.6333,-2824.2673
1013.600,-177.9699,-144.5068,-2824.7214
1013.700,-178.5412,-144.3796,-2825.1755
1013.800,-179.1104,-144.2524,-2825.6298
1013.900,-179.6771,-144.1259,-2826.0841
1014.000,179.7592,-144.0006,-2826.5385
1014.100,179.1989,-143.8771,-2826.9930
1014.200,178.6425,-143.7559,-2827.4476
1014.300,178.0905,-143.6373,-2827.9024
1014.400,177.5434,-143.5216,-2828.3573
1014.500,177.0018,-143.4088,-2828.8122
1014.600,176.4662,-143.2991,-2829.2674
1014.700,175.9370,-143.1922,-2829.7226
1014.800,175.4149,-143.0879,-2830.1780
1014.900,174.9002,-142.9856,-2830.6335
1015.000,174.3936,-142.8847,-2831.0892
1015.100,173.8955,-142.7844,-2831.5449
1015.200,173.4062,-142.6840,-2832.0009
1015.300,172.9261,-142.5822,-2832.4569
1015.400,172.4557,-142.4782,-2832.9131
1015.500,171.9951,-142.3707,-2833.3694
1015.600,171.5445,-142.2586,-2833.8258
1015.700,171.1041,-142.1410,-2834.2824
1015.800,170.6739,-142.0166,-2834.7391
1015.900,170.2539,-141.8847,-2835.1959
1016.000,169.8441,-141.7445,-2835.6529
1016.100,169.4443,-141.5952,-2836.1099
1016.200,169.0543,-141.4367,-2836.5671
1016.300,168.6737,-141.2685,-2837.0244
1016.400,168.3023,-141.0907,-2837.4818
1016.500,167.9397,-140.9034,-2837.9393
1016.600,167.5855,-140.7071,-2838.3970
1016.700,167.2391,-140.5023,-2838.8547
1016.800,166.9002,-140.2897,-2839.3125
1016.900,166.5682,-140.0702,-2839.7705
1017.000,166.2428,-139.8447,-2840.2285
1017.100,165.9233,-139.6142,-2840.6866
1017.200,165.6094,-139.3799,-2841.1448
1017.300,165.3006,-139.1428,-2841.6031
1017.400,164.9965,-138.9040,-2842.0615
1017.500,164.6968,-138.6646,-2842.5200
1017.600,164.4012,-138.4257,-2842.9785
1017.700,164.1094,-138.1882,-2843.4370
1017.800,163.8214,-137.9531,-2843.8957
1017.900,163.5369,-137.7212,-2844.3543
1018.000,163.2560,-137.4933,-2844.8130
1018.100,162.9788,-137.2702,-2845.2717
1018.200,162.7055,-137.0526,-2845.7305
1018.300,162.4364,-136.8411,-2846.1892
1018.400,162.1717,-136.6360,-2846.6480
1018.500,161.9117,-136.4374,-2847.1067
1018.600,161.6566,-136.2450,-2847.5653
1018.700,161.4064,-136.0583,-2848.0240
1018.800,161.1608,-135.8762,-2848.4826
1018.900,160.9197,-135.6977,-2848.9411
1019.000,160.6828,-135.5220,-2849.3997
1019.100,160.4497,-135.3485,-2849.8583
1019.200,160.2200,-135.1767,-2850.3168
1019.300,159.9935,-135.0065,-2850.7754
1019.400,159.7697,-134.8380,-2851.2340
1019.500,159.5481,-134.6710,-2851.6926
1019.600,159.3283,-134.5058,-2852.1512
1019.700,159.1097,-134.3422,-2852.6098
1019.800,158.8921,-134.1803,-2853.0685
1019.900,158.6748,-134.0200,-2853.5272
1020.000,158.4576,-133.8615,-2853.9859
1020.100,158.2402,-133.7044,-2854.4447
1020.200,158.0223,-133.5489,-2854.9035
1020.300,157.8037,-133.3949,-2855.3623
1020.400,157.5841,-133.2421,-2855.8211
1020.500,157.3637,-133.0905,-2856.2800
1020.600,157.1422,-132.9399,-2856.7389
1020.700,156.9197,-132.7902,-2857.1979
1020.800,156.6964,-132.6412,-2857.6569
1020.900,156.4723,-132.4928,-2858.1159
1021.000,156.2476,-132.3447,-2858.5749
1021.100,156.0226,-132.1967,-2859.0340
1021.200,155.7974,-132.0487,-2859.4931
1021.300,155.5723,-131.9003,-2859.9522
1021.400,155.3477,-131.7515,-2860.4113
1021.500,155.1237,-131.6020,-2860.8705
1021.600,154.9007,-131.4516,-2861.3297
1021.700,154.6790,-131.3001,-2861.7890
1021.800,154.4588,-131.1474,-2862.2483
1021.900,154.2403,-130.9932,-2862.7076
1022.000,154.0239,-130.8375,-2863.1669
1022.100,153.8095,-130.6801,-2863.6263
1022.200,153.5975,-130.5209,-2864.0857
1022.300,153.3879,-130.3598,-2864.5452
1022.400,153.1806,-130.1969,-2865.0047
1022.500,152.9759,-130.0320,-2865.4643
1022.600,152.7735,-129.8651,-2865.9239
1022.700,152.5733,-129.6962,-2866.3836
1022.800,152.3754,-129.5254,-2866.8433
1022.900,152.1793,-129.3525,-2867.3031
1023.000,151.9849,-129.1777,-2867.7629
1023.100,151.7918,-129.0008,-2868.2228
1023.200,151.5998,-128.8220,-2868.6828
1023.300,151.4084,-128.6411,-2869.1428
1023.400,151.2173,-128.4582,-2869.6029
1023.500,151.0260,-128.2731,-2870.0630
1023.600,150.8342,-128.0859,-2870.5232
1023.700,150.6413,-127.8964,-2870.9834
1023.800,150.4471,-127.7044,-2871.4437
1023.900,150.2511,-127.5099,-2871.9041
1024.000,150.0531,-127.3125,-2872.3645
1024.100,149.8528,-127.1121,-2872.8249
1024.200,149.6500,-126.9081,-2873.2854
1024.300,149.4447,-126.7003,-2873.7460
1024.400,149.2367,-126.4879,-2874.2066
1024.500,149.0263,-126.2704,-2874.6673
1024.600,148.8136,-126.0470,-2875.1280
1024.700,148.5988,-125.8171,-2875.5888
1024.800,148.3822,-125.5802,-2876.0497
1024.900,148.1641,-125.3362,-2876.5106
1025.000,147.9445,-125.0853,-2876.9715
1025.100,147.7235,-124.8280,-2877.4326
1025.200,147.5004,-124.5654,-2877.8937
1025.300,147.2747,-124.2984,-2878.3549
1025.400,147.0455,-124.0283,-2878.8163
1025.500,146.8122,-123.7562,-2879.2777
1025.600,146.5741,-123.4837,-2879.7392
1025.700,146.3308,-123.2121,-2880.2008
1025.800,146.0819,-122.9428,-2880.6625
1025.900,145.8275,-122.6774,-2881.1243
1026.000,145.5675,-122.4174,-2881.5862
1026.100,145.3021,-122.1642,-2882.0482
1026.200,145.0316,-121.9191,-2882.5104
1026.300,144.7565,-121.6835,-2882.9726
1026.400,144.4773,-121.4587,-2883.4350
1026.500,144.1947,-121.2456,-2883.8974
1026.600,143.9094,-121.0454,-2884.3599
1026.700,143.6222,-120.8587,-2884.8226
1026.800,143.3341,-120.6861,-2885.2853
1026.900,143.0461,-120.5279,-2885.7481
1027.000,142.7591,-120.3841,-2886.2110
1027.100,142.4742,-120.2545,-2886.6739
1027.200,142.1923,-120.1383,-2887.1369
1027.300,141.9143,-120.0347,-2887.6000
1027.400,141.6409,-119.9424,-2888.0631
1027.500,141.3728,-119.8598,-2888.5262
1027.600,141.1102,-119.7849,-2888.9893
1027.700,140.8535,-119.7157,-2889.4524
1027.800,140.6026,-119.6497,-2889.9155
1027.900,140.3573,-119.5844,-2890.3787
1028.000,140.1171,-119.5173,-2890.8418
1028.100,139.8815,-119.4457,-2891.3049
1028.200,139.6496,-119.3669,-2891.7680
1028.300,139.4206,-119.2787,-2892.2311
1028.400,139.1935,-119.1788,-2892.6942
1028.500,138.9673,-119.0652,-2893.1574
1028.600,138.7412,-118.9363,-2893.6205
1028.700,138.5141,-118.7908,-2894.0837
1028.800,138.2852,-118.6277,-2894.5469
1028.900,138.0537,-118.4466,-2895.0101
1029.000,137.8189,-118.2472,-2895.4734
1029.100,137.5804,-118.0298,-2895.9368
1029.200,137.3376,-117.7949,-2896.4002
1029.300,137.0904,-117.5433,-2896.8637
1029.400,136.8385,-117.2759,-2897.3272
1029.500,136.5819,-116.9942,-2897.7909
1029.600,136.3207,-116.6994,-2898.2547
1029.700,136.0551,-116.3931,-2898.7185
1029.800,135.7852,-116.0767,-2899.1824
1029.900,135.5114,-115.7519,-2899.6465
1030.000,135.2341,-115.4200,-2900.1106
1030.100,134.9536,-115.0827,-2900.5749
1030.200,134.6705,-114.7411,-2901.0392
1030.300,134.3851,-114.3967,-2901.5037
1030.400,134.0980,-114.0505,-2901.9682
1030.500,133.8095,-113.7037,-2902.4329
1030.600,133.5202,-113.3573,-2902.8976
1030.700,133.2305,-113.0121,-2903.3624
1030.800,132.9407,-112.6690,-2903.8273
1030.900,132.6510,-112.3286,-2904.2923
1031.000,132.3611,-111.9911,-2904.7573
1031.100,132.0707,-111.6568,-2905.2224
1031.200,131.7790,-111.3252,-2905.6875
1031.300,131.4850,-110.9958,-2906.1527
1031.400,131.1877,-110.6679,-2906.6180
1031.500,130.8865,-110.3411,-2907.0833
1031.600,130.5809,-110.0148,-2907.5486
1031.700,130.2705,-109.6889,-2908.0141
1031.800,129.9550,-109.3635,-2908.4796
1031.900,129.6343,-109.0385,-2908.9452
1032.000,129.3080,-108.7141,-2909.4108
1032.100,128.9757,-108.3904,-2909.8766
1032.200,128.6372,-108.0675,-2910.3424
1032.300,128.2920,-107.7455,-2910.8083
1032.400,127.9396,-107.4243,-2911.2743
1032.500,127.5797,-107.1041,-2911.7404
1032.600,127.2118,-106.7849,-2912.2065
1032.700,126.8357,-106.4667,-2912.6728
1032.800,126.4510,-106.1495,-2913.1391
1032.900,126.0575,-105.8333,-2913.6055
1033.000,125.6548,-105.5180,-2914.0720
1033.100,125.2428,-105.2038,-2914.5386
1033.200,124.8214,-104.8904,-2915.0052
1033.300,124.3904,-104.5780,-2915.4719
1033.400,123.9498,-104.2664,-2915.9388
1033.500,123.4996,-103.9555,-2916.4056
1033.600,123.0397,-103.6454,-2916.8726
1033.700,122.5701,-103.3359,-2917.3397
1033.800,122.0910,-103.0270,-2917.8068
1033.900,121.6024,-102.7185,-2918.2740
1034.000,121.1043,-102.4105,-2918.7413
1034.100,120.5968,-102.1028,-2919.2086
1034.200,120.0801,-101.7953,-2919.6761
1034.300,119.5542,-101.4881,-2920.1436
1034.400,119.0192,-101.1810,-2920.6112
1034.500,118.4751,-100.8741,-2921.0789
1034.600,117.9221,-100.5673,-2921.5467
1034.700,117.3603,-100.2606,-2922.0146
1034.800,116.7895,-99.9541,-2922.4826
1034.900,116.2098,-99.6478,-2922.9507
1035.000,115.6212,-99.3418,-2923.4189
1035.100,115.0237,-99.0361,-2923.8871
1035.200,114.4170,-98.7308,-2924.3555
1035.300,113.8010,-98.4259,-2924.8240
1035.400,113.1754,-98.1215,-2925.2926
1035.500,112.5401,-97.8178,-2925.7613
1035.600,111.8945,-97.5147,-2926.2301
1035.700,111.2383,-97.2122,-2926.6990
1035.800,110.5708,-96.9105,-2927.1680
1035.900,109.8915,-96.6094,-2927.6371
1036.000,109.1997,-96.3090,-2928.1063
1036.100,108.4945,-96.0092,-2928.5756
1036.200,107.7750,-95.7100,-2929.0450
1036.300,107.0403,-95.4112,-2929.5146
1036.400,106.2893,-95.1127,-2929.9842
1036.500,105.5209,-94.8144,-2930.4539
1036.600,104.7337,-94.5160,-2930.9237
1036.700,103.9263,-94.2173,-2931.3936
1036.800,103.0971,-93.9181,-2931.8636
1036.900,102.2442,-93.6181,-2932.3338
1037.000,101.3656,-93.3167,-2932.8040
1037.100,100.4590,-93.0137,-2933.2743
1037.200,99.5221,-92.7087,-2933.7447
1037.300,98.5530,-92.4016,-2934.2153
1037.400,97.5503,-92.0923,-2934.6859
1037.500,96.5133,-91.7812,-2935.1567
1037.600,95.4424,-91.4687,-2935.6275
1037.700,94.3391,-91.1556,-2936.0985
1037.800,93.2062,-90.8428,-2936.5695
1037.900,92.0479,-90.5314,-2937.0407
1038.000,90.8690,-90.2227,-2937.5119
1038.100,89.6759,-89.9180,-2937.9832
1038.200,88.4756,-89.6186,-2938.4546
1038.300,87.2761,-89.3262,-2938.9260
1038.400,86.0861,-89.0421,-2939.3975
1038.500,84.9146,-88.7677,-2939.8690
1038.600,83.7712,-88.5046,-2940.3406
1038.700,82.6655,-88.2542,-2940.8121
1038.800,81.6069,-88.0176,-2941.2837
1038.900,80.6046,-87.7962,-2941.7552
1039.000,79.6671,-87.5911,-2942.2267
1039.100,78.8020,-87.4031,-2942.6981
1039.200,78.0157,-87.2330,-2943.1694
1039.300,77.3132,-87.0813,-2943.6405
1039.400,76.6976,-86.9483,-2944.1116
1039.500,76.1703,-86.8339,-2944.5824
1039.600,75.7307,-86.7377,-2945.0530
1039.700,75.3759,-86.6589,-2945.5234
1039.800,75.1011,-86.5965,-2945.9935
1039.900,74.8992,-86.5490,-2946.4633
1040.000,74.7615,-86.5147,-2946.9328
1040.100,74.6774,-86.4912,-2947.4019
1040.200,74.6350,-86.4763,-2947.8707
1040.300,74.6212,-86.4672,-2948.3391
1040.400,74.6222,-86.4611,-2948.8071
1040.500,74.6239,-86.4551,-2949.2747
1040.600,74.6122,-86.4461,-2949.7420
1040.700,74.5734,-86.4313,-2950.2089
1040.800,74.4944,-86.4079,-2950.6754
1040.900,74.3634,-86.3732,-2951.1415
1041.000,74.1698,-86.3250,-2951.6074
1041.100,73.9042,-86.2613,-2952.0729
1041.200,73.5593,-86.1805,-2952.5382
1041.300,73.1292,-86.0814,-2953.0032
1041.400,72.6099,-85.9631,-2953.4680
1041.500,71.9989,-85.8253,-2953.9326
1041.600,71.2957,-85.6679,-2954.3971
1041.700,70.5010,-85.4911,-2954.8614
1041.800,69.6173,-85.2957,-2955.3256
1041.900,68.6481,-85.0825,-2955.7898
1042.000,67.5981,-84.8525,-2956.2539
1042.100,66.4730,-84.6070,-2956.7180
1042.200,65.2791,-84.3472,-2957.1820
1042.300,64.0233,-84.0746,-2957.6461
1042.400,62.7127,-83.7906,-2958.1102
1042.500,61.3546,-83.4965,-2958.5744
1042.600,59.9561,-83.1936,-2959.0386
1042.700,58.5244,-82.8832,-2959.5029
1042.800,57.0659,-82.5663,-2959.9672
1042.900,55.5868,-82.2440,-2960.4316
1043.000,54.0931,-81.9171,-2960.8961
1043.100,52.5900,-81.5866,-2961.3607
1043.200,51.0827,-81.2531,-2961.8254
1043.300,49.5759,-80.9174,-2962.2902
1043.400,48.0744,-80.5800,-2962.7551
1043.500,46.5825,-80.2416,-2963.2201
1043.600,45.1041,-79.9024,-2963.6851
1043.700,43.6427,-79.5627,-2964.1503
1043.800,42.2007,-79.2225,-2964.6155
1043.900,40.7802,-78.8818,-2965.0808
1044.000,39.3824,-78.5406,-2965.5462
1044.100,38.0084,-78.1990,-2966.0117
1044.200,36.6592,-77.8569,-2966.4773
1044.300,35.3360,-77.5145,-2966.9430
1044.400,34.0398,-77.1719,-2967.4088
1044.500,32.7719,-76.8290,-2967.8747
1044.600,31.5333,-76.4861,-2968.3407
1044.700,30.3251,-76.1430,-2968.8068
1044.800,29.1479,-75.7998,-2969.2729
1044.900,28.0023,-75.4566,-2969.7392
1045.000,26.8889,-75.1133,-2970.2056
1045.100,25.8077,-74.7699,-2970.6721
1045.200,24.7589,-74.4264,-2971.1387
1045.300,23.7421,-74.0829,-2971.6054
1045.400,22.7570,-73.7394,-2972.0722
1045.500,21.8030,-73.3959,-2972.5391
1045.600,20.8794,-73.0524,-2973.0061
1045.700,19.9851,-72.7089,-2973.4732
1045.800,19.1191,-72.3656,-2973.9404
1045.900,18.2800,-72.0224,-2974.4077
1046.000,17.4665,-71.6793,-2974.8751
1046.100,16.6770,-71.3364,-2975.3425
1046.200,15.9099,-70.9938,-2975.8101
1046.300,15.1635,-70.6514,-2976.2778
1046.400,14.4361,-70.3093,-2976.7456
1046.500,13.7259,-69.9676,-2977.2134
1046.600,13.0313,-69.6263,-2977.6814
1046.700,12.3506,-69.2855,-2978.1495
1046.800,11.6822,-68.9452,-2978.6176
1046.900,11.0245,-68.6055,-2979.0859
1047.000,10.3762,-68.2666,-2979.5542
1047.100,9.7360,-67.9285,-2980.0227
1047.200,9.1028,-67.5914,-2980.4912
1047.300,8.4754,-67.2554,-2980.9599
1047.400,7.8531,-66.9207,-2981.4286
1047.500,7.2352,-66.5874,-2981.8975
1047.600,6.6210,-66.2557,-2982.3665
1047.700,6.0100,-65.9257,-2982.8355
1047.800,5.4019,-65.5976,-2983.3047
1047.900,4.7966,-65.2715,-2983.7739
1048.000,4.1938,-64.9476,-2984.2433
1048.100,3.5935,-64.6260,-2984.7127
1048.200,2.9958,-64.3068,-2985.1823
1048.300,2.4008,-63.9899,-2985.6519
1048.400,1.8086,-63.6755,-2986.1216
1048.500,1.2195,-63.3637,-2986.5915
1048.600,0.6337,-63.0543,-2987.0614
1048.700,0.0513,-62.7473,-2987.5314
1048.800,-0.5275,-62.4428,-2988.0015
1048.900,-1.1026,-62.1407,-2988.4717
1049.000,-1.6739,-61.8409,-2988.9419
1049.100,-2.2415,-61.5434,-2989.4123
1049.200,-2.8055,-61.2481,-2989.8827
1049.300,-3.3662,-60.9549,-2990.3532
1049.400,-3.9238,-60.6637,-2990.8238
1049.500,-4.4785,-60.3746,-2991.2944
1049.600,-5.0303,-60.0873,-2991.7652
1049.700,-5.5786,-59.8018,-2992.2360
1049.800,-6.1226,-59.5180,-2992.7069
1049.900,-6.6609,-59.2361,-2993.1778
1050.000,-7.1914,-58.9561,-2993.6488
1050.100,-7.7122,-58.6783,-2994.1199
1050.200,-8.2208,-58.4032,-2994.5910
1050.300,-8.7151,-58.1312,-2995.0621
1050.400,-9.1928,-57.8631,-2995.5333
1050.500,-9.6520,-57.5997,-2996.0044
1050.600,-10.0904,-57.3421,-2996.4756
1050.700,-10.5061,-57.0912,-2996.9467
1050.800,-10.8971,-56.8481,-2997.4178
1050.900,-11.2612,-56.6140,-2997.8889
1051.000,-11.5965,-56.3899,-2998.3598
1051.100,-11.9010,-56.1770,-2998.8306
1051.200,-12.1728,-55.9762,-2999.3013
1051.300,-12.4101,-55.7886,-2999.7718
1051.400,-12.6113,-55.6150,-3000.2421
1051.500,-12.7749,-55.4563,-3000.7122
1051.600,-12.8998,-55.3130,-3001.1819
1051.700,-12.9851,-55.1858,-3001.6514
1051.800,-13.0303,-55.0747,-3002.1205
1051.900,-13.0357,-54.9801,-3002.5893
1052.000,-13.0016,-54.9016,-3003.0576
1052.100,-12.9294,-54.8389,-3003.5254
1052.200,-12.8206,-54.7912,-3003.9927
1052.300,-12.6777,-54.7575,-3004.4596
1052.400,-12.5035,-54.7366,-3004.9258
1052.500,-12.3016,-54.7269,-3005.3915
1052.600,-12.0759,-54.7264,-3005.8565
1052.700,-11.8310,-54.7333,-3006.3209
1052.800,-11.5715,-54.7451,-3006.7847
1052.900,-11.3027,-54.7595,-3007.2478
1053.000,-11.0297,-54.7739,-3007.7103
1053.100,-10.7579,-54.7859,-3008.1721
1053.200,-10.4925,-54.7930,-3008.6332
1053.300,-10.2386,-54.7928,-3009.0937
1053.400,-10.0010,-54.7830,-3009.5536
1053.500,-9.7839,-54.7618,-3010.0130
1053.600,-9.5914,-54.7273,-3010.4717
1053.700,-9.4267,-54.6782,-3010.9300
1053.800,-9.2926,-54.6135,-3011.3877
1053.900,-9.1912,-54.5323,-3011.8451
1054.000,-9.1237,-54.4342,-3012.3020
1054.100,-9.0910,-54.3191,-3012.7585
1054.200,-9.0932,-54.1871,-3013.2147
1054.300,-9.1298,-54.0387,-3013.6706
1054.400,-9.1999,-53.8746,-3014.1263
1054.500,-9.3021,-53.6954,-3014.5818
1054.600,-9.4348,-53.5022,-3015.0371
1054.700,-9.5961,-53.2959,-3015.4922
1054.800,-9.7838,-53.0777,-3015.9472
1054.900,-9.9960,-52.8484,-3016.4021
1055.000,-10.2305,-52.6093,-3016.8570
1055.100,-10.4853,-52.3613,-3017.3118
1055.200,-10.7586,-52.1052,-3017.7666
1055.300,-11.0488,-51.8418,-3018.2213
1055.400,-11.3543,-51.5719,-3018.6761
1055.500,-11.6740,-51.2960,-3019.1308
1055.600,-12.0067,-51.0145,-3019.5856
1055.700,-12.3516,-50.7281,-3020.0404
1055.800,-12.7075,-50.4371,-3020.4952
1055.900,-13.0735,-50.1420,-3020.9500
1056.000,-13.4482,-49.8434,-3021.4050
1056.100,-13.8298,-49.5417,-3021.8599
1056.200,-14.2167,-49.2375,-3022.3149
1056.300,-14.6069,-48.9312,-3022.7700
1056.400,-14.9986,-48.6233,-3023.2252
1056.500,-15.3902,-48.3140,-3023.6804
1056.600,-15.7801,-48.0033,-3024.1357
1056.700,-16.1673,-47.6912,-3024.5911
1056.800,-16.5506,-47.3778,-3025.0466
1056.900,-16.9289,-47.0627,-3025.5021
1057.000,-17.3013,-46.7459,-3025.9577
1057.100,-17.6668,-46.4272,-3026.4134
1057.200,-18.0246,-46.1063,-3026.8692
1057.300,-18.3741,-45.7831,-3027.3251
1057.400,-18.7144,-45.4574,-3027.7810
1057.500,-19.0452,-45.1292,-3028.2370
1057.600,-19.3660,-44.7981,-3028.6931
1057.700,-19.6765,-44.4644,-3029.1493
1057.800,-19.9766,-44.1278,-3029.6055
1057.900,-20.2663,-43.7884,-3030.0618
1058.000,-20.5459,-43.4463,-3030.5182
1058.100,-20.8156,-43.1015,-3030.9747
1058.200,-21.0760,-42.7543,-3031.4313
1058.300,-21.3277,-42.4047,-3031.8879
1058.400,-21.5718,-42.0530,-3032.3446
1058.500,-21.8090,-41.6994,-3032.8014
1058.600,-22.0406,-41.3442,-3033.2583
1058.700,-22.2679,-40.9878,-3033.7153
1058.800,-22.4921,-40.6304,-3034.1723
1058.900,-22.7148,-40.2725,-3034.6295
1059.000,-22.9374,-39.9144,-3035.0867
1059.100,-23.1614,-39.5565,-3035.5440
1059.200,-23.3883,-39.1993,-3036.0013
1059.300,-23.6197,-38.8433,-3036.4588
1059.400,-23.8570,-38.4889,-3036.9163
1059.500,-24.1017,-38.1367,-3037.3739
1059.600,-24.3551,-37.7871,-3037.8316
1059.700,-24.6185,-37.4408,-3038.2894
1059.800,-24.8929,-37.0981,-3038.7472
1059.900,-25.1795,-36.7598,-3039.2051
1060.000,-25.4790,-36.4262,-3039.6631
1060.100,-25.7923,-36.0981,-3040.1211
1060.200,-26.1199,-35.7758,-3040.5791
1060.300,-26.4622,-35.4599,-3041.0372
1060.400,-26.8195,-35.1509,-3041.4954
1060.500,-27.1919,-34.8492,-3041.9536
1060.600,-27.5794,-34.5552,-3042.4118
1060.700,-27.9817,-34.2693,-3042.8700
1060.800,-28.3986,-33.9918,-3043.3283
1060.900,-28.8295,-33.7230,-3043.7866
1061.000,-29.2742,-33.4632,-3044.2448
1061.100,-29.7320,-33.2124,-3044.7031
1061.200,-30.2024,-32.9710,-3045.1614
1061.300,-30.6851,-32.7390,-3045.6197
1061.400,-31.1796,-32.5166,-3046.0780
1061.500,-31.6857,-32.3040,-3046.5363
1061.600,-32.2032,-32.1014,-3046.9946
1061.700,-32.7323,-31.9089,-3047.4529
1061.800,-33.2730,-31.7269,-3047.9111
1061.900,-33.8255,-31.5556,-3048.3694
1062.000,-34.3899,-31.3953,-3048.8276
1062.100,-34.9658,-31.2464,-3049.2859
1062.200,-35.5524,-31.1090,-3049.7441
1062.300,-36.1481,-30.9832,-3050.2023
1062.400,-36.7504,-30.8688,-3050.6605
1062.500,-37.3563,-30.7659,-3051.1187
1062.600,-37.9622,-30.6741,-3051.5769
1062.700,-38.5649,-30.5934,-3052.0350
1062.800,-39.1607,-30.5239,-3052.4930
1062.900,-39.7466,-30.4656,-3052.9510
1063.000,-40.3195,-30.4190,-3053.4089
1063.100,-40.8763,-30.3841,-3053.8667
1063.200,-41.4140,-30.3613,-3054.3243
1063.300,-41.9293,-30.3506,-3054.7818
1063.400,-42.4192,-30.3521,-3055.2392
1063.500,-42.8803,-30.3657,-3055.6964
1063.600,-43.3093,-30.3911,-3056.1534
1063.700,-43.7030,-30.4279,-3056.6102
1063.800,-44.0584,-30.4756,-3057.0668
1063.900,-44.3724,-30.5334,-3057.5231
1064.000,-44.6426,-30.6007,-3057.9792
1064.100,-44.8668,-30.6764,-3058.4351
1064.200,-45.0431,-30.7597,-3058.8907
1064.300,-45.1705,-30.8494,-3059.3460
1064.400,-45.2486,-30.9445,-3059.8010
1064.500,-45.2775,-31.0439,-3060.2558
1064.600,-45.2584,-31.1467,-3060.7102
1064.700,-45.1933,-31.2519,-3061.1643
1064.800,-45.0848,-31.3585,-3061.6181
1064.900,-44.9367,-31.4658,-3062.0716
1065.000,-44.7531,-31.5730,-3062.5247
1065.100,-44.5392,-31.6795,-3062.9775
1065.200,-44.3006,-31.7847,-3063.4299
1065.300,-44.0432,-31.8881,-3063.8821
1065.400,-43.7737,-31.9891,-3064.3338
1065.500,-43.4984,-32.0875,-3064.7852
1065.600,-43.2241,-32.1828,-3065.2363
1065.700,-42.9572,-32.2748,-3065.6870
1065.800,-42.7041,-32.3632,-3066.1373
1065.900,-42.4706,-32.4478,-3066.5873
1066.000,-42.2622,-32.5286,-3067.0370
1066.100,-42.0838,-32.6054,-3067.4864
1066.200,-41.9394,-32.6783,-3067.9354
1066.300,-41.8326,-32.7474,-3068.3841
1066.400,-41.7661,-32.8129,-3068.8325
1066.500,-41.7419,-32.8750,-3069.2806
1066.600,-41.7612,-32.9340,-3069.7284
1066.700,-41.8244,-32.9903,-3070.1760
1066.800,-41.9314,-33.0441,-3070.6233
1066.900,-42.0814,-33.0959,-3071.0704
1067.000,-42.2732,-33.1460,-3071.5173
1067.100,-42.5050,-33.1948,-3071.9640
1067.200,-42.7748,-33.2426,-3072.4105
1067.300,-43.0803,-33.2898,-3072.8569
1067.400,-43.4193,-33.3366,-3073.3031
1067.500,-43.7893,-33.3834,-3073.7491
1067.600,-44.1881,-33.4304,-3074.1951
1067.700,-44.6137,-33.4778,-3074.6409
1067.800,-45.0640,-33.5261,-3075.0867
1067.900,-45.5374,-33.5753,-3075.5323
1068.000,-46.0326,-33.6260,-3075.9779
1068.100,-46.5482,-33.6786,-3076.4235
1068.200,-47.0834,-33.7338,-3076.8690
1068.300,-47.6368,-33.7922,-3077.3145
1068.400,-48.2070,-33.8548,-3077.7600
1068.500,-48.7918,-33.9221,-3078.2055
1068.600,-49.3887,-33.9946,-3078.6510
1068.700,-49.9942,-34.0725,-3079.0966
1068.800,-50.6049,-34.1553,-3079.5422
1068.900,-51.2171,-34.2421,-3079.9878
1069.000,-51.8276,-34.3319,-3080.4334
1069.100,-52.4336,-34.4233,-3080.8791
1069.200,-53.0326,-34.5146,-3081.3247
1069.300,-53.6224,-34.6043,-3081.7704
1069.400,-54.2010,-34.6906,-3082.2161
1069.500,-54.7667,-34.7717,-3082.6618
1069.600,-55.3178,-34.8459,-3083.1075
1069.700,-55.8528,-34.9113,-3083.5532
1069.800,-56.3704,-34.9662,-3083.9989
1069.900,-56.8691,-35.0089,-3084.4447
1070.000,-57.3481,-35.0380,-3084.8904
1070.100,-57.8063,-35.0521,-3085.3361
1070.200,-58.2431,-35.0498,-3085.7819
1070.300,-58.6579,-35.0303,-3086.2277
1070.400,-59.0506,-34.9928,-3086.6735
1070.500,-59.4214,-34.9368,-3087.1193
1070.600,-59.7707,-34.8622,-3087.5652
1070.700,-60.0994,-34.7693,-3088.0111
1070.800,-60.4088,-34.6587,-3088.4570
1070.900,-60.7004,-34.5316,-3088.9030
1071.000,-60.9764,-34.3895,-3089.3491
1071.100,-61.2391,-34.2342,-3089.7952
1071.200,-61.4912,-34.0681,-3090.2414
1071.300,-61.7359,-33.8940,-3090.6876
1071.400,-61.9765,-33.7151,-3091.1339
1071.500,-62.2165,-33.5347,-3091.5802
1071.600,-62.4598,-33.3569,-3092.0267
1071.700,-62.7102,-33.1856,-3092.4731
1071.800,-62.9714,-33.0253,-3092.9197
1071.900,-63.2475,-32.8807,-3093.3662
1072.000,-63.5420,-32.7566,-3093.8128
1072.100,-63.8585,-32.6582,-3094.2595
1072.200,-64.2003,-32.5905,-3094.7061
1072.300,-64.5703,-32.5592,-3095.1528
1072.400,-64.9711,-32.5697,-3095.5995
1072.500,-65.4047,-32.6278,-3096.0461
1072.600,-65.8729,-32.7392,-3096.4928
1072.700,-66.3768,-32.9101,-3096.9394
1072.800,-66.9171,-33.1467,-3097.3860
1072.900,-67.4939,-33.4554,-3097.8326
1073.000,-68.1071,-33.8430,-3098.2791
1073.100,-68.7560,-34.3164,-3098.7255
1073.200,-69.4396,-34.8830,-3099.1719
1073.300,-70.1567,-35.5509,-3099.6182
1073.400,-70.9058,-36.3285,-3100.0644
1073.500,-71.6854,-37.2249,-3100.5105
1073.600,-72.4939,-38.2501,-3100.9566
1073.700,-73.3297,-39.4150,-3101.4026
1073.800,-74.1913,-40.7315,-3101.8485
1073.900,-75.0774,-42.2128,-3102.2944
1074.000,-75.9869,-43.8734,-3102.7402
1074.100,-76.9188,-45.7289,-3103.1860
1074.200,-77.8722,-47.7961,-3103.6318
1074.300,-78.8464,-50.0929,-3104.0775
1074.400,-79.8409,-52.6368,-3104.5233
1074.500,-80.8545,-55.4444,-3104.9690
1074.600,-81.8861,-58.5290,-3105.4149
1074.700,-82.9336,-61.8986,-3105.8607
1074.800,-83.9940,-65.5524,-3106.3067
1074.900,-85.0639,-69.4783,-3106.7527
1075.000,-86.1389,-73.6506,-3107.1988
1075.100,-87.2148,-78.0289,-3107.6449
1075.200,-88.2875,-82.5585,-3108.0910
1075.300,-89.3536,-87.1725,-3108.5371
1075.400,-90.4097,-91.7955,-3108.9832
1075.500,-91.4531,-96.3503,-3109.4293
1075.600,-92.4810,-100.7635,-3109.8753
1075.700,-93.4908,-104.9720,-3110.3213
1075.800,-94.4800,-108.9269,-3110.7673
1075.900,-95.4461,-112.5949,-3111.2133
1076.000,-96.3866,-115.9580,-3111.6593
1076.100,-97.2988,-119.0111,-3112.1052
1076.200,-98.1804,-121.7594,-3112.5511
1076.300,-99.0289,-124.2152,-3112.9971
1076.400,-99.8423,-126.3957,-3113.4430
1076.500,-100.6186,-128.3205,-3113.8890
1076.600,-101.3561,-130.0106,-3114.3350
1076.700,-102.0538,-131.4868,-3114.7810
1076.800,-102.7109,-132.7696,-3115.2271
1076.900,-103.3273,-133.8787,-3115.6733
1077.000,-103.9034,-134.8326,-3116.1195
1077.100,-104.4404,-135.6489,-3116.5658
1077.200,-104.9400,-136.3442,-3117.0122
1077.300,-105.4047,-136.9343,-3117.4588
1077.400,-105.8374,-137.4341,-3117.9055
1077.500,-106.2417,-137.8578,-3118.3523
1077.600,-106.6217,-138.2190,-3118.7992
1077.700,-106.9818,-138.5305,-3119.2463
1077.800,-107.3268,-138.8046,-3119.6936
1077.900,-107.6614,-139.0526,-3120.1410
1078.000,-107.9906,-139.2853,-3120.5886
1078.100,-108.3191,-139.5123,-3121.0363
1078.200,-108.6517,-139.7422,-3121.4841
1078.300,-108.9924,-139.9825,-3121.9321
1078.400,-109.3452,-140.2397,-3122.3803
1078.500,-109.7135,-140.5186,-3122.8285
1078.600,-110.1001,-140.8229,-3123.2769
1078.700,-110.5073,-141.1550,-3123.7254
1078.800,-110.9366,-141.5160,-3124.1740
1078.900,-111.3892,-141.9059,-3124.6226
1079.000,-111.8656,-142.3233,-3125.0714
1079.100,-112.3657,-142.7664,-3125.5201
1079.200,-112.8890,-143.2322,-3125.9690
1079.300,-113.4346,-143.7174,-3126.4179
1079.400,-114.0010,-144.2183,-3126.8668
1079.500,-114.5869,-144.7310,-3127.3158
1079.600,-115.1904,-145.2513,-3127.7648
1079.700,-115.8097,-145.7753,-3128.2138
1079.800,-116.4428,-146.2993,-3128.6628
1079.900,-117.0880,-146.8197,-3129.1118
1080.000,-117.7434,-147.3333,-3129.5609
1080.100,-118.4074,-147.8372,-3130.0099
1080.200,-119.0785,-148.3291,-3130.4590
1080.300,-119.7558,-148.8066,-3130.9081
1080.400,-120.4381,-149.2679,-3131.3572
1080.500,-121.1251,-149.7114,-3131.8063
1080.600,-121.8164,-150.1357,-3132.2555
1080.700,-122.5121,-150.5393,-3132.7047
1080.800,-123.2125,-150.9210,-3133.1539
1080.900,-123.9179,-151.2800,-3133.6031
1081.000,-124.6287,-151.6156,-3134.0524
1081.100,-125.3454,-151.9280,-3134.5016
1081.200,-126.0678,-152.2180,-3134.9509
1081.300,-126.7959,-152.4873,-3135.4002
1081.400,-127.5290,-152.7378,-3135.8495
1081.500,-128.2663,-152.9716,-3136.2988
1081.600,-129.0065,-153.1904,-3136.7481
1081.700,-129.7484,-153.3953,-3137.1974
1081.800,-130.4901,-153.5871,-3137.6467
1081.900,-131.2301,-153.7662,-3138.0960
1082.000,-131.9666,-153.9327,-3138.5452
1082.100,-132.6978,-154.0866,-3138.9945
1082.200,-133.4221,-154.2279,-3139.4438
1082.300,-134.1378,-154.3565,-3139.8931
1082.400,-134.8434,-154.4722,-3140.3424
1082.500,-135.5375,-154.5751,-3140.7917
1082.600,-136.2188,-154.6649,-3141.2411
1082.700,-136.8861,-154.7419,-3141.6904
1082.800,-137.5386,-154.8061,-3142.1398
1082.900,-138.1755,-154.8575,-3142.5892
1083.000,-138.7961,-154.8965,-3143.0387
1083.100,-139.4000,-154.9233,-3143.4882
1083.200,-139.9873,-154.9384,-3143.9378
1083.300,-140.5579,-154.9421,-3144.3875
1083.400,-141.1123,-154.9350,-3144.8372
1083.500,-141.6512,-154.9178,-3145.2870
1083.600,-142.1754,-154.8911,-3145.7368
1083.700,-142.6859,-154.8556,-3146.1867
1083.800,-143.1842,-154.8121,-3146.6368
1083.900,-143.6715,-154.7613,-3147.0869
1084.000,-144.1495,-154.7041,-3147.5370
1084.100,-144.6198,-154.6412,-3147.9873
1084.200,-145.0840,-154.5734,-3148.4377
1084.300,-145.5438,-154.5014,-3148.8881
1084.400,-146.0008,-154.4259,-3149.3386
1084.500,-146.4565,-154.3475,-3149.7892
1084.600,-146.9121,-154.2670,-3150.2398
1084.700,-147.3690,-154.1848,-3150.6906
1084.800,-147.8281,-154.1015,-3151.1414
1084.900,-148.2902,-154.0175,-3151.5922
1085.000,-148.7559,-153.9335,-3152.0432
1085.100,-149.2257,-153.8497,-3152.4941
1085.200,-149.6998,-153.7667,-3152.9451
1085.300,-150.1783,-153.6847,-3153.3962
1085.400,-150.6609,-153.6044,-3153.8473
1085.500,-151.1474,-153.5259,-3154.2984
1085.600,-151.6374,-153.4498,-3154.7495
1085.700,-152.1304,-153.3765,-3155.2006
1085.800,-152.6258,-153.3062,-3155.6518
1085.900,-153.1231,-153.2396,-3156.1029
1086.000,-153.6215,-153.1769,-3156.5541
1086.100,-154.1205,-153.1187,-3157.0052
1086.200,-154.6194,-153.0652,-3157.4563
1086.300,-155.1176,-153.0170,-3157.9074
1086.400,-155.6145,-152.9745,-3158.3584
1086.500,-156.1097,-152.9381,-3158.8095
1086.600,-156.6028,-152.9084,-3159.2604
1086.700,-157.0933,-152.8858,-3159.7114
1086.800,-157.5810,-152.8709,-3160.1622
1086.900,-158.0657,-152.8642,-3160.6130
1087.000,-158.5471,-152.8665,-3161.0637
1087.100,-159.0253,-152.8782,-3161.5143
1087.200,-159.5003,-152.8997,-3161.9648
1087.300,-159.9721,-152.9308,-3162.4151
1087.400,-160.4411,-152.9712,-3162.8653
1087.500,-160.9075,-153.0200,-3163.3154
1087.600,-161.3715,-153.0761,-3163.7654
1087.700,-161.8334,-153.1384,-3164.2152
1087.800,-162.2930,-153.2059,-3164.6649
1087.900,-162.7502,-153.2778,-3165.1146
1088.000,-163.2046,-153.3537,-3165.5641
1088.100,-163.6559,-153.4332,-3166.0136
1088.200,-164.1036,-153.5157,-3166.4631
1088.300,-164.5473,-153.6011,-3166.9124
1088.400,-164.9865,-153.6888,-3167.3617
1088.500,-165.4209,-153.7787,-3167.8110
1088.600,-165.8501,-153.8702,-3168.2602
1088.700,-166.2737,-153.9631,-3168.7094
1088.800,-166.6915,-154.0569,-3169.1585
1088.900,-167.1033,-154.1512,-3169.6076
1089.000,-167.5086,-154.2458,-3170.0567
1089.100,-167.9074,-154.3403,-3170.5057
1089.200,-168.2994,-154.4343,-3170.9548
1089.300,-168.6845,-154.5275,-3171.4038
1089.400,-169.0624,-154.6196,-3171.8528
1089.500,-169.4331,-154.7104,-3172.3018
1089.600,-169.7965,-154.7996,-3172.7509
1089.700,-170.1525,-154.8869,-3173.1999
1089.800,-170.5009,-154.9723,-3173.6490
1089.900,-170.8418,-155.0556,-3174.0981
1090.000,-171.1751,-155.1365,-3174.5471
1090.100,-171.5008,-155.2150,-3174.9963
1090.200,-171.8189,-155.2910,-3175.4454
1090.300,-172.1294,-155.3644,-3175.8946
1090.400,-172.4324,-155.4352,-3176.3437
1090.500,-172.7279,-155.5033,-3176.7930
1090.600,-173.0159,-155.5685,-3177.2422
1090.700,-173.2966,-155.6310,-3177.6915
1090.800,-173.5702,-155.6906,-3178.1408
1090.900,-173.8367,-155.7472,-3178.5901
1091.000,-174.0965,-155.8008,-3179.0394
1091.100,-174.3497,-155.8512,-3179.4888
1091.200,-174.5966,-155.8985,-3179.9382
1091.300,-174.8376,-155.9424,-3180.3875
1091.400,-175.0731,-155.9829,-3180.8369
1091.500,-175.3035,-156.0198,-3181.2864
1091.600,-175.5292,-156.0528,-3181.7358
1091.700,-175.7507,-156.0819,-3182.1852
1091.800,-175.9686,-156.1067,-3182.6346
1091.900,-176.1834,-156.1272,-3183.0840
1092.000,-176.3956,-156.1431,-3183.5334
1092.100,-176.6059,-156.1541,-3183.9828
1092.200,-176.8148,-156.1600,-3184.4321
1092.300,-177.0229,-156.1605,-3184.8815
1092.400,-177.2306,-156.1555,-3185.3308
1092.500,-177.4384,-156.1445,-3185.7801
1092.600,-177.6468,-156.1275,-3186.2293
1092.700,-177.8562,-156.1040,-3186.6785
1092.800,-178.0669,-156.0737,-3187.1276
1092.900,-178.2791,-156.0362,-3187.5767
1093.000,-178.4929,-155.9912,-3188.0258
1093.100,-178.7084,-155.9380,-3188.4747
1093.200,-178.9253,-155.8762,-3188.9236
1093.300,-179.1435,-155.8050,-3189.3724
1093.400,-179.3625,-155.7239,-3189.8212
1093.500,-179.5817,-155.6325,-3190.2698
1093.600,-179.8005,-155.5306,-3190.7184
1093.700,179.9820,-155.4185,-3191.1669
1093.800,179.7663,-155.2966,-3191.6153
1093.900,179.5527,-155.1659,-3192.0637
1094.000,179.3414,-155.0271,-3192.5121
1094.100,179.1320,-154.8810,-3192.9605
1094.200,178.9241,-154.7284,-3193.4089
1094.300,178.7171,-154.5699,-3193.8573
1094.400,178.5101,-154.4064,-3194.3058
1094.500,178.3024,-154.2385,-3194.7543
1094.600,178.0933,-154.0670,-3195.2028
1094.700,177.8821,-153.8926,-3195.6514
1094.800,177.6682,-153.7160,-3196.1000
1094.900,177.4510,-153.5382,-3196.5487
1095.000,177.2301,-153.3596,-3196.9974
1095.100,177.0049,-153.1812,-3197.4462
1095.200,176.7753,-153.0034,-3197.8951
1095.300,176.5408,-152.8269,-3198.3440
1095.400,176.3015,-152.6521,-3198.7931
1095.500,176.0572,-152.4796,-3199.2422
1095.600,175.8080,-152.3097,-3199.6914
1095.700,175.5541,-152.1425,-3200.1407
1095.800,175.2959,-151.9782,-3200.5902
1095.900,175.0339,-151.8167,-3201.0397
1096.000,174.7688,-151.6579,-3201.4893
1096.100,174.5012,-151.5015,-3201.9390
1096.200,174.2322,-151.3471,-3202.3888
1096.300,173.9626,-151.1941,-3202.8387
1096.400,173.6936,-151.0419,-3203.2888
1096.500,173.4264,-150.8897,-3203.7389
1096.600,173.1620,-150.7368,-3204.1892
1096.700,172.9017,-150.5823,-3204.6396
1096.800,172.6466,-150.4254,-3205.0900
1096.900,172.3978,-150.2652,-3205.5406
1097.000,172.1564,-150.1010,-3205.9913
1097.100,171.9231,-149.9322,-3206.4421
1097.200,171.6989,-149.7580,-3206.8930
1097.300,171.4843,-149.5782,-3207.3441
1097.400,171.2798,-149.3923,-3207.7952
1097.500,171.0858,-149.2002,-3208.2464
1097.600,170.9025,-149.0019,-3208.6977
1097.700,170.7299,-148.7977,-3209.1491
1097.800,170.5678,-148.5879,-3209.6006
1097.900,170.4161,-148.3729,-3210.0522
1098.000,170.2745,-148.1533,-3210.5038
1098.100,170.1424,-147.9300,-3210.9556
1098.200,170.0194,-147.7038,-3211.4074
1098.300,169.9049,-147.4756,-3211.8593
1098.400,169.7983,-147.2462,-3212.3112
1098.500,169.6991,-147.0168,-3212.7632
1098.600,169.6065,-146.7882,-3213.2152
1098.700,169.5200,-146.5615,-3213.6673
1098.800,169.4391,-146.3375,-3214.1194
1098.900,169.3633,-146.1173,-3214.5716
1099.000,169.2923,-145.9016,-3215.0237
1099.100,169.2257,-145.6912,-3215.4759
1099.200,169.1634,-145.4870,-3215.9280
1099.300,169.1054,-145.2897,-3216.3802
1099.400,169.0518,-145.1000,-3216.8323
1099.500,169.0031,-144.9186,-3217.2843
1099.600,168.9595,-144.7460,-3217.7363
1099.700,168.9217,-144.5825,-3218.1882
1099.800,168.8902,-144.4281,-3218.6400
1099.900,168.8652,-144.2822,-3219.0917
1100.000,168.8470,-144.1442,-3219.5432
1100.100,168.8356,-144.0127,-3219.9947
1100.200,168.8308,-143.8868,-3220.4461
1100.300,168.8320,-143.7655,-3220.8974
1100.400,168.8389,-143.6482,-3221.3487
1100.500,168.8507,-143.5345,-3221.7999
1100.600,168.8667,-143.4243,-3222.2511
1100.700,168.8861,-143.3174,-3222.7023
1100.800,168.9081,-143.2137,-3223.1534
1100.900,168.9319,-143.1134,-3223.6045
1101.000,168.9568,-143.0163,-3224.0556
1101.100,168.9822,-142.9223,-3224.5067
1101.200,169.0072,-142.8314,-3224.9578
1101.300,169.0315,-142.7435,-3225.4089
1101.400,169.0544,-142.6585,-3225.8601
1101.500,169.0756,-142.5762,-3226.3112
1101.600,169.0948,-142.4965,-3226.7623
1101.700,169.1117,-142.4193,-3227.2134
1101.800,169.1262,-142.3444,-3227.6645
1101.900,169.1382,-142.2715,-3228.1156
1102.000,169.1477,-142.2005,-3228.5667
1102.100,169.1550,-142.1312,-3229.0179
1102.200,169.1602,-142.0633,-3229.4690
1102.300,169.1637,-141.9966,-3229.9202
1102.400,169.1659,-141.9308,-3230.3713
1102.500,169.1671,-141.8656,-3230.8225
1102.600,169.1680,-141.8007,-3231.2736
1102.700,169.1690,-141.7360,-3231.7248
1102.800,169.1707,-141.6710,-3232.1760
1102.900,169.1736,-141.6056,-3232.6272
1103.000,169.1784,-141.5394,-3233.0784
1103.100,169.1854,-141.4722,-3233.5296
1103.200,169.1952,-141.4039,-3233.9808
1103.300,169.2082,-141.3340,-3234.4320
1103.400,169.2247,-141.2625,-3234.8832
1103.500,169.2451,-141.1891,-3235.3345
1103.600,169.2695,-141.1137,-3235.7857
1103.700,169.2980,-141.0361,-3236.2370
1103.800,169.3307,-140.9562,-3236.6883
1103.900,169.3675,-140.8737,-3237.1395
1104.000,169.4083,-140.7887,-3237.5908
1104.100,169.4528,-140.7009,-3238.0421
1104.200,169.5007,-140.6102,-3238.4934
1104.300,169.5517,-140.5166,-3238.9447
1104.400,169.6052,-140.4198,-3239.3961
1104.500,169.6610,-140.3198,-3239.8474
1104.600,169.7183,-140.2163,-3240.2988
1104.700,169.7768,-140.1094,-3240.7501
1104.800,169.8359,-139.9987,-3241.2015
1104.900,169.8952,-139.8841,-3241.6528
1105.000,169.9540,-139.7654,-3242.1042
1105.100,170.0122,-139.6424,-3242.5555
1105.200,170.0692,-139.5147,-3243.0069
1105.300,170.1250,-139.3820,-3243.4582
1105.400,170.1795,-139.2440,-3243.9096
1105.500,170.2326,-139.1002,-3244.3609
1105.600,170.2845,-138.9499,-3244.8122
1105.700,170.3358,-138.7925,-3245.2635
1105.800,170.3869,-138.6272,-3245.7148
1105.900,170.4386,-138.4534,-3246.1661
1106.000,170.4918,-138.2706,-3246.6173
1106.100,170.5474,-138.0784,-3247.0686
1106.200,170.6062,-137.8770,-3247.5198
1106.300,170.6687,-137.6670,-3247.9711
1106.400,170.7350,-137.4492,-3248.4224
1106.500,170.8047,-137.2245,-3248.8737
1106.600,170.8770,-136.9940,-3249.3251
1106.700,170.9507,-136.7587,-3249.7766
1106.800,171.0245,-136.5195,-3250.2282
1106.900,171.0969,-136.2774,-3250.6798
1107.000,171.1665,-136.0334,-3251.1315
1107.100,171.2318,-135.7884,-3251.5833
1107.200,171.2917,-135.5435,-3252.0351
1107.300,171.3449,-135.2997,-3252.4871
1107.400,171.3901,-135.0580,-3252.9391
1107.500,171.4263,-134.8192,-3253.3913
1107.600,171.4526,-134.5843,-3253.8435
1107.700,171.4681,-134.3541,-3254.2959
1107.800,171.4720,-134.1293,-3254.7483
1107.900,171.4637,-133.9105,-3255.2008
1108.000,171.4430,-133.6983,-3255.6535
1108.100,171.4097,-133.4929,-3256.1062
1108.200,171.3637,-133.2947,-3256.5591
1108.300,171.3054,-133.1037,-3257.0120
1108.400,171.2353,-132.9196,-3257.4650
1108.500,171.1543,-132.7422,-3257.9181
1108.600,171.0634,-132.5709,-3258.3713
1108.700,170.9637,-132.4049,-3258.8246
1108.800,170.8568,-132.2434,-3259.2780
1108.900,170.7441,-132.0853,-3259.7315
1109.000,170.6274,-131.9294,-3260.1850
1109.100,170.5083,-131.7743,-3260.6386
1109.200,170.3885,-131.6188,-3261.0923
1109.300,170.2698,-131.4615,-3261.5461
1109.400,170.1538,-131.3010,-3261.9999
1109.500,170.0420,-131.1360,-3262.4538
1109.600,169.9358,-130.9654,-3262.9078
1109.700,169.8364,-130.7882,-3263.3619
1109.800,169.7449,-130.6034,-3263.8160
1109.900,169.6621,-130.4106,-3264.2702
1110.000,169.5888,-130.2091,-3264.7245
1110.100,169.5254,-129.9990,-3265.1789
1110.200,169.4724,-129.7802,-3265.6334
1110.300,169.4299,-129.5529,-3266.0880
1110.400,169.3980,-129.3175,-3266.5427
1110.500,169.3766,-129.0749,-3266.9974
1110.600,169.3655,-128.8256,-3267.4523
1110.700,169.3644,-128.5707,-3267.9072
1110.800,169.3730,-128.3111,-3268.3622
1110.900,169.3909,-128.0479,-3268.8174
1111.000,169.4177,-127.7822,-3269.2726
1111.100,169.4528,-127.5151,-3269.7278
1111.200,169.4959,-127.2478,-3270.1832
1111.300,169.5465,-126.9812,-3270.6386
1111.400,169.6041,-126.7165,-3271.0941
1111.500,169.6685,-126.4545,-3271.5497
1111.600,169.7393,-126.1963,-3272.0053
1111.700,169.8162,-125.9425,-3272.4610
1111.800,169.8990,-125.6941,-3272.9167
1111.900,169.9877,-125.4517,-3273.3725
1112.000,170.0821,-125.2161,-3273.8283
1112.100,170.1824,-124.9876,-3274.2840
1112.200,170.2884,-124.7665,-3274.7398
1112.300,170.4002,-124.5528,-3275.1955
1112.400,170.5178,-124.3460,-3275.6513
1112.500,170.6410,-124.1451,-3276.1069
1112.600,170.7697,-123.9492,-3276.5626
1112.700,170.9039,-123.7573,-3277.0182
1112.800,171.0432,-123.5686,-3277.4739
1112.900,171.1877,-123.3826,-3277.9295
1113.000,171.3368,-123.1992,-3278.3851
1113.100,171.4903,-123.0181,-3278.8408
1113.200,171.6477,-122.8395,-3279.2965
1113.300,171.8084,-122.6633,-3279.7521
1113.400,171.9718,-122.4895,-3280.2078
1113.500,172.1374,-122.3182,-3280.6636
1113.600,172.3046,-122.1493,-3281.1193
1113.700,172.4729,-121.9828,-3281.5751
1113.800,172.6417,-121.8186,-3282.0309
1113.900,172.8106,-121.6566,-3282.4867
1114.000,172.9793,-121.4968,-3282.9425
1114.100,173.1475,-121.3390,-3283.3984
1114.200,173.3148,-121.1832,-3283.8543
1114.300,173.4811,-121.0291,-3284.3102
1114.400,173.6462,-120.8768,-3284.7661
1114.500,173.8102,-120.7259,-3285.2221
1114.600,173.9732,-120.5765,-3285.6780
1114.700,174.1351,-120.4282,-3286.1340
1114.800,174.2962,-120.2810,-3286.5900
1114.900,174.4568,-120.1347,-3287.0460
1115.000,174.6171,-119.9891,-3287.5021
1115.100,174.7775,-119.8441,-3287.9581
1115.200,174.9384,-119.6994,-3288.4142
1115.300,175.1002,-119.5548,-3288.8702
1115.400,175.2634,-119.4103,-3289.3263
1115.500,175.4285,-119.2657,-3289.7824
1115.600,175.5958,-119.1207,-3290.2385
1115.700,175.7659,-118.9753,-3290.6946
1115.800,175.9392,-118.8293,-3291.1508
1115.900,176.1161,-118.6826,-3291.6070
1116.000,176.2970,-118.5351,-3292.0632
1116.100,176.4822,-118.3867,-3292.5194
1116.200,176.6719,-118.2373,-3292.9757
1116.300,176.8664,-118.0868,-3293.4320
1116.400,177.0659,-117.9352,-3293.8883
1116.500,177.2705,-117.7824,-3294.3446
1116.600,177.4801,-117.6283,-3294.8011
1116.700,177.6948,-117.4728,-3295.2575
1116.800,177.9146,-117.3159,-3295.7140
1116.900,178.1393,-117.1575,-3296.1705
1117.000,178.3688,-116.9974,-3296.6271
1117.100,178.6028,-116.8357,-3297.0837
1117.200,178.8413,-116.6720,-3297.5404
1117.300,179.0839,-116.5065,-3297.9971
1117.400,179.3306,-116.3387,-3298.4539
1117.500,179.5812,-116.1687,-3298.9107
1117.600,179.8356,-115.9963,-3299.3676
1117.700,-179.9063,-115.8211,-3299.8245
1117.800,-179.6441,-115.6430,-3300.2815
1117.900,-179.3778,-115.4618,-3300.7385
1118.000,-179.1067,-115.2770,-3301.1956
1118.100,-178.8301,-115.0882,-3301.6527
1118.200,-178.5472,-114.8951,-3302.1099
1118.300,-178.2565,-114.6971,-3302.5672
1118.400,-177.9567,-114.4938,-3303.0245
1118.500,-177.6463,-114.2846,-3303.4819
1118.600,-177.3237,-114.0695,-3303.9394
1118.700,-176.9882,-113.8485,-3304.3970
1118.800,-176.6395,-113.6219,-3304.8546
1118.900,-176.2778,-113.3903,-3305.3124
1119.000,-175.9045,-113.1542,-3305.7703
1119.100,-175.5210,-112.9144,-3306.2283
1119.200,-175.1295,-112.6719,-3306.6865
1119.300,-174.7322,-112.4275,-3307.1447
1119.400,-174.3313,-112.1823,-3307.6030
1119.500,-173.9292,-111.9373,-3308.0614
1119.600,-173.5285,-111.6938,-3308.5199
1119.700,-173.1317,-111.4529,-3308.9785
1119.800,-172.7414,-111.2158,-3309.4372
1119.900,-172.3602,-110.9837,-3309.8960
1120.000,-171.9909,-110.7576,-3310.3549
1120.100,-171.6361,-110.5386,-3310.8138
1120.200,-171.2986,-110.3278,-3311.2728
1120.300,-170.9809,-110.1260,-3311.7318
1120.400,-170.6852,-109.9339,-3312.1909
1120.500,-170.4137,-109.7523,-3312.6500
1120.600,-170.1680,-109.5814,-3313.1092
1120.700,-169.9493,-109.4215,-3313.5683
1120.800,-169.7582,-109.2726,-3314.0274
1120.900,-169.5948,-109.1344,-3314.4865
1121.000,-169.4583,-109.0063,-3314.9456
1121.100,-169.3476,-108.8877,-3315.4046
1121.200,-169.2607,-108.7774,-3315.8636
1121.300,-169.1952,-108.6741,-3316.3225
1121.400,-169.1480,-108.5763,-3316.7813
1121.500,-169.1155,-108.4823,-3317.2400
1121.600,-169.0941,-108.3903,-3317.6986
1121.700,-169.0796,-108.2984,-3318.1571
1121.800,-169.0679,-108.2046,-3318.6155
1121.900,-169.0547,-108.1069,-3319.0738
1122.000,-169.0361,-108.0034,-3319.5319
1122.100,-169.0080,-107.8926,-3319.9900
1122.200,-168.9668,-107.7728,-3320.4480
1122.300,-168.9090,-107.6427,-3320.9060
1122.400,-168.8316,-107.5012,-3321.3639
1122.500,-168.7317,-107.3476,-3321.8217
1122.600,-168.6070,-107.1815,-3322.2795
1122.700,-168.4554,-107.0025,-3322.7373
1122.800,-168.2753,-106.8109,-3323.1950
1122.900,-168.0653,-106.6068,-3323.6528
1123.000,-167.8244,-106.3910,-3324.1106
1123.100,-167.5519,-106.1642,-3324.5685
1123.200,-167.2473,-105.9274,-3325.0264
1123.300,-166.9104,-105.6815,-3325.4843
1123.400,-166.5412,-105.4277,-3325.9423
1123.500,-166.1398,-105.1673,-3326.4004
1123.600,-165.7066,-104.9015,-3326.8586
1123.700,-165.2421,-104.6314,-3327.3168
1123.800,-164.7469,-104.3583,-3327.7751
1123.900,-164.2216,-104.0832,-3328.2335
1124.000,-163.6669,-103.8073,-3328.6920
1124.100,-163.0837,-103.5315,-3329.1506
1124.200,-162.4728,-103.2567,-3329.6093
1124.300,-161.8352,-102.9836,-3330.0681
1124.400,-161.1720,-102.7132,-3330.5269
1124.500,-160.4843,-102.4460,-3330.9859
1124.600,-159.7734,-102.1825,-3331.4449
1124.700,-159.0403,-101.9229,-3331.9039
1124.800,-158.2857,-101.6672,-3332.3631
1124.900,-157.5094,-101.4150,-3332.8222
1125.000,-156.7106,-101.1657,-3333.2814
1125.100,-155.8873,-100.9183,-3333.7407
1125.200,-155.0375,-100.6722,-3334.2000
1125.300,-154.1589,-100.4269,-3334.6594
1125.400,-153.2500,-100.1821,-3335.1188
1125.500,-152.3096,-99.9377,-3335.5783
1125.600,-151.3374,-99.6938,-3336.0378
1125.700,-150.3333,-99.4504,-3336.4974
1125.800,-149.2975,-99.2078,-3336.9571
1125.900,-148.2305,-98.9659,-3337.4168
1126.000,-147.1326,-98.7248,-3337.8766
1126.100,-146.0044,-98.4846,-3338.3365
1126.200,-144.8462,-98.2453,-3338.7964
1126.300,-143.6585,-98.0068,-3339.2564
1126.400,-142.4417,-97.7692,-3339.7165
1126.500,-141.1960,-97.5324,-3340.1766
1126.600,-139.9217,-97.2963,-3340.6369
1126.700,-138.6191,-97.0610,-3341.0972
1126.800,-137.2882,-96.8264,-3341.5575
1126.900,-135.9292,-96.5924,-3342.0179
1127.000,-134.5421,-96.3590,-3342.4784
1127.100,-133.1271,-96.1261,-3342.9390
1127.200,-131.6840,-95.8937,-3343.3996
1127.300,-130.2130,-95.6617,-3343.8603
1127.400,-128.7141,-95.4301,-3344.3211
1127.500,-127.1875,-95.1987,-3344.7819
1127.600,-125.6335,-94.9675,-3345.2428
1127.700,-124.0528,-94.7364,-3345.7038
1127.800,-122.4460,-94.5054,-3346.1648
1127.900,-120.8142,-94.2745,-3346.6259
1128.000,-119.1590,-94.0434,-3347.0870
1128.100,-117.4823,-93.8123,-3347.5483
1128.200,-115.7863,-93.5810,-3348.0096
1128.300,-114.0741,-93.3496,-3348.4710
1128.400,-112.3488,-93.1181,-3348.9324
1128.500,-110.6142,-92.8864,-3349.3940
1128.600,-108.8746,-92.6547,-3349.8556
1128.700,-107.1343,-92.4228,-3350.3173
1128.800,-105.3980,-92.1909,-3350.7791
1128.900,-103.6705,-91.9589,-3351.2410
1129.000,-101.9566,-91.7270,-3351.7030
1129.100,-100.2608,-91.4951,-3352.1651
1129.200,-98.5876,-91.2634,-3352.6273
1129.300,-96.9408,-91.0317,-3353.0895
1129.400,-95.3241,-90.8002,-3353.5519
1129.500,-93.7405,-90.5689,-3354.0144
1129.600,-92.1924,-90.3376,-3354.4769
1129.700,-90.6817,-90.1063,-3354.9396
1129.800,-89.2099,-89.8751,-3355.4023
1129.900,-87.7778,-89.6437,-3355.8652
1130.000,-86.3856,-89.4122,-3356.3281
1130.100,-85.0334,-89.1803,-3356.7911
1130.200,-83.7206,-88.9479,-3357.2542
1130.300,-82.4466,-88.7148,-3357.7175
1130.400,-81.2101,-88.4809,-3358.1808
1130.500,-80.0099,-88.2457,-3358.6442
1130.600,-78.8444,-88.0091,-3359.1077
1130.700,-77.7120,-87.7706,-3359.5714
1130.800,-76.6110,-87.5297,-3360.0351
1130.900,-75.5399,-87.2861,-3360.4990
1131.000,-74.4977,-87.0394,-3360.9630
1131.100,-73.4838,-86.7895,-3361.4271
1131.200,-72.4982,-86.5363,-3361.8913
1131.300,-71.5414,-86.2802,-3362.3556
1131.400,-70.6140,-86.0216,-3362.8201
1131.500,-69.7170,-85.7613,-3363.2847
1131.600,-68.8516,-85.5003,-3363.7493
1131.700,-68.0190,-85.2395,-3364.2141
1131.800,-67.2205,-84.9803,-3364.6789
1131.900,-66.4572,-84.7238,-3365.1439
1132.000,-65.7302,-84.4716,-3365.6089
1132.100,-65.0403,-84.2249,-3366.0739
1132.200,-64.3880,-83.9853,-3366.5389
1132.300,-63.7737,-83.7541,-3367.0040
1132.400,-63.1975,-83.5328,-3367.4691
1132.500,-62.6591,-83.3226,-3367.9342
1132.600,-62.1582,-83.1249,-3368.3992
1132.700,-61.6941,-82.9408,-3368.8642
1132.800,-61.2662,-82.7713,-3369.3290
1132.900,-60.8733,-82.6173,-3369.7938
1133.000,-60.5144,-82.4794,-3370.2584
1133.100,-60.1880,-82.3580,-3370.7228
1133.200,-59.8924,-82.2533,-3371.1871
1133.300,-59.6258,-82.1650,-3371.6510
1133.400,-59.3859,-82.0926,-3372.1148
1133.500,-59.1702,-82.0353,-3372.5782
1133.600,-58.9757,-81.9920,-3373.0412
1133.700,-58.7992,-81.9609,-3373.5040
1133.800,-58.6368,-81.9403,-3373.9663
1133.900,-58.4845,-81.9280,-3374.4282
1134.000,-58.3376,-81.9216,-3374.8897
1134.100,-58.1913,-81.9184,-3375.3508
1134.200,-58.0404,-81.9158,-3375.8114
1134.300,-57.8799,-81.9110,-3376.2716
1134.400,-57.7045,-81.9012,-3376.7314
1134.500,-57.5095,-81.8839,-3377.1907
1134.600,-57.2905,-81.8565,-3377.6496
1134.700,-57.0437,-81.8168,-3378.1081
1134.800,-56.7663,-81.7629,-3378.5663
1134.900,-56.4563,-81.6931,-3379.0241
1135.000,-56.1130,-81.6064,-3379.4816
1135.100,-55.7365,-81.5016,-3379.9388
1135.200,-55.3284,-81.3785,-3380.3957
1135.300,-54.8907,-81.2368,-3380.8525
1135.400,-54.4267,-81.0768,-3381.3090
1135.500,-53.9401,-80.8989,-3381.7654
1135.600,-53.4352,-80.7039,-3382.2217
1135.700,-52.9165,-80.4927,-3382.6779
1135.800,-52.3884,-80.2665,-3383.1340
1135.900,-51.8555,-80.0265,-3383.5901
1136.000,-51.3218,-79.7741,-3384.0461
1136.100,-50.7913,-79.5105,-3384.5022
1136.200,-50.2672,-79.2370,-3384.9582
1136.300,-49.7525,-78.9551,-3385.4143
1136.400,-49.2496,-78.6659,-3385.8704
1136.500,-48.7605,-78.3705,-3386.3266
1136.600,-48.2867,-78.0700,-3386.7829
1136.700,-47.8293,-77.7653,-3387.2392
1136.800,-47.3892,-77.4573,-3387.6956
1136.900,-46.9667,-77.1469,-3388.1520
1137.000,-46.5621,-76.8346,-3388.6086
1137.100,-46.1751,-76.5212,-3389.0652
1137.200,-45.8051,-76.2071,-3389.5220
1137.300,-45.4508,-75.8927,-3389.9788
1137.400,-45.1107,-75.5780,-3390.4357
1137.500,-44.7832,-75.2631,-3390.8926
1137.600,-44.4666,-74.9477,-3391.3497
1137.700,-44.1600,-74.6315,-3391.8068
1137.800,-43.8628,-74.3144,-3392.2640
1137.900,-43.5749,-73.9964,-3392.7213
1138.000,-43.2957,-73.6776,-3393.1786
1138.100,-43.0251,-73.3580,-3393.6361
1138.200,-42.7625,-73.0376,-3394.0936
1138.300,-42.5073,-72.7167,-3394.5512
1138.400,-42.2587,-72.3951,-3395.0090
1138.500,-42.0162,-72.0730,-3395.4668
1138.600,-41.7789,-71.7504,-3395.9247
1138.700,-41.5463,-71.4273,-3396.3827
1138.800,-41.3180,-71.1037,-3396.8408
1138.900,-41.0933,-70.7796,-3397.2990
1139.000,-40.8720,-70.4552,-3397.7573
1139.100,-40.6537,-70.1303,-3398.2157
1139.200,-40.4384,-69.8050,-3398.6741
1139.300,-40.2259,-69.4795,-3399.1327
1139.400,-40.0163,-69.1536,-3399.5914
1139.500,-39.8097,-68.8274,-3400.0502
1139.600,-39.6064,-68.5010,-3400.5090
1139.700,-39.4066,-68.1743,-3400.9680
1139.800,-39.2107,-67.8475,-3401.4271
1139.900,-39.0192,-67.5205,-3401.8862
1140.000,-38.8325,-67.1933,-3402.3455
1140.100,-38.6514,-66.8659,-3402.8048
1140.200,-38.4763,-66.5384,-3403.2643
1140.300,-38.3080,-66.2107,-3403.7238
1140.400,-38.1471,-65.8829,-3404.1835
1140.500,-37.9941,-65.5550,-3404.6432
1140.600,-37.8499,-65.2270,-3405.1030
1140.700,-37.7149,-64.8989,-3405.5630
1140.800,-37.5897,-64.5708,-3406.0230
1140.900,-37.4749,-64.2428,-3406.4831
1141.000,-37.3708,-63.9149,-3406.9434
1141.100,-37.2777,-63.5872,-3407.4037
1141.200,-37.1960,-63.2598,-3407.8641
1141.300,-37.1257,-62.9328,-3408.3246
1141.400,-37.0671,-62.6063,-3408.7852
1141.500,-37.0200,-62.2805,-3409.2459
1141.600,-36.9844,-61.9553,-3409.7067
1141.700,-36.9600,-61.6310,-3410.1676
1141.800,-36.9466,-61.3076,-3410.6286
1141.900,-36.9439,-60.9851,-3411.0897
1142.000,-36.9515,-60.6637,-3411.5509
1142.100,-36.9689,-60.3433,-3412.0121
1142.200,-36.9956,-60.0240,-3412.4735
1142.300,-37.0311,-59.7057,-3412.9349
1142.400,-37.0749,-59.3885,-3413.3964
1142.500,-37.1265,-59.0722,-3413.8580
1142.600,-37.1854,-58.7568,-3414.3197
1142.700,-37.2512,-58.4422,-3414.7815
1142.800,-37.3236,-58.1282,-3415.2434
1142.900,-37.4022,-57.8147,-3415.7053
1143.000,-37.4870,-57.5015,-3416.1674
1143.100,-37.5777,-57.1883,-3416.6295
1143.200,-37.6741,-56.8750,-3417.0917
1143.300,-37.7760,-56.5613,-3417.5540
1143.400,-37.8829,-56.2469,-3418.0164
1143.500,-37.9942,-55.9317,-3418.4789
1143.600,-38.1088,-55.6157,-3418.9415
1143.700,-38.2254,-55.2992,-3419.4042
1143.800,-38.3427,-54.9826,-3419.8669
1143.900,-38.4591,-54.6666,-3420.3297
1144.000,-38.5732,-54.3522,-3420.7926
1144.100,-38.6836,-54.0402,-3421.2555
1144.200,-38.7892,-53.7320,-3421.7184
1144.300,-38.8888,-53.4289,-3422.1813
1144.400,-38.9811,-53.1324,-3422.6443
1144.500,-39.0651,-52.8439,-3423.1072
1144.600,-39.1396,-52.5650,-3423.5701
1144.700,-39.2034,-52.2973,-3424.0328
1144.800,-39.2554,-52.0423,-3424.4955
1144.900,-39.2944,-51.8016,-3424.9581
1145.000,-39.3193,-51.5767,-3425.4205
1145.100,-39.3289,-51.3689,-3425.8828
1145.200,-39.3221,-51.1794,-3426.3448
1145.300,-39.2982,-51.0094,-3426.8066
1145.400,-39.2562,-50.8597,-3427.2681
1145.500,-39.1956,-50.7309,-3427.7293
1145.600,-39.1161,-50.6233,-3428.1901
1145.700,-39.0176,-50.5369,-3428.6505
1145.800,-38.9004,-50.4713,-3429.1105
1145.900,-38.7648,-50.4256,-3429.5700
1146.000,-38.6119,-50.3988,-3430.0291
1146.100,-38.4427,-50.3892,-3430.4875
1146.200,-38.2587,-50.3948,-3430.9455
1146.300,-38.0617,-50.4133,-3431.4028
1146.400,-37.8536,-50.4421,-3431.8594
1146.500,-37.6365,-50.4781,-3432.3155
1146.600,-37.4128,-50.5184,-3432.7708
1146.700,-37.1848,-50.5597,-3433.2255
1146.800,-36.9550,-50.5986,-3433.6795
1146.900,-36.7258,-50.6321,-3434.1329
1147.000,-36.4997,-50.6570,-3434.5856
1147.100,-36.2790,-50.6704,-3435.0376
1147.200,-36.0659,-50.6698,-3435.4890
1147.300,-35.8623,-50.6527,-3435.9398
1147.400,-35.6702,-50.6174,-3436.3900
1147.500,-35.4913,-50.5623,-3436.8397
1147.600,-35.3267,-50.4863,-3437.2889
1147.700,-35.1777,-50.3886,-3437.7376
1147.800,-35.0451,-50.2690,-3438.1859
1147.900,-34.9294,-50.1275,-3438.6338
1148.000,-34.8309,-49.9643,-3439.0814
1148.100,-34.7496,-49.7802,-3439.5286
1148.200,-34.6854,-49.5760,-3439.9756
1148.300,-34.6377,-49.3528,-3440.4223
1148.400,-34.6061,-49.1116,-3440.8689
1148.500,-34.5898,-48.8537,-3441.3153
1148.600,-34.5882,-48.5804,-3441.7615
1148.700,-34.6003,-48.2930,-3442.2077
1148.800,-34.6255,-47.9926,-3442.6538
1148.900,-34.6628,-47.6804,-3443.0997
1149.000,-34.7116,-47.3574,-3443.5457
1149.100,-34.7713,-47.0245,-3443.9916
1149.200,-34.8411,-46.6826,-3444.4375
1149.300,-34.9207,-46.3322,-3444.8834
1149.400,-35.0096,-45.9740,-3445.3293
1149.500,-35.1072,-45.6087,-3445.7752
1149.600,-35.2132,-45.2368,-3446.2212
1149.700,-35.3269,-44.8591,-3446.6672
1149.800,-35.4473,-44.4763,-3447.1132
1149.900,-35.5736,-44.0891,-3447.5593
1150.000,-35.7044,-43.6981,-3448.0055
1150.100,-35.8387,-43.3039,-3448.4517
1150.200,-35.9752,-42.9069,-3448.8979
1150.300,-36.1131,-42.5072,-3449.3443
1150.400,-36.2514,-42.1050,-3449.7907
1150.500,-36.3894,-41.7003,-3450.2372
1150.600,-36.5261,-41.2931,-3450.6837
1150.700,-36.6610,-40.8833,-3451.1304
1150.800,-36.7932,-40.4708,-3451.5771
1150.900,-36.9220,-40.0556,-3452.0238
1151.000,-37.0469,-39.6375,-3452.4707
1151.100,-37.1673,-39.2165,-3452.9176
1151.200,-37.2827,-38.7927,-3453.3646
1151.300,-37.3926,-38.3659,-3453.8117
1151.400,-37.4970,-37.9362,-3454.2588
1151.500,-37.5955,-37.5038,-3454.7060
1151.600,-37.6881,-37.0686,-3455.1533
1151.700,-37.7750,-36.6308,-3455.6007
1151.800,-37.8564,-36.1904,-3456.0481
1151.900,-37.9325,-35.7476,-3456.4956
1152.000,-38.0040,-35.3026,-3456.9432
1152.100,-38.0713,-34.8555,-3457.3909
1152.200,-38.1353,-34.4063,-3457.8386
1152.300,-38.1968,-33.9553,-3458.2865
1152.400,-38.2567,-33.5025,-3458.7344
1152.500,-38.3160,-33.0481,-3459.1824
1152.600,-38.3759,-32.5923,-3459.6305
1152.700,-38.4375,-32.1350,-3460.0786
1152.800,-38.5021,-31.6764,-3460.5269
1152.900,-38.5707,-31.2166,-3460.9752
1153.000,-38.6447,-30.7557,-3461.4236
1153.100,-38.7253,-30.2938,-3461.8721
1153.200,-38.8136,-29.8311,-3462.3207
1153.300,-38.9107,-29.3677,-3462.7693
1153.400,-39.0177,-28.9037,-3463.2180
1153.500,-39.1357,-28.4393,-3463.6668
1153.600,-39.2655,-27.9746,-3464.1157
1153.700,-39.4080,-27.5100,-3464.5646
1153.800,-39.5639,-27.0456,-3465.0136
1153.900,-39.7338,-26.5816,-3465.4626
1154.000,-39.9182,-26.1183,-3465.9117
1154.100,-40.1175,-25.6560,-3466.3609
1154.200,-40.3319,-25.1949,-3466.8101
1154.300,-40.5616,-24.7352,-3467.2593
1154.400,-40.8065,-24.2772,-3467.7086
1154.500,-41.0666,-23.8212,-3468.1579
1154.600,-41.3416,-23.3673,-3468.6072
1154.700,-41.6312,-22.9157,-3469.0566
1154.800,-41.9353,-22.4664,-3469.5060
1154.900,-42.2533,-22.0197,-3469.9554
1155.000,-42.5849,-21.5756,-3470.4048
1155.100,-42.9299,-21.1340,-3470.8543
1155.200,-43.2881,-20.6950,-3471.3037
1155.300,-43.6592,-20.2583,-3471.7532
1155.400,-44.0432,-19.8240,-3472.2027
1155.500,-44.4404,-19.3917,-3472.6522
1155.600,-44.8507,-18.9614,-3473.1017
1155.700,-45.2743,-18.5329,-3473.5512
1155.800,-45.7109,-18.1060,-3474.0008
1155.900,-46.1602,-17.6806,-3474.4504
1156.000,-46.6209,-17.2569,-3474.9000
1156.100,-47.0912,-16.8353,-3475.3497
1156.200,-47.5686,-16.4166,-3475.7993
1156.300,-48.0503,-16.0019,-3476.2490
1156.400,-48.5330,-15.5927,-3476.6987
1156.500,-49.0139,-15.1906,-3477.1483
1156.600,-49.4900,-14.7977,-3477.5979
1156.700,-49.9585,-14.4163,-3478.0475
1156.800,-50.4168,-14.0485,-3478.4969
1156.900,-50.8619,-13.6971,-3478.9463
1157.000,-51.2910,-13.3644,-3479.3956
1157.100,-51.7012,-13.0533,-3479.8448
1157.200,-52.0894,-12.7663,-3480.2938
1157.300,-52.4525,-12.5062,-3480.7427
1157.400,-52.7874,-12.2755,-3481.1914
1157.500,-53.0911,-12.0766,-3481.6399
1157.600,-53.3608,-11.9118,-3482.0883
1157.700,-53.5939,-11.7829,-3482.5364
1157.800,-53.7881,-11.6915,-3482.9843
1157.900,-53.9414,-11.6383,-3483.4320
1158.000,-54.0526,-11.6239,-3483.8795
1158.100,-54.1208,-11.6478,-3484.3267
1158.200,-54.1458,-11.7091,-3484.7737
1158.300,-54.1284,-11.8060,-3485.2204
1158.400,-54.0699,-11.9360,-3485.6668
1158.500,-53.9724,-12.0961,-3486.1130
1158.600,-53.8390,-12.2826,-3486.5588
1158.700,-53.6731,-12.4914,-3487.0044
1158.800,-53.4790,-12.7178,-3487.4497
1158.900,-53.2617,-12.9572,-3487.8946
1159.000,-53.0262,-13.2046,-3488.3392
1159.100,-52.7782,-13.4554,-3488.7835
1159.200,-52.5233,-13.7046,-3489.2275
1159.300,-52.2674,-13.9478,-3489.6711
1159.400,-52.0162,-14.1809,-3490.1144
1159.500,-51.7751,-14.4000,-3490.5573
1159.600,-51.5494,-14.6017,-3490.9999
1159.700,-51.3438,-14.7832,-3491.4421
1159.800,-51.1627,-14.9420,-3491.8839
1159.900,-51.0098,-15.0762,-3492.3255
1160.000,-50.8883,-15.1841,-3492.7667
1160.100,-50.8006,-15.2648,-3493.2075
1160.200,-50.7487,-15.3176,-3493.6480
1160.300,-50.7339,-15.3421,-3494.0883
1160.400,-50.7567,-15.3385,-3494.5282
1160.500,-50.8172,-15.3070,-3494.9678
1160.600,-50.9150,-15.2481,-3495.4072
1160.700,-51.0492,-15.1627,-3495.8463
1160.800,-51.2184,-15.0514,-3496.2852
1160.900,-51.4211,-14.9153,-3496.7239
1161.000,-51.6555,-14.7554,-3497.1624
1161.100,-51.9198,-14.5724,-3497.6007
1161.200,-52.2118,-14.3675,-3498.0388
1161.300,-52.5298,-14.1413,-3498.4767
1161.400,-52.8719,-13.8946,-3498.9146
1161.500,-53.2364,-13.6280,-3499.3523
1161.600,-53.6219,-13.3420,-3499.7899
1161.700,-54.0271,-13.0368,-3500.2274
1161.800,-54.4509,-12.7129,-3500.6649
1161.900,-54.8926,-12.3706,-3501.1023
1162.000,-55.3511,-12.0105,-3501.5397
1162.100,-55.8256,-11.6332,-3501.9770
1162.200,-56.3146,-11.2400,-3502.4144
1162.300,-56.8163,-10.8322,-3502.8518
1162.400,-57.3282,-10.4113,-3503.2892
1162.500,-57.8474,-9.9783,-3503.7267
1162.600,-58.3710,-9.5342,-3504.1642
1162.700,-58.8962,-9.0792,-3504.6017
1162.800,-59.4202,-8.6131,-3505.0393
1162.900,-59.9410,-8.1354,-3505.4768
1163.000,-60.4564,-7.6451,-3505.9144
1163.100,-60.9647,-7.1414,-3506.3520
1163.200,-61.4642,-6.6231,-3506.7895
1163.300,-61.9534,-6.0893,-3507.2271
1163.400,-62.4310,-5.5390,-3507.6647
1163.500,-62.8956,-4.9715,-3508.1023
1163.600,-63.3462,-4.3861,-3508.5399
1163.700,-63.7817,-3.7826,-3508.9776
1163.800,-64.2013,-3.1607,-3509.4152
1163.900,-64.6043,-2.5206,-3509.8528
1164.000,-64.9903,-1.8627,-3510.2905
1164.100,-65.3589,-1.1875,-3510.7282
1164.200,-65.7102,-0.4957,-3511.1659
1164.300,-66.0444,0.2117,-3511.6037
1164.400,-66.3623,0.9338,-3512.0415
1164.500,-66.6646,1.6695,-3512.4794
1164.600,-66.9528,2.4180,-3512.9173
1164.700,-67.2283,3.1784,-3513.3552
1164.800,-67.4930,3.9499,-3513.7933
1164.900,-67.7493,4.7322,-3514.2314
1165.000,-67.9996,5.5251,-3514.6695
1165.100,-68.2467,6.3287,-3515.1078
1165.200,-68.4935,7.1435,-3515.5461
1165.300,-68.7433,7.9704,-3515.9845
1165.400,-68.9993,8.8109,-3516.4229
1165.500,-69.2648,9.6664,-3516.8615
1165.600,-69.5432,10.5392,-3517.3001
1165.700,-69.8378,11.4319,-3517.7387
1165.800,-70.1519,12.3472,-3518.1774
1165.900,-70.4885,13.2886,-3518.6162
1166.000,-70.8503,14.2599,-3519.0550
1166.100,-71.2400,15.2653,-3519.4938
1166.200,-71.6597,16.3095,-3519.9326
1166.300,-72.1112,17.3981,-3520.3715
1166.400,-72.5959,18.5368,-3520.8103
1166.500,-73.1148,19.7326,-3521.2492
1166.600,-73.6684,20.9931,-3521.6881
1166.700,-74.2567,22.3274,-3522.1269
1166.800,-74.8796,23.7456,-3522.5657
1166.900,-75.5362,25.2598,-3523.0044
1167.000,-76.2257,26.8842,-3523.4432
1167.100,-76.9469,28.6357,-3523.8819
1167.200,-77.6983,30.5345,-3524.3205
1167.300,-78.4785,32.6048,-3524.7591
1167.400,-79.2859,34.8760,-3525.1977
1167.500,-80.1191,37.3834,-3525.6362
1167.600,-80.9767,40.1697,-3526.0747
1167.700,-81.8575,43.2857,-3526.5131
1167.800,-82.7603,46.7913,-3526.9516
1167.900,-83.6843,50.7549,-3527.3900
1168.000,-84.6286,55.2507,-3527.8284
1168.100,-85.5926,60.3516,-3528.2668
1168.200,-86.5757,66.1154,-3528.7053
1168.300,-87.5767,72.5610,-3529.1438
1168.400,-88.5943,79.6388,-3529.5823
1168.500,-89.6262,87.2051,-3530.0210
1168.600,-90.6693,95.0193,-3530.4596
1168.700,-91.7200,102.7825,-3530.8984
1168.800,-92.7739,110.2046,-3531.3371
1168.900,-93.8268,117.0681,-3531.7759
1169.000,-94.8748,123.2555,-3532.2148
1169.100,-95.9143,128.7398,-3532.6536
1169.200,-96.9418,133.5550,-3533.0924
1169.300,-97.9543,137.7670,-3533.5312
1169.400,-98.9487,141.4525,-3533.9700
1169.500,-99.9220,144.6861,-3534.4088
1169.600,-100.8714,147.5353,-3534.8476
1169.700,-101.7939,150.0580,-3535.2864
1169.800,-102.6868,152.3027,-3535.7252
1169.900,-103.5474,154.3099,-3536.1640
1170.000,-104.3730,156.1127,-3536.6029
1170.100,-105.1612,157.7388,-3537.0418
1170.200,-105.9099,159.2110,-3537.4808
1170.300,-106.6174,160.5486,-3537.9198
1170.400,-107.2822,161.7678,-3538.3589
1170.500,-107.9035,162.8826,-3538.7980
1170.600,-108.4811,163.9052,-3539.2373
1170.700,-109.0152,164.8460,-3539.6767
1170.800,-109.5067,165.7147,-3540.1162
1170.900,-109.9574,166.5198,-3540.5559
1171.000,-110.3695,167.2691,-3540.9957
1171.100,-110.7460,167.9697,-3541.4357
1171.200,-111.0904,168.6279,-3541.8758
1171.300,-111.4066,169.2499,-3542.3161
1171.400,-111.6993,169.8410,-3542.7566
1171.500,-111.9732,170.4060,-3543.1974
1171.600,-112.2333,170.9492,-3543.6383
1171.700,-112.4845,171.4744,-3544.0793
1171.800,-112.7320,171.9847,-3544.5206
1171.900,-112.9806,172.4828,-3544.9621
1172.000,-113.2348,172.9706,-3545.4038
1172.100,-113.4987,173.4497,-3545.8456
1172.200,-113.7761,173.9211,-3546.2876
1172.300,-114.0701,174.3854,-3546.7297
1172.400,-114.3834,174.8429,-3547.1720
1172.500,-114.7178,175.2934,-3547.6143
1172.600,-115.0748,175.7368,-3548.0568
1172.700,-115.4552,176.1727,-3548.4994
1172.800,-115.8590,176.6007,-3548.9421
1172.900,-116.2861,177.0203,-3549.3849
1173.000,-116.7356,177.4314,-3549.8277
1173.100,-117.2063,177.8336,-3550.2705
1173.200,-117.6968,178.2271,-3550.7134
1173.300,-118.2053,178.6120,-3551.1564
1173.400,-118.7299,178.9885,-3551.5993
1173.500,-119.2686,179.3573,-3552.0423
1173.600,-119.8194,179.7188,-3552.4853
1173.700,-120.3803,-179.9260,-3552.9283
1173.800,-120.9495,-179.5762,-3553.3713
1173.900,-121.5252,-179.2308,-3553.8143
1174.000,-122.1058,-178.8884,-3554.2573
1174.100,-122.6900,-178.5477,-3554.7003
1174.200,-123.2769,-178.2070,-3555.1433
1174.300,-123.8654,-177.8646,-3555.5863
1174.400,-124.4550,-177.5183,-3556.0294
1174.500,-125.0453,-177.1660,-3556.4724
1174.600,-125.6360,-176.8055,-3556.9154
1174.700,-126.2271,-176.4350,-3557.3585
1174.800,-126.8186,-176.0534,-3557.8016
1174.900,-127.4104,-175.6606,-3558.2446
1175.000,-128.0027,-175.2576,-3558.6877
1175.100,-128.5954,-174.8464,-3559.1307
1175.200,-129.1885,-174.4294,-3559.5738
1175.300,-129.7816,-174.0092,-3560.0168
1175.400,-130.3739,-173.5877,-3560.4599
1175.500,-130.9646,-173.1669,-3560.9029
1175.600,-131.5524,-172.7479,-3561.3459
1175.700,-132.1361,-172.3318,-3561.7889
1175.800,-132.7144,-171.9192,-3562.2319
1175.900,-133.2859,-171.5106,-3562.6749
1176.000,-133.8492,-171.1064,-3563.1180
1176.100,-134.4032,-170.7067,-3563.5610
1176.200,-134.9467,-170.3117,-3564.0040
1176.300,-135.4785,-169.9212,-3564.4471
1176.400,-135.9977,-169.5354,-3564.8901
1176.500,-136.5035,-169.1542,-3565.3332
1176.600,-136.9952,-168.7773,-3565.7763
1176.700,-137.4722,-168.4048,-3566.2195
1176.800,-137.9341,-168.0364,-3566.6627
1176.900,-138.3809,-167.6719,-3567.1059
1177.000,-138.8125,-167.3112,-3567.5492
1177.100,-139.2292,-166.9540,-3567.9926
1177.200,-139.6314,-166.6001,-3568.4360
1177.300,-140.0198,-166.2491,-3568.8794
1177.400,-140.3953,-165.9009,-3569.3230
1177.500,-140.7589,-165.5552,-3569.7666
1177.600,-141.1116,-165.2115,-3570.2103
1177.700,-141.4549,-164.8697,-3570.6540
1177.800,-141.7900,-164.5295,-3571.0978
1177.900,-142.1182,-164.1905,-3571.5417
1178.000,-142.4411,-163.8525,-3571.9857
1178.100,-142.7600,-163.5154,-3572.4298
1178.200,-143.0762,-163.1789,-3572.8739
1178.300,-143.3908,-162.8429,-3573.3181
1178.400,-143.7050,-162.5073,-3573.7623
1178.500,-144.0198,-162.1722,-3574.2066
1178.600,-144.3360,-161.8376,-3574.6510
1178.700,-144.6543,-161.5037,-3575.0954
1178.800,-144.9752,-161.1707,-3575.5399
1178.900,-145.2992,-160.8390,-3575.9844
1179.000,-145.6264,-160.5089,-3576.4290
1179.100,-145.9570,-160.1809,-3576.8736
1179.200,-146.2911,-159.8556,-3577.3183
1179.300,-146.6285,-159.5335,-3577.7629
1179.400,-146.9692,-159.2151,-3578.2076
1179.500,-147.3129,-158.9013,-3578.6524
1179.600,-147.6595,-158.5925,-3579.0971
1179.700,-148.0086,-158.2896,-3579.5419
1179.800,-148.3601,-157.9931,-3579.9866
1179.900,-148.7138,-157.7037,-3580.4314
1180.000,-149.0694,-157.4220,-3580.8762
1180.100,-149.4268,-157.1486,-3581.3210
1180.200,-149.7859,-156.8842,-3581.7657
1180.300,-150.1468,-156.6293,-3582.2105
1180.400,-150.5094,-156.3845,-3582.6552
1180.500,-150.8739,-156.1504,-3583.0998
1180.600,-151.2406,-155.9276,-3583.5445
1180.700,-151.6097,-155.7167,-3583.9890
1180.800,-151.9817,-155.5182,-3584.4335
1180.900,-152.3570,-155.3325,-3584.8778
1181.000,-152.7358,-155.1596,-3585.3221
1181.100,-153.1185,-154.9991,-3585.7662
1181.200,-153.5050,-154.8501,-3586.2102
1181.300,-153.8951,-154.7114,-3586.6540
1181.400,-154.2884,-154.5816,-3587.0978
1181.500,-154.6845,-154.4595,-3587.5414
1181.600,-155.0828,-154.3442,-3587.9849
1181.700,-155.4826,-154.2351,-3588.4283
1181.800,-155.8835,-154.1317,-3588.8716
1181.900,-156.2847,-154.0337,-3589.3149
1182.000,-156.6856,-153.9408,-3589.7580
1182.100,-157.0856,-153.8529,-3590.2012
1182.200,-157.4841,-153.7695,-3590.6442
1182.300,-157.8805,-153.6906,-3591.0872
1182.400,-158.2743,-153.6156,-3591.5302
1182.500,-158.6648,-153.5445,-3591.9731
1182.600,-159.0516,-153.4767,-3592.4159
1182.700,-159.4341,-153.4121,-3592.8588
1182.800,-159.8119,-153.3504,-3593.3016
1182.900,-160.1845,-153.2912,-3593.7444
1183.000,-160.5515,-153.2342,-3594.1872
1183.100,-160.9125,-153.1793,-3594.6300
1183.200,-161.2672,-153.1261,-3595.0728
1183.300,-161.6152,-153.0745,-3595.5155
1183.400,-161.9563,-153.0243,-3595.9583
1183.500,-162.2903,-152.9752,-3596.4011
1183.600,-162.6168,-152.9272,-3596.8440
1183.700,-162.9359,-152.8801,-3597.2868
1183.800,-163.2472,-152.8338,-3597.7296
1183.900,-163.5508,-152.7882,-3598.1725
1184.000,-163.8465,-152.7432,-3598.6154
1184.100,-164.1344,-152.6989,-3599.0584
1184.200,-164.4142,-152.6551,-3599.5013
1184.300,-164.6861,-152.6117,-3599.9443
1184.400,-164.9501,-152.5688,-3600.3874
1184.500,-165.2063,-152.5261,-3600.8304
1184.600,-165.4546,-152.4836,-3601.2735
1184.700,-165.6952,-152.4413,-3601.7166
1184.800,-165.9283,-152.3988,-3602.1597
1184.900,-166.1539,-152.3559,-3602.6028
1185.000,-166.3723,-152.3126,-3603.0460
1185.100,-166.5837,-152.2683,-3603.4891
1185.200,-166.7884,-152.2229,-3603.9323
1185.300,-166.9866,-152.1760,-3604.3754
1185.400,-167.1786,-152.1271,-3604.8185
1185.500,-167.3647,-152.0759,-3605.2616
1185.600,-167.5453,-152.0218,-3605.7047
1185.700,-167.7208,-151.9644,-3606.1478
1185.800,-167.8914,-151.9032,-3606.5908
1185.900,-168.0576,-151.8377,-3607.0338
1186.000,-168.2196,-151.7675,-3607.4768
1186.100,-168.3779,-151.6919,-3607.9197
1186.200,-168.5326,-151.6106,-3608.3626
1186.300,-168.6840,-151.5230,-3608.8053
1186.400,-168.8324,-151.4288,-3609.2481
1186.500,-168.9778,-151.3273,-3609.6907
1186.600,-169.1203,-151.2183,-3610.1333
1186.700,-169.2597,-151.1012,-3610.5758
1186.800,-169.3960,-150.9755,-3611.0183
1186.900,-169.5286,-150.8407,-3611.4606
1187.000,-169.6571,-150.6964,-3611.9028
1187.100,-169.7808,-150.5422,-3612.3450
1187.200,-169.8988,-150.3777,-3612.7870
1187.300,-170.0106,-150.2031,-3613.2290
1187.400,-170.1154,-150.0187,-3613.6708
1187.500,-170.2128,-149.8254,-3614.1126
1187.600,-170.3026,-149.6240,-3614.5544
1187.700,-170.3852,-149.4155,-3614.9962
1187.800,-170.4610,-149.2007,-3615.4379
1187.900,-170.5306,-148.9803,-3615.8797
1188.000,-170.5949,-148.7545,-3616.3215
1188.100,-170.6548,-148.5239,-3616.7633
1188.200,-170.7114,-148.2887,-3617.2052
1188.300,-170.7656,-148.0492,-3617.6471
1188.400,-170.8185,-147.8059,-3618.0890
1188.500,-170.8710,-147.5591,-3618.5310
1188.600,-170.9241,-147.3092,-3618.9730
1188.700,-170.9787,-147.0566,-3619.4151
1188.800,-171.0356,-146.8018,-3619.8573
1188.900,-171.0956,-146.5451,-3620.2995
1189.000,-171.1594,-146.2870,-3620.7418
1189.100,-171.2275,-146.0278,-3621.1841
1189.200,-171.3004,-145.7680,-3621.6265
1189.300,-171.3785,-145.5078,-3622.0690
1189.400,-171.4618,-145.2476,-3622.5116
1189.500,-171.5505,-144.9876,-3622.9543
1189.600,-171.6442,-144.7281,-3623.3970
1189.700,-171.7427,-144.4693,-3623.8398
1189.800,-171.8453,-144.2112,-3624.2828
1189.900,-171.9512,-143.9540,-3624.7257
1190.000,-172.0596,-143.6976,-3625.1688
1190.100,-172.1692,-143.4421,-3625.6120
1190.200,-172.2788,-143.1874,-3626.0552
1190.300,-172.3871,-142.9333,-3626.4985
1190.400,-172.4926,-142.6799,-3626.9419
1190.500,-172.5938,-142.4268,-3627.3854
1190.600,-172.6893,-142.1740,-3627.8289
1190.700,-172.7776,-141.9214,-3628.2726
1190.800,-172.8575,-141.6687,-3628.7163
1190.900,-172.9277,-141.4159,-3629.1600
1191.000,-172.9873,-141.1630,-3629.6039
1191.100,-173.0354,-140.9099,-3630.0478
1191.200,-173.0714,-140.6567,-3630.4918
1191.300,-173.0949,-140.4035,-3630.9359
1191.400,-173.1058,-140.1505,-3631.3800
1191.500,-173.1042,-139.8979,-3631.8242
1191.600,-173.0902,-139.6461,-3632.2685
1191.700,-173.0646,-139.3954,-3632.7128
1191.800,-173.0278,-139.1462,-3633.1572
1191.900,-172.9809,-138.8991,-3633.6016
1192.000,-172.9248,-138.6545,-3634.0462
1192.100,-172.8606,-138.4128,-3634.4907
1192.200,-172.7893,-138.1748,-3634.9354
1192.300,-172.7123,-137.9409,-3635.3801
1192.400,-172.6307,-137.7117,-3635.8248
1192.500,-172.5456,-137.4876,-3636.2696
1192.600,-172.4582,-137.2694,-3636.7144
1192.700,-172.3694,-137.0574,-3637.1592
1192.800,-172.2802,-136.8522,-3637.6041
1192.900,-172.1914,-136.6545,-3638.0490
1193.000,-172.1037,-136.4647,-3638.4938
1193.100,-172.0174,-136.2836,-3638.9387
1193.200,-171.9330,-136.1117,-3639.3836
1193.300,-171.8504,-135.9498,-3639.8284
1193.400,-171.7697,-135.7983,-3640.2731
1193.500,-171.6903,-135.6576,-3640.7178
1193.600,-171.6116,-135.5275,-3641.1624
1193.700,-171.5328,-135.4075,-3641.6069
1193.800,-171.4531,-135.2968,-3642.0513
1193.900,-171.3715,-135.1943,-3642.4956
1194.000,-171.2877,-135.0990,-3642.9398
1194.100,-171.2016,-135.0099,-3643.3839
1194.200,-171.1135,-134.9265,-3643.8280
1194.300,-171.0238,-134.8482,-3644.2721
1194.400,-170.9332,-134.7746,-3644.7161
1194.500,-170.8426,-134.7053,-3645.1600
1194.600,-170.7527,-134.6401,-3645.6040
1194.700,-170.6642,-134.5785,-3646.0479
1194.800,-170.5779,-134.5202,-3646.4918
1194.900,-170.4943,-134.4649,-3646.9357
1195.000,-170.4139,-134.4123,-3647.3795
1195.100,-170.3372,-134.3621,-3647.8234
1195.200,-170.2645,-134.3141,-3648.2672
1195.300,-170.1961,-134.2678,-3648.7111
1195.400,-170.1320,-134.2231,-3649.1549
1195.500,-170.0723,-134.1798,-3649.5987
1195.600,-170.0169,-134.1376,-3650.0426
1195.700,-169.9656,-134.0963,-3650.4864
1195.800,-169.9181,-134.0558,-3650.9302
1195.900,-169.8740,-134.0159,-3651.3740
1196.000,-169.8326,-133.9765,-3651.8178
1196.100,-169.7935,-133.9375,-3652.2616
1196.200,-169.7558,-133.8987,-3652.7054
1196.300,-169.7190,-133.8602,-3653.1492
1196.400,-169.6820,-133.8219,-3653.5930
1196.500,-169.6442,-133.7837,-3654.0368
1196.600,-169.6046,-133.7455,-3654.4807
1196.700,-169.5624,-133.7073,-3654.9245
1196.800,-169.5168,-133.6692,-3655.3682
1196.900,-169.4672,-133.6309,-3655.8120
1197.000,-169.4127,-133.5926,-3656.2558
1197.100,-169.3527,-133.5540,-3656.6996
1197.200,-169.2868,-133.5152,-3657.1434
1197.300,-169.2146,-133.4761,-3657.5872
1197.400,-169.1356,-133.4364,-3658.0310
1197.500,-169.0497,-133.3961,-3658.4748
1197.600,-168.9568,-133.3551,-3658.9186
1197.700,-168.8568,-133.3130,-3659.3623
1197.800,-168.7499,-133.2698,-3659.8061
1197.900,-168.6362,-133.2251,-3660.2499
1198.000,-168.5160,-133.1786,-3660.6936
1198.100,-168.3894,-133.1301,-3661.1374
1198.200,-168.2570,-133.0792,-3661.5811
1198.300,-168.1190,-133.0256,-3662.0248
1198.400,-167.9758,-132.9690,-3662.4685
1198.500,-167.8277,-132.9088,-3662.9122
1198.600,-167.6751,-132.8449,-3663.3559
1198.700,-167.5182,-132.7768,-3663.7995
1198.800,-167.3572,-132.7040,-3664.2432
1198.900,-167.1921,-132.6263,-3664.6868
1199.000,-167.0229,-132.5432,-3665.1304
1199.100,-166.8493,-132.4543,-3665.5740
1199.200,-166.6710,-132.3591,-3666.0175
1199.300,-166.4870,-132.2572,-3666.4610
1199.400,-166.2966,-132.1481,-3666.9045
1199.500,-166.0984,-132.0313,-3667.3480
1199.600,-165.8910,-131.9064,-3667.7915
1199.700,-165.6728,-131.7729,-3668.2349
1199.800,-165.4425,-131.6308,-3668.6783
